algo,group,input,n,seed,comps,moves,wall_ms,correct,skipped
Bubble,base,all_same,64,42,2016,0,0.0864,True,False
Bubble,base,all_same,64,137,2016,0,0.0814,True,False
Bubble,base,all_same,64,1618,2016,0,0.0812,True,False
Bubble,base,all_same,64,2718,2016,0,0.0799,True,False
Bubble,base,all_same,64,3141,2016,0,0.0797,True,False
Bubble,base,all_same,64,9973,2016,0,0.0787,True,False
Bubble,base,all_same,64,31337,2016,0,0.0793,True,False
Bubble,base,all_same,64,65537,2016,0,0.0785,True,False
Heap,base,all_same,64,42,186,63,0.0154,True,False
Heap,base,all_same,64,137,186,63,0.0152,True,False
Heap,base,all_same,64,1618,186,63,0.0149,True,False
Heap,base,all_same,64,2718,186,63,0.0152,True,False
Heap,base,all_same,64,3141,186,63,0.0151,True,False
Heap,base,all_same,64,9973,186,63,0.0149,True,False
Heap,base,all_same,64,31337,186,63,0.0148,True,False
Heap,base,all_same,64,65537,186,63,0.0147,True,False
Hybrid_Intro,hybrid,all_same,64,42,185,64,0.0176,True,False
Hybrid_Intro,hybrid,all_same,64,137,185,64,0.018,True,False
Hybrid_Intro,hybrid,all_same,64,1618,185,64,0.0169,True,False
Hybrid_Intro,hybrid,all_same,64,2718,185,64,0.0166,True,False
Hybrid_Intro,hybrid,all_same,64,3141,185,64,0.0166,True,False
Hybrid_Intro,hybrid,all_same,64,9973,185,64,0.0173,True,False
Hybrid_Intro,hybrid,all_same,64,31337,185,64,0.0166,True,False
Hybrid_Intro,hybrid,all_same,64,65537,185,64,0.0164,True,False
Hybrid_MI,hybrid,all_same,64,42,124,128,0.02,True,False
Hybrid_MI,hybrid,all_same,64,137,124,128,0.0191,True,False
Hybrid_MI,hybrid,all_same,64,1618,124,128,0.019,True,False
Hybrid_MI,hybrid,all_same,64,2718,124,128,0.0189,True,False
Hybrid_MI,hybrid,all_same,64,3141,124,128,0.0201,True,False
Hybrid_MI,hybrid,all_same,64,9973,124,128,0.0193,True,False
Hybrid_MI,hybrid,all_same,64,31337,124,128,0.0188,True,False
Hybrid_MI,hybrid,all_same,64,65537,124,128,0.0189,True,False
Hybrid_QI,hybrid,all_same,64,42,185,64,0.0163,True,False
Hybrid_QI,hybrid,all_same,64,137,185,64,0.0167,True,False
Hybrid_QI,hybrid,all_same,64,1618,185,64,0.0163,True,False
Hybrid_QI,hybrid,all_same,64,2718,185,64,0.0166,True,False
Hybrid_QI,hybrid,all_same,64,3141,185,64,0.0167,True,False
Hybrid_QI,hybrid,all_same,64,9973,185,64,0.0168,True,False
Hybrid_QI,hybrid,all_same,64,31337,185,64,0.0165,True,False
Hybrid_QI,hybrid,all_same,64,65537,185,64,0.0166,True,False
Hybrid_RI,hybrid,all_same,64,42,0,128,0.0194,True,False
Hybrid_RI,hybrid,all_same,64,137,0,128,0.019,True,False
Hybrid_RI,hybrid,all_same,64,1618,0,128,0.0192,True,False
Hybrid_RI,hybrid,all_same,64,2718,0,128,0.019,True,False
Hybrid_RI,hybrid,all_same,64,3141,0,128,0.0189,True,False
Hybrid_RI,hybrid,all_same,64,9973,0,128,0.0187,True,False
Hybrid_RI,hybrid,all_same,64,31337,0,128,0.0189,True,False
Hybrid_RI,hybrid,all_same,64,65537,0,128,0.0189,True,False
Insertion,base,all_same,64,42,63,0,0.0051,True,False
Insertion,base,all_same,64,137,63,0,0.005,True,False
Insertion,base,all_same,64,1618,63,0,0.0051,True,False
Insertion,base,all_same,64,2718,63,0,0.005,True,False
Insertion,base,all_same,64,3141,63,0,0.005,True,False
Insertion,base,all_same,64,9973,63,0,0.005,True,False
Insertion,base,all_same,64,31337,63,0,0.005,True,False
Insertion,base,all_same,64,65537,63,0,0.0049,True,False
Merge,base,all_same,64,42,192,384,0.0558,True,False
Merge,base,all_same,64,137,192,384,0.0554,True,False
Merge,base,all_same,64,1618,192,384,0.0554,True,False
Merge,base,all_same,64,2718,192,384,0.056,True,False
Merge,base,all_same,64,3141,192,384,0.0554,True,False
Merge,base,all_same,64,9973,192,384,0.0554,True,False
Merge,base,all_same,64,31337,192,384,0.0549,True,False
Merge,base,all_same,64,65537,192,384,0.0547,True,False
Quick,base,all_same,64,42,291,130,0.0292,True,False
Quick,base,all_same,64,137,291,130,0.0293,True,False
Quick,base,all_same,64,1618,291,130,0.0293,True,False
Quick,base,all_same,64,2718,291,130,0.0295,True,False
Quick,base,all_same,64,3141,291,130,0.0296,True,False
Quick,base,all_same,64,9973,291,130,0.0297,True,False
Quick,base,all_same,64,31337,291,130,0.0295,True,False
Quick,base,all_same,64,65537,291,130,0.0291,True,False
Radix,base,all_same,64,42,0,128,0.019,True,False
Radix,base,all_same,64,137,0,128,0.0183,True,False
Radix,base,all_same,64,1618,0,128,0.0182,True,False
Radix,base,all_same,64,2718,0,128,0.0186,True,False
Radix,base,all_same,64,3141,0,128,0.0185,True,False
Radix,base,all_same,64,9973,0,128,0.0183,True,False
Radix,base,all_same,64,31337,0,128,0.0185,True,False
Radix,base,all_same,64,65537,0,128,0.0184,True,False
Selection,base,all_same,64,42,2016,0,0.0698,True,False
Selection,base,all_same,64,137,2016,0,0.0697,True,False
Selection,base,all_same,64,1618,2016,0,0.0714,True,False
Selection,base,all_same,64,2718,2016,0,0.07,True,False
Selection,base,all_same,64,3141,2016,0,0.0701,True,False
Selection,base,all_same,64,9973,2016,0,0.0689,True,False
Selection,base,all_same,64,31337,2016,0,0.0698,True,False
Selection,base,all_same,64,65537,2016,0,0.0684,True,False
T_MHB,triplet,all_same,64,42,186,63,0.0219,True,False
T_MHB,triplet,all_same,64,137,186,63,0.0194,True,False
T_MHB,triplet,all_same,64,1618,186,63,0.0208,True,False
T_MHB,triplet,all_same,64,2718,186,63,0.0197,True,False
T_MHB,triplet,all_same,64,3141,186,63,0.0193,True,False
T_MHB,triplet,all_same,64,9973,186,63,0.0195,True,False
T_MHB,triplet,all_same,64,31337,186,63,0.0205,True,False
T_MHB,triplet,all_same,64,65537,186,63,0.0192,True,False
T_MHI,triplet,all_same,64,42,186,63,0.021,True,False
T_MHI,triplet,all_same,64,137,186,63,0.0194,True,False
T_MHI,triplet,all_same,64,1618,186,63,0.0194,True,False
T_MHI,triplet,all_same,64,2718,186,63,0.0194,True,False
T_MHI,triplet,all_same,64,3141,186,63,0.0191,True,False
T_MHI,triplet,all_same,64,9973,186,63,0.0191,True,False
T_MHI,triplet,all_same,64,31337,186,63,0.0201,True,False
T_MHI,triplet,all_same,64,65537,186,63,0.0208,True,False
T_MHS,triplet,all_same,64,42,186,63,0.0194,True,False
T_MHS,triplet,all_same,64,137,186,63,0.0192,True,False
T_MHS,triplet,all_same,64,1618,186,63,0.0194,True,False
T_MHS,triplet,all_same,64,2718,186,63,0.019,True,False
T_MHS,triplet,all_same,64,3141,186,63,0.0191,True,False
T_MHS,triplet,all_same,64,9973,186,63,0.0193,True,False
T_MHS,triplet,all_same,64,31337,186,63,0.0192,True,False
T_MHS,triplet,all_same,64,65537,186,63,0.0194,True,False
T_MIB,triplet,all_same,64,42,63,0,0.0064,True,False
T_MIB,triplet,all_same,64,137,63,0,0.0063,True,False
T_MIB,triplet,all_same,64,1618,63,0,0.0064,True,False
T_MIB,triplet,all_same,64,2718,63,0,0.0063,True,False
T_MIB,triplet,all_same,64,3141,63,0,0.0063,True,False
T_MIB,triplet,all_same,64,9973,63,0,0.0064,True,False
T_MIB,triplet,all_same,64,31337,63,0,0.0072,True,False
T_MIB,triplet,all_same,64,65537,63,0,0.0066,True,False
T_MII,triplet,all_same,64,42,63,0,0.0065,True,False
T_MII,triplet,all_same,64,137,63,0,0.0067,True,False
T_MII,triplet,all_same,64,1618,63,0,0.0065,True,False
T_MII,triplet,all_same,64,2718,63,0,0.0064,True,False
T_MII,triplet,all_same,64,3141,63,0,0.0064,True,False
T_MII,triplet,all_same,64,9973,63,0,0.0065,True,False
T_MII,triplet,all_same,64,31337,63,0,0.0065,True,False
T_MII,triplet,all_same,64,65537,63,0,0.0063,True,False
T_MIS,triplet,all_same,64,42,63,0,0.0064,True,False
T_MIS,triplet,all_same,64,137,63,0,0.0064,True,False
T_MIS,triplet,all_same,64,1618,63,0,0.0064,True,False
T_MIS,triplet,all_same,64,2718,63,0,0.0063,True,False
T_MIS,triplet,all_same,64,3141,63,0,0.0062,True,False
T_MIS,triplet,all_same,64,9973,63,0,0.0066,True,False
T_MIS,triplet,all_same,64,31337,63,0,0.0064,True,False
T_MIS,triplet,all_same,64,65537,63,0,0.0063,True,False
T_MMB,triplet,all_same,64,42,124,128,0.0186,True,False
T_MMB,triplet,all_same,64,137,124,128,0.019,True,False
T_MMB,triplet,all_same,64,1618,124,128,0.0185,True,False
T_MMB,triplet,all_same,64,2718,124,128,0.0187,True,False
T_MMB,triplet,all_same,64,3141,124,128,0.0189,True,False
T_MMB,triplet,all_same,64,9973,124,128,0.0187,True,False
T_MMB,triplet,all_same,64,31337,124,128,0.0189,True,False
T_MMB,triplet,all_same,64,65537,124,128,0.0187,True,False
T_MMI,triplet,all_same,64,42,124,128,0.0202,True,False
T_MMI,triplet,all_same,64,137,124,128,0.0201,True,False
T_MMI,triplet,all_same,64,1618,124,128,0.0201,True,False
T_MMI,triplet,all_same,64,2718,124,128,0.0203,True,False
T_MMI,triplet,all_same,64,3141,124,128,0.02,True,False
T_MMI,triplet,all_same,64,9973,124,128,0.0195,True,False
T_MMI,triplet,all_same,64,31337,124,128,0.0199,True,False
T_MMI,triplet,all_same,64,65537,124,128,0.0199,True,False
T_MMS,triplet,all_same,64,42,544,128,0.0451,True,False
T_MMS,triplet,all_same,64,137,544,128,0.0451,True,False
T_MMS,triplet,all_same,64,1618,544,128,0.0453,True,False
T_MMS,triplet,all_same,64,2718,544,128,0.0448,True,False
T_MMS,triplet,all_same,64,3141,544,128,0.0451,True,False
T_MMS,triplet,all_same,64,9973,544,128,0.0451,True,False
T_MMS,triplet,all_same,64,31337,544,128,0.0463,True,False
T_MMS,triplet,all_same,64,65537,544,128,0.0454,True,False
T_MQB,triplet,all_same,64,42,185,64,0.017,True,False
T_MQB,triplet,all_same,64,137,185,64,0.0174,True,False
T_MQB,triplet,all_same,64,1618,185,64,0.0175,True,False
T_MQB,triplet,all_same,64,2718,185,64,0.0174,True,False
T_MQB,triplet,all_same,64,3141,185,64,0.0172,True,False
T_MQB,triplet,all_same,64,9973,185,64,0.0168,True,False
T_MQB,triplet,all_same,64,31337,185,64,0.0171,True,False
T_MQB,triplet,all_same,64,65537,185,64,0.0171,True,False
T_MQI,triplet,all_same,64,42,185,64,0.0186,True,False
T_MQI,triplet,all_same,64,137,185,64,0.0187,True,False
T_MQI,triplet,all_same,64,1618,185,64,0.0185,True,False
T_MQI,triplet,all_same,64,2718,185,64,0.0184,True,False
T_MQI,triplet,all_same,64,3141,185,64,0.0183,True,False
T_MQI,triplet,all_same,64,9973,185,64,0.0186,True,False
T_MQI,triplet,all_same,64,31337,185,64,0.0183,True,False
T_MQI,triplet,all_same,64,65537,185,64,0.0182,True,False
T_MQS,triplet,all_same,64,42,563,64,0.0421,True,False
T_MQS,triplet,all_same,64,137,563,64,0.0427,True,False
T_MQS,triplet,all_same,64,1618,563,64,0.0431,True,False
T_MQS,triplet,all_same,64,2718,563,64,0.0423,True,False
T_MQS,triplet,all_same,64,3141,563,64,0.0422,True,False
T_MQS,triplet,all_same,64,9973,563,64,0.0421,True,False
T_MQS,triplet,all_same,64,31337,563,64,0.0419,True,False
T_MQS,triplet,all_same,64,65537,563,64,0.0431,True,False
T_MRB,triplet,all_same,64,42,0,128,0.022,True,False
T_MRB,triplet,all_same,64,137,0,128,0.0213,True,False
T_MRB,triplet,all_same,64,1618,0,128,0.0214,True,False
T_MRB,triplet,all_same,64,2718,0,128,0.0218,True,False
T_MRB,triplet,all_same,64,3141,0,128,0.0211,True,False
T_MRB,triplet,all_same,64,9973,0,128,0.0212,True,False
T_MRB,triplet,all_same,64,31337,0,128,0.0215,True,False
T_MRB,triplet,all_same,64,65537,0,128,0.0214,True,False
T_MRI,triplet,all_same,64,42,0,128,0.0216,True,False
T_MRI,triplet,all_same,64,137,0,128,0.0213,True,False
T_MRI,triplet,all_same,64,1618,0,128,0.021,True,False
T_MRI,triplet,all_same,64,2718,0,128,0.0211,True,False
T_MRI,triplet,all_same,64,3141,0,128,0.021,True,False
T_MRI,triplet,all_same,64,9973,0,128,0.0216,True,False
T_MRI,triplet,all_same,64,31337,0,128,0.0216,True,False
T_MRI,triplet,all_same,64,65537,0,128,0.0214,True,False
T_MRS,triplet,all_same,64,42,0,128,0.022,True,False
T_MRS,triplet,all_same,64,137,0,128,0.0218,True,False
T_MRS,triplet,all_same,64,1618,0,128,0.0219,True,False
T_MRS,triplet,all_same,64,2718,0,128,0.0213,True,False
T_MRS,triplet,all_same,64,3141,0,128,0.0216,True,False
T_MRS,triplet,all_same,64,9973,0,128,0.0272,True,False
T_MRS,triplet,all_same,64,31337,0,128,0.0212,True,False
T_MRS,triplet,all_same,64,65537,0,128,0.0213,True,False
T_MSB,triplet,all_same,64,42,2016,0,0.1127,True,False
T_MSB,triplet,all_same,64,137,2016,0,0.1117,True,False
T_MSB,triplet,all_same,64,1618,2016,0,0.1125,True,False
T_MSB,triplet,all_same,64,2718,2016,0,0.1132,True,False
T_MSB,triplet,all_same,64,3141,2016,0,0.1133,True,False
T_MSB,triplet,all_same,64,9973,2016,0,0.1097,True,False
T_MSB,triplet,all_same,64,31337,2016,0,0.0984,True,False
T_MSB,triplet,all_same,64,65537,2016,0,0.1109,True,False
T_MSI,triplet,all_same,64,42,2016,0,0.1108,True,False
T_MSI,triplet,all_same,64,137,2016,0,0.1105,True,False
T_MSI,triplet,all_same,64,1618,2016,0,0.1096,True,False
T_MSI,triplet,all_same,64,2718,2016,0,0.1151,True,False
T_MSI,triplet,all_same,64,3141,2016,0,0.1122,True,False
T_MSI,triplet,all_same,64,9973,2016,0,0.1125,True,False
T_MSI,triplet,all_same,64,31337,2016,0,0.1097,True,False
T_MSI,triplet,all_same,64,65537,2016,0,0.1101,True,False
T_MSS,triplet,all_same,64,42,2016,0,0.1098,True,False
T_MSS,triplet,all_same,64,137,2016,0,0.1096,True,False
T_MSS,triplet,all_same,64,1618,2016,0,0.1095,True,False
T_MSS,triplet,all_same,64,2718,2016,0,0.1131,True,False
T_MSS,triplet,all_same,64,3141,2016,0,0.1124,True,False
T_MSS,triplet,all_same,64,9973,2016,0,0.1114,True,False
T_MSS,triplet,all_same,64,31337,2016,0,0.112,True,False
T_MSS,triplet,all_same,64,65537,2016,0,0.1115,True,False
T_QHB,triplet,all_same,64,42,186,63,0.0201,True,False
T_QHB,triplet,all_same,64,137,186,63,0.0193,True,False
T_QHB,triplet,all_same,64,1618,186,63,0.0202,True,False
T_QHB,triplet,all_same,64,2718,186,63,0.02,True,False
T_QHB,triplet,all_same,64,3141,186,63,0.0195,True,False
T_QHB,triplet,all_same,64,9973,186,63,0.0196,True,False
T_QHB,triplet,all_same,64,31337,186,63,0.0192,True,False
T_QHB,triplet,all_same,64,65537,186,63,0.0197,True,False
T_QHI,triplet,all_same,64,42,186,63,0.0194,True,False
T_QHI,triplet,all_same,64,137,186,63,0.0192,True,False
T_QHI,triplet,all_same,64,1618,186,63,0.0196,True,False
T_QHI,triplet,all_same,64,2718,186,63,0.0194,True,False
T_QHI,triplet,all_same,64,3141,186,63,0.019,True,False
T_QHI,triplet,all_same,64,9973,186,63,0.0192,True,False
T_QHI,triplet,all_same,64,31337,186,63,0.0193,True,False
T_QHI,triplet,all_same,64,65537,186,63,0.0192,True,False
T_QHS,triplet,all_same,64,42,186,63,0.0199,True,False
T_QHS,triplet,all_same,64,137,186,63,0.0195,True,False
T_QHS,triplet,all_same,64,1618,186,63,0.0195,True,False
T_QHS,triplet,all_same,64,2718,186,63,0.0195,True,False
T_QHS,triplet,all_same,64,3141,186,63,0.0191,True,False
T_QHS,triplet,all_same,64,9973,186,63,0.0191,True,False
T_QHS,triplet,all_same,64,31337,186,63,0.0192,True,False
T_QHS,triplet,all_same,64,65537,186,63,0.0195,True,False
T_QIB,triplet,all_same,64,42,63,0,0.0064,True,False
T_QIB,triplet,all_same,64,137,63,0,0.0064,True,False
T_QIB,triplet,all_same,64,1618,63,0,0.0063,True,False
T_QIB,triplet,all_same,64,2718,63,0,0.0063,True,False
T_QIB,triplet,all_same,64,3141,63,0,0.0064,True,False
T_QIB,triplet,all_same,64,9973,63,0,0.0063,True,False
T_QIB,triplet,all_same,64,31337,63,0,0.0064,True,False
T_QIB,triplet,all_same,64,65537,63,0,0.0064,True,False
T_QII,triplet,all_same,64,42,63,0,0.0063,True,False
T_QII,triplet,all_same,64,137,63,0,0.0062,True,False
T_QII,triplet,all_same,64,1618,63,0,0.0062,True,False
T_QII,triplet,all_same,64,2718,63,0,0.0063,True,False
T_QII,triplet,all_same,64,3141,63,0,0.0062,True,False
T_QII,triplet,all_same,64,9973,63,0,0.0062,True,False
T_QII,triplet,all_same,64,31337,63,0,0.0068,True,False
T_QII,triplet,all_same,64,65537,63,0,0.0064,True,False
T_QIS,triplet,all_same,64,42,63,0,0.0064,True,False
T_QIS,triplet,all_same,64,137,63,0,0.0062,True,False
T_QIS,triplet,all_same,64,1618,63,0,0.0064,True,False
T_QIS,triplet,all_same,64,2718,63,0,0.0063,True,False
T_QIS,triplet,all_same,64,3141,63,0,0.0062,True,False
T_QIS,triplet,all_same,64,9973,63,0,0.0074,True,False
T_QIS,triplet,all_same,64,31337,63,0,0.0064,True,False
T_QIS,triplet,all_same,64,65537,63,0,0.0065,True,False
T_QMB,triplet,all_same,64,42,124,128,0.0189,True,False
T_QMB,triplet,all_same,64,137,124,128,0.0186,True,False
T_QMB,triplet,all_same,64,1618,124,128,0.0185,True,False
T_QMB,triplet,all_same,64,2718,124,128,0.0188,True,False
T_QMB,triplet,all_same,64,3141,124,128,0.0186,True,False
T_QMB,triplet,all_same,64,9973,124,128,0.0187,True,False
T_QMB,triplet,all_same,64,31337,124,128,0.0186,True,False
T_QMB,triplet,all_same,64,65537,124,128,0.0184,True,False
T_QMI,triplet,all_same,64,42,124,128,0.0202,True,False
T_QMI,triplet,all_same,64,137,124,128,0.0203,True,False
T_QMI,triplet,all_same,64,1618,124,128,0.0202,True,False
T_QMI,triplet,all_same,64,2718,124,128,0.0201,True,False
T_QMI,triplet,all_same,64,3141,124,128,0.0203,True,False
T_QMI,triplet,all_same,64,9973,124,128,0.02,True,False
T_QMI,triplet,all_same,64,31337,124,128,0.0203,True,False
T_QMI,triplet,all_same,64,65537,124,128,0.0201,True,False
T_QMS,triplet,all_same,64,42,544,128,0.0456,True,False
T_QMS,triplet,all_same,64,137,544,128,0.0453,True,False
T_QMS,triplet,all_same,64,1618,544,128,0.0457,True,False
T_QMS,triplet,all_same,64,2718,544,128,0.0457,True,False
T_QMS,triplet,all_same,64,3141,544,128,0.0458,True,False
T_QMS,triplet,all_same,64,9973,544,128,0.0456,True,False
T_QMS,triplet,all_same,64,31337,544,128,0.0458,True,False
T_QMS,triplet,all_same,64,65537,544,128,0.0457,True,False
T_QQB,triplet,all_same,64,42,185,64,0.0173,True,False
T_QQB,triplet,all_same,64,137,185,64,0.0173,True,False
T_QQB,triplet,all_same,64,1618,185,64,0.0176,True,False
T_QQB,triplet,all_same,64,2718,185,64,0.0175,True,False
T_QQB,triplet,all_same,64,3141,185,64,0.0174,True,False
T_QQB,triplet,all_same,64,9973,185,64,0.0171,True,False
T_QQB,triplet,all_same,64,31337,185,64,0.0173,True,False
T_QQB,triplet,all_same,64,65537,185,64,0.0172,True,False
T_QQI,triplet,all_same,64,42,185,64,0.019,True,False
T_QQI,triplet,all_same,64,137,185,64,0.0189,True,False
T_QQI,triplet,all_same,64,1618,185,64,0.0187,True,False
T_QQI,triplet,all_same,64,2718,185,64,0.0186,True,False
T_QQI,triplet,all_same,64,3141,185,64,0.0186,True,False
T_QQI,triplet,all_same,64,9973,185,64,0.0184,True,False
T_QQI,triplet,all_same,64,31337,185,64,0.0185,True,False
T_QQI,triplet,all_same,64,65537,185,64,0.0185,True,False
T_QQS,triplet,all_same,64,42,563,64,0.0417,True,False
T_QQS,triplet,all_same,64,137,563,64,0.0426,True,False
T_QQS,triplet,all_same,64,1618,563,64,0.0423,True,False
T_QQS,triplet,all_same,64,2718,563,64,0.0459,True,False
T_QQS,triplet,all_same,64,3141,563,64,0.0421,True,False
T_QQS,triplet,all_same,64,9973,563,64,0.0423,True,False
T_QQS,triplet,all_same,64,31337,563,64,0.042,True,False
T_QQS,triplet,all_same,64,65537,563,64,0.0424,True,False
T_QRB,triplet,all_same,64,42,0,128,0.0217,True,False
T_QRB,triplet,all_same,64,137,0,128,0.021,True,False
T_QRB,triplet,all_same,64,1618,0,128,0.0214,True,False
T_QRB,triplet,all_same,64,2718,0,128,0.0208,True,False
T_QRB,triplet,all_same,64,3141,0,128,0.0212,True,False
T_QRB,triplet,all_same,64,9973,0,128,0.0212,True,False
T_QRB,triplet,all_same,64,31337,0,128,0.0208,True,False
T_QRB,triplet,all_same,64,65537,0,128,0.0208,True,False
T_QRI,triplet,all_same,64,42,0,128,0.0214,True,False
T_QRI,triplet,all_same,64,137,0,128,0.0213,True,False
T_QRI,triplet,all_same,64,1618,0,128,0.0209,True,False
T_QRI,triplet,all_same,64,2718,0,128,0.0208,True,False
T_QRI,triplet,all_same,64,3141,0,128,0.0208,True,False
T_QRI,triplet,all_same,64,9973,0,128,0.0209,True,False
T_QRI,triplet,all_same,64,31337,0,128,0.0209,True,False
T_QRI,triplet,all_same,64,65537,0,128,0.021,True,False
T_QRS,triplet,all_same,64,42,0,128,0.0212,True,False
T_QRS,triplet,all_same,64,137,0,128,0.0213,True,False
T_QRS,triplet,all_same,64,1618,0,128,0.0211,True,False
T_QRS,triplet,all_same,64,2718,0,128,0.021,True,False
T_QRS,triplet,all_same,64,3141,0,128,0.021,True,False
T_QRS,triplet,all_same,64,9973,0,128,0.0209,True,False
T_QRS,triplet,all_same,64,31337,0,128,0.0211,True,False
T_QRS,triplet,all_same,64,65537,0,128,0.0208,True,False
T_QSB,triplet,all_same,64,42,2016,0,0.111,True,False
T_QSB,triplet,all_same,64,137,2016,0,0.1125,True,False
T_QSB,triplet,all_same,64,1618,2016,0,0.1136,True,False
T_QSB,triplet,all_same,64,2718,2016,0,0.1116,True,False
T_QSB,triplet,all_same,64,3141,2016,0,0.1103,True,False
T_QSB,triplet,all_same,64,9973,2016,0,0.112,True,False
T_QSB,triplet,all_same,64,31337,2016,0,0.1119,True,False
T_QSB,triplet,all_same,64,65537,2016,0,0.1126,True,False
T_QSI,triplet,all_same,64,42,2016,0,0.1119,True,False
T_QSI,triplet,all_same,64,137,2016,0,0.1122,True,False
T_QSI,triplet,all_same,64,1618,2016,0,0.1101,True,False
T_QSI,triplet,all_same,64,2718,2016,0,0.1099,True,False
T_QSI,triplet,all_same,64,3141,2016,0,0.1111,True,False
T_QSI,triplet,all_same,64,9973,2016,0,0.1111,True,False
T_QSI,triplet,all_same,64,31337,2016,0,0.1103,True,False
T_QSI,triplet,all_same,64,65537,2016,0,0.1111,True,False
T_QSS,triplet,all_same,64,42,2016,0,0.1131,True,False
T_QSS,triplet,all_same,64,137,2016,0,0.1117,True,False
T_QSS,triplet,all_same,64,1618,2016,0,0.1122,True,False
T_QSS,triplet,all_same,64,2718,2016,0,0.1134,True,False
T_QSS,triplet,all_same,64,3141,2016,0,0.1043,True,False
T_QSS,triplet,all_same,64,9973,2016,0,0.1106,True,False
T_QSS,triplet,all_same,64,31337,2016,0,0.1113,True,False
T_QSS,triplet,all_same,64,65537,2016,0,0.1048,True,False
TimCustom,base,all_same,64,42,94,64,0.0118,True,False
TimCustom,base,all_same,64,137,94,64,0.011,True,False
TimCustom,base,all_same,64,1618,94,64,0.011,True,False
TimCustom,base,all_same,64,2718,94,64,0.0108,True,False
TimCustom,base,all_same,64,3141,94,64,0.0109,True,False
TimCustom,base,all_same,64,9973,94,64,0.0109,True,False
TimCustom,base,all_same,64,31337,94,64,0.0108,True,False
TimCustom,base,all_same,64,65537,94,64,0.0122,True,False
Bubble,base,few_unique,64,42,2016,770,0.1079,True,False
Bubble,base,few_unique,64,137,2016,784,0.1088,True,False
Bubble,base,few_unique,64,1618,2016,859,0.1193,True,False
Bubble,base,few_unique,64,2718,2016,627,0.1122,True,False
Bubble,base,few_unique,64,3141,2016,672,0.1225,True,False
Bubble,base,few_unique,64,9973,2016,732,0.1218,True,False
Bubble,base,few_unique,64,31337,2016,878,0.1272,True,False
Bubble,base,few_unique,64,65537,2016,776,0.1204,True,False
Heap,base,few_unique,64,42,519,275,0.0446,True,False
Heap,base,few_unique,64,137,537,281,0.0458,True,False
Heap,base,few_unique,64,1618,524,276,0.0448,True,False
Heap,base,few_unique,64,2718,518,271,0.0443,True,False
Heap,base,few_unique,64,3141,539,286,0.0461,True,False
Heap,base,few_unique,64,9973,528,285,0.0454,True,False
Heap,base,few_unique,64,31337,531,278,0.045,True,False
Heap,base,few_unique,64,65537,517,271,0.0435,True,False
Hybrid_Intro,hybrid,few_unique,64,42,280,56,0.0251,True,False
Hybrid_Intro,hybrid,few_unique,64,137,279,54,0.0246,True,False
Hybrid_Intro,hybrid,few_unique,64,1618,290,62,0.0257,True,False
Hybrid_Intro,hybrid,few_unique,64,2718,295,58,0.0254,True,False
Hybrid_Intro,hybrid,few_unique,64,3141,315,52,0.0264,True,False
Hybrid_Intro,hybrid,few_unique,64,9973,297,51,0.026,True,False
Hybrid_Intro,hybrid,few_unique,64,31337,325,52,0.0272,True,False
Hybrid_Intro,hybrid,few_unique,64,65537,284,60,0.0245,True,False
Hybrid_MI,hybrid,few_unique,64,42,373,172,0.038,True,False
Hybrid_MI,hybrid,few_unique,64,137,319,168,0.0338,True,False
Hybrid_MI,hybrid,few_unique,64,1618,345,166,0.0357,True,False
Hybrid_MI,hybrid,few_unique,64,2718,347,174,0.0359,True,False
Hybrid_MI,hybrid,few_unique,64,3141,329,167,0.0348,True,False
Hybrid_MI,hybrid,few_unique,64,9973,367,169,0.0379,True,False
Hybrid_MI,hybrid,few_unique,64,31337,346,171,0.0365,True,False
Hybrid_MI,hybrid,few_unique,64,65537,383,176,0.0389,True,False
Hybrid_QI,hybrid,few_unique,64,42,280,56,0.0244,True,False
Hybrid_QI,hybrid,few_unique,64,137,279,54,0.0241,True,False
Hybrid_QI,hybrid,few_unique,64,1618,290,62,0.0253,True,False
Hybrid_QI,hybrid,few_unique,64,2718,295,58,0.0254,True,False
Hybrid_QI,hybrid,few_unique,64,3141,315,52,0.0261,True,False
Hybrid_QI,hybrid,few_unique,64,9973,297,51,0.0252,True,False
Hybrid_QI,hybrid,few_unique,64,31337,325,52,0.0276,True,False
Hybrid_QI,hybrid,few_unique,64,65537,284,60,0.0249,True,False
Hybrid_RI,hybrid,few_unique,64,42,0,64,0.011,True,False
Hybrid_RI,hybrid,few_unique,64,137,0,64,0.0105,True,False
Hybrid_RI,hybrid,few_unique,64,1618,0,64,0.0104,True,False
Hybrid_RI,hybrid,few_unique,64,2718,0,64,0.0105,True,False
Hybrid_RI,hybrid,few_unique,64,3141,0,64,0.0104,True,False
Hybrid_RI,hybrid,few_unique,64,9973,0,64,0.0104,True,False
Hybrid_RI,hybrid,few_unique,64,31337,0,64,0.0104,True,False
Hybrid_RI,hybrid,few_unique,64,65537,0,64,0.0104,True,False
Insertion,base,few_unique,64,42,833,819,0.059,True,False
Insertion,base,few_unique,64,137,847,828,0.0607,True,False
Insertion,base,few_unique,64,1618,922,905,0.0653,True,False
Insertion,base,few_unique,64,2718,689,681,0.0489,True,False
Insertion,base,few_unique,64,3141,733,723,0.0526,True,False
Insertion,base,few_unique,64,9973,792,780,0.0554,True,False
Insertion,base,few_unique,64,31337,939,932,0.0662,True,False
Insertion,base,few_unique,64,65537,838,830,0.059,True,False
Merge,base,few_unique,64,42,298,384,0.0623,True,False
Merge,base,few_unique,64,137,285,384,0.0544,True,False
Merge,base,few_unique,64,1618,283,384,0.0542,True,False
Merge,base,few_unique,64,2718,303,384,0.0549,True,False
Merge,base,few_unique,64,3141,291,384,0.0548,True,False
Merge,base,few_unique,64,9973,288,384,0.0546,True,False
Merge,base,few_unique,64,31337,299,384,0.0549,True,False
Merge,base,few_unique,64,65537,300,384,0.0551,True,False
Quick,base,few_unique,64,42,327,106,0.0293,True,False
Quick,base,few_unique,64,137,308,117,0.029,True,False
Quick,base,few_unique,64,1618,317,123,0.0294,True,False
Quick,base,few_unique,64,2718,331,113,0.03,True,False
Quick,base,few_unique,64,3141,347,111,0.0311,True,False
Quick,base,few_unique,64,9973,311,115,0.0287,True,False
Quick,base,few_unique,64,31337,336,105,0.031,True,False
Quick,base,few_unique,64,65537,327,114,0.0301,True,False
Radix,base,few_unique,64,42,0,64,0.0091,True,False
Radix,base,few_unique,64,137,0,64,0.0088,True,False
Radix,base,few_unique,64,1618,0,64,0.0088,True,False
Radix,base,few_unique,64,2718,0,64,0.0088,True,False
Radix,base,few_unique,64,3141,0,64,0.0089,True,False
Radix,base,few_unique,64,9973,0,64,0.0087,True,False
Radix,base,few_unique,64,31337,0,64,0.0091,True,False
Radix,base,few_unique,64,65537,0,64,0.0087,True,False
Selection,base,few_unique,64,42,2016,49,0.0703,True,False
Selection,base,few_unique,64,137,2016,47,0.0688,True,False
Selection,base,few_unique,64,1618,2016,45,0.0702,True,False
Selection,base,few_unique,64,2718,2016,54,0.072,True,False
Selection,base,few_unique,64,3141,2016,52,0.0706,True,False
Selection,base,few_unique,64,9973,2016,49,0.0696,True,False
Selection,base,few_unique,64,31337,2016,54,0.0712,True,False
Selection,base,few_unique,64,65537,2016,55,0.0705,True,False
T_MHB,triplet,few_unique,64,42,519,275,0.0494,True,False
T_MHB,triplet,few_unique,64,137,537,281,0.0528,True,False
T_MHB,triplet,few_unique,64,1618,524,276,0.0514,True,False
T_MHB,triplet,few_unique,64,2718,518,271,0.0494,True,False
T_MHB,triplet,few_unique,64,3141,539,286,0.0506,True,False
T_MHB,triplet,few_unique,64,9973,528,285,0.0517,True,False
T_MHB,triplet,few_unique,64,31337,531,278,0.0506,True,False
T_MHB,triplet,few_unique,64,65537,517,271,0.0654,True,False
T_MHI,triplet,few_unique,64,42,519,275,0.0504,True,False
T_MHI,triplet,few_unique,64,137,537,281,0.0512,True,False
T_MHI,triplet,few_unique,64,1618,524,276,0.0504,True,False
T_MHI,triplet,few_unique,64,2718,518,271,0.0497,True,False
T_MHI,triplet,few_unique,64,3141,539,286,0.0517,True,False
T_MHI,triplet,few_unique,64,9973,528,285,0.0516,True,False
T_MHI,triplet,few_unique,64,31337,531,278,0.0518,True,False
T_MHI,triplet,few_unique,64,65537,517,271,0.0494,True,False
T_MHS,triplet,few_unique,64,42,519,275,0.0495,True,False
T_MHS,triplet,few_unique,64,137,537,281,0.0513,True,False
T_MHS,triplet,few_unique,64,1618,524,276,0.0503,True,False
T_MHS,triplet,few_unique,64,2718,518,271,0.055,True,False
T_MHS,triplet,few_unique,64,3141,539,286,0.0515,True,False
T_MHS,triplet,few_unique,64,9973,528,285,0.0511,True,False
T_MHS,triplet,few_unique,64,31337,531,278,0.0507,True,False
T_MHS,triplet,few_unique,64,65537,517,271,0.0497,True,False
T_MIB,triplet,few_unique,64,42,833,770,0.0759,True,False
T_MIB,triplet,few_unique,64,137,847,784,0.0766,True,False
T_MIB,triplet,few_unique,64,1618,922,859,0.0844,True,False
T_MIB,triplet,few_unique,64,2718,689,627,0.0625,True,False
T_MIB,triplet,few_unique,64,3141,733,672,0.0666,True,False
T_MIB,triplet,few_unique,64,9973,792,732,0.0809,True,False
T_MIB,triplet,few_unique,64,31337,939,878,0.086,True,False
T_MIB,triplet,few_unique,64,65537,838,776,0.0762,True,False
T_MII,triplet,few_unique,64,42,833,770,0.0763,True,False
T_MII,triplet,few_unique,64,137,847,784,0.0773,True,False
T_MII,triplet,few_unique,64,1618,922,859,0.0853,True,False
T_MII,triplet,few_unique,64,2718,689,627,0.0628,True,False
T_MII,triplet,few_unique,64,3141,733,672,0.0677,True,False
T_MII,triplet,few_unique,64,9973,792,732,0.0723,True,False
T_MII,triplet,few_unique,64,31337,939,878,0.0861,True,False
T_MII,triplet,few_unique,64,65537,838,776,0.0769,True,False
T_MIS,triplet,few_unique,64,42,833,770,0.0744,True,False
T_MIS,triplet,few_unique,64,137,847,784,0.0766,True,False
T_MIS,triplet,few_unique,64,1618,922,859,0.0831,True,False
T_MIS,triplet,few_unique,64,2718,689,627,0.0624,True,False
T_MIS,triplet,few_unique,64,3141,733,672,0.0664,True,False
T_MIS,triplet,few_unique,64,9973,792,732,0.0731,True,False
T_MIS,triplet,few_unique,64,31337,939,878,0.0859,True,False
T_MIS,triplet,few_unique,64,65537,838,776,0.0771,True,False
T_MMB,triplet,few_unique,64,42,532,328,0.0529,True,False
T_MMB,triplet,few_unique,64,137,496,280,0.0488,True,False
T_MMB,triplet,few_unique,64,1618,523,306,0.052,True,False
T_MMB,triplet,few_unique,64,2718,498,301,0.0497,True,False
T_MMB,triplet,few_unique,64,3141,519,290,0.0506,True,False
T_MMB,triplet,few_unique,64,9973,556,330,0.055,True,False
T_MMB,triplet,few_unique,64,31337,550,298,0.0531,True,False
T_MMB,triplet,few_unique,64,65537,567,340,0.0568,True,False
T_MMI,triplet,few_unique,64,42,373,328,0.039,True,False
T_MMI,triplet,few_unique,64,137,319,280,0.0353,True,False
T_MMI,triplet,few_unique,64,1618,345,306,0.0712,True,False
T_MMI,triplet,few_unique,64,2718,347,301,0.0514,True,False
T_MMI,triplet,few_unique,64,3141,329,290,0.0504,True,False
T_MMI,triplet,few_unique,64,9973,367,330,0.0392,True,False
T_MMI,triplet,few_unique,64,31337,346,298,0.0359,True,False
T_MMI,triplet,few_unique,64,65537,383,340,0.0393,True,False
T_MMS,triplet,few_unique,64,42,595,171,0.0469,True,False
T_MMS,triplet,few_unique,64,137,591,170,0.0474,True,False
T_MMS,triplet,few_unique,64,1618,592,164,0.0469,True,False
T_MMS,triplet,few_unique,64,2718,600,177,0.0482,True,False
T_MMS,triplet,few_unique,64,3141,591,162,0.0464,True,False
T_MMS,triplet,few_unique,64,9973,591,171,0.0473,True,False
T_MMS,triplet,few_unique,64,31337,600,177,0.0483,True,False
T_MMS,triplet,few_unique,64,65537,596,172,0.049,True,False
T_MQB,triplet,few_unique,64,42,403,88,0.0339,True,False
T_MQB,triplet,few_unique,64,137,344,128,0.0314,True,False
T_MQB,triplet,few_unique,64,1618,342,120,0.0302,True,False
T_MQB,triplet,few_unique,64,2718,391,111,0.0326,True,False
T_MQB,triplet,few_unique,64,3141,389,111,0.032,True,False
T_MQB,triplet,few_unique,64,9973,381,136,0.033,True,False
T_MQB,triplet,few_unique,64,31337,405,123,0.0344,True,False
T_MQB,triplet,few_unique,64,65537,369,104,0.0306,True,False
T_MQI,triplet,few_unique,64,42,280,88,0.0242,True,False
T_MQI,triplet,few_unique,64,137,279,128,0.0245,True,False
T_MQI,triplet,few_unique,64,1618,290,120,0.0261,True,False
T_MQI,triplet,few_unique,64,2718,295,111,0.0251,True,False
T_MQI,triplet,few_unique,64,3141,315,111,0.0263,True,False
T_MQI,triplet,few_unique,64,9973,297,136,0.0263,True,False
T_MQI,triplet,few_unique,64,31337,325,123,0.0276,True,False
T_MQI,triplet,few_unique,64,65537,284,104,0.0242,True,False
T_MQS,triplet,few_unique,64,42,477,66,0.0357,True,False
T_MQS,triplet,few_unique,64,137,497,82,0.0374,True,False
T_MQS,triplet,few_unique,64,1618,455,82,0.0356,True,False
T_MQS,triplet,few_unique,64,2718,467,74,0.0357,True,False
T_MQS,triplet,few_unique,64,3141,509,65,0.0371,True,False
T_MQS,triplet,few_unique,64,9973,507,75,0.0371,True,False
T_MQS,triplet,few_unique,64,31337,490,76,0.037,True,False
T_MQS,triplet,few_unique,64,65537,464,74,0.035,True,False
T_MRB,triplet,few_unique,64,42,0,64,0.0106,True,False
T_MRB,triplet,few_unique,64,137,0,64,0.0104,True,False
T_MRB,triplet,few_unique,64,1618,0,64,0.0106,True,False
T_MRB,triplet,few_unique,64,2718,0,64,0.0106,True,False
T_MRB,triplet,few_unique,64,3141,0,64,0.0103,True,False
T_MRB,triplet,few_unique,64,9973,0,64,0.0106,True,False
T_MRB,triplet,few_unique,64,31337,0,64,0.0105,True,False
T_MRB,triplet,few_unique,64,65537,0,64,0.0104,True,False
T_MRI,triplet,few_unique,64,42,0,64,0.0104,True,False
T_MRI,triplet,few_unique,64,137,0,64,0.0103,True,False
T_MRI,triplet,few_unique,64,1618,0,64,0.0105,True,False
T_MRI,triplet,few_unique,64,2718,0,64,0.0105,True,False
T_MRI,triplet,few_unique,64,3141,0,64,0.0105,True,False
T_MRI,triplet,few_unique,64,9973,0,64,0.0106,True,False
T_MRI,triplet,few_unique,64,31337,0,64,0.0106,True,False
T_MRI,triplet,few_unique,64,65537,0,64,0.0104,True,False
T_MRS,triplet,few_unique,64,42,0,64,0.0106,True,False
T_MRS,triplet,few_unique,64,137,0,64,0.0105,True,False
T_MRS,triplet,few_unique,64,1618,0,64,0.0106,True,False
T_MRS,triplet,few_unique,64,2718,0,64,0.0107,True,False
T_MRS,triplet,few_unique,64,3141,0,64,0.0107,True,False
T_MRS,triplet,few_unique,64,9973,0,64,0.0106,True,False
T_MRS,triplet,few_unique,64,31337,0,64,0.0109,True,False
T_MRS,triplet,few_unique,64,65537,0,64,0.0104,True,False
T_MSB,triplet,few_unique,64,42,2016,49,0.1063,True,False
T_MSB,triplet,few_unique,64,137,2016,47,0.1044,True,False
T_MSB,triplet,few_unique,64,1618,2016,45,0.1051,True,False
T_MSB,triplet,few_unique,64,2718,2016,54,0.1059,True,False
T_MSB,triplet,few_unique,64,3141,2016,52,0.1065,True,False
T_MSB,triplet,few_unique,64,9973,2016,49,0.1059,True,False
T_MSB,triplet,few_unique,64,31337,2016,54,0.1062,True,False
T_MSB,triplet,few_unique,64,65537,2016,55,0.1056,True,False
T_MSI,triplet,few_unique,64,42,2016,49,0.1053,True,False
T_MSI,triplet,few_unique,64,137,2016,47,0.1047,True,False
T_MSI,triplet,few_unique,64,1618,2016,45,0.1053,True,False
T_MSI,triplet,few_unique,64,2718,2016,54,0.1062,True,False
T_MSI,triplet,few_unique,64,3141,2016,52,0.1054,True,False
T_MSI,triplet,few_unique,64,9973,2016,49,0.1043,True,False
T_MSI,triplet,few_unique,64,31337,2016,54,0.106,True,False
T_MSI,triplet,few_unique,64,65537,2016,55,0.1047,True,False
T_MSS,triplet,few_unique,64,42,2016,49,0.1075,True,False
T_MSS,triplet,few_unique,64,137,2016,47,0.1291,True,False
T_MSS,triplet,few_unique,64,1618,2016,45,0.1071,True,False
T_MSS,triplet,few_unique,64,2718,2016,54,0.1091,True,False
T_MSS,triplet,few_unique,64,3141,2016,52,0.1135,True,False
T_MSS,triplet,few_unique,64,9973,2016,49,0.1111,True,False
T_MSS,triplet,few_unique,64,31337,2016,54,0.1141,True,False
T_MSS,triplet,few_unique,64,65537,2016,55,0.1175,True,False
T_QHB,triplet,few_unique,64,42,519,275,0.0568,True,False
T_QHB,triplet,few_unique,64,137,537,281,0.0573,True,False
T_QHB,triplet,few_unique,64,1618,524,276,0.056,True,False
T_QHB,triplet,few_unique,64,2718,518,271,0.0549,True,False
T_QHB,triplet,few_unique,64,3141,539,286,0.0573,True,False
T_QHB,triplet,few_unique,64,9973,528,285,0.0567,True,False
T_QHB,triplet,few_unique,64,31337,531,278,0.0577,True,False
T_QHB,triplet,few_unique,64,65537,517,271,0.0551,True,False
T_QHI,triplet,few_unique,64,42,519,275,0.056,True,False
T_QHI,triplet,few_unique,64,137,537,281,0.0574,True,False
T_QHI,triplet,few_unique,64,1618,524,276,0.0562,True,False
T_QHI,triplet,few_unique,64,2718,518,271,0.0552,True,False
T_QHI,triplet,few_unique,64,3141,539,286,0.0578,True,False
T_QHI,triplet,few_unique,64,9973,528,285,0.0572,True,False
T_QHI,triplet,few_unique,64,31337,531,278,0.0567,True,False
T_QHI,triplet,few_unique,64,65537,517,271,0.0559,True,False
T_QHS,triplet,few_unique,64,42,519,275,0.0558,True,False
T_QHS,triplet,few_unique,64,137,537,281,0.0539,True,False
T_QHS,triplet,few_unique,64,1618,524,276,0.0497,True,False
T_QHS,triplet,few_unique,64,2718,518,271,0.0547,True,False
T_QHS,triplet,few_unique,64,3141,539,286,0.0511,True,False
T_QHS,triplet,few_unique,64,9973,528,285,0.0506,True,False
T_QHS,triplet,few_unique,64,31337,531,278,0.0501,True,False
T_QHS,triplet,few_unique,64,65537,517,271,0.0487,True,False
T_QIB,triplet,few_unique,64,42,833,770,0.0746,True,False
T_QIB,triplet,few_unique,64,137,847,784,0.0761,True,False
T_QIB,triplet,few_unique,64,1618,922,859,0.0824,True,False
T_QIB,triplet,few_unique,64,2718,689,627,0.0696,True,False
T_QIB,triplet,few_unique,64,3141,733,672,0.0718,True,False
T_QIB,triplet,few_unique,64,9973,792,732,0.0805,True,False
T_QIB,triplet,few_unique,64,31337,939,878,0.0966,True,False
T_QIB,triplet,few_unique,64,65537,838,776,0.0847,True,False
T_QII,triplet,few_unique,64,42,833,770,0.0841,True,False
T_QII,triplet,few_unique,64,137,847,784,0.0851,True,False
T_QII,triplet,few_unique,64,1618,922,859,0.0923,True,False
T_QII,triplet,few_unique,64,2718,689,627,0.0693,True,False
T_QII,triplet,few_unique,64,3141,733,672,0.0748,True,False
T_QII,triplet,few_unique,64,9973,792,732,0.0803,True,False
T_QII,triplet,few_unique,64,31337,939,878,0.0946,True,False
T_QII,triplet,few_unique,64,65537,838,776,0.0846,True,False
T_QIS,triplet,few_unique,64,42,833,770,0.0839,True,False
T_QIS,triplet,few_unique,64,137,847,784,0.0853,True,False
T_QIS,triplet,few_unique,64,1618,922,859,0.1241,True,False
T_QIS,triplet,few_unique,64,2718,689,627,0.0686,True,False
T_QIS,triplet,few_unique,64,3141,733,672,0.0736,True,False
T_QIS,triplet,few_unique,64,9973,792,732,0.0797,True,False
T_QIS,triplet,few_unique,64,31337,939,878,0.0951,True,False
T_QIS,triplet,few_unique,64,65537,838,776,0.0854,True,False
T_QMB,triplet,few_unique,64,42,532,328,0.0591,True,False
T_QMB,triplet,few_unique,64,137,496,280,0.0531,True,False
T_QMB,triplet,few_unique,64,1618,523,306,0.0573,True,False
T_QMB,triplet,few_unique,64,2718,498,301,0.0553,True,False
T_QMB,triplet,few_unique,64,3141,519,290,0.0562,True,False
T_QMB,triplet,few_unique,64,9973,556,330,0.0618,True,False
T_QMB,triplet,few_unique,64,31337,550,298,0.0588,True,False
T_QMB,triplet,few_unique,64,65537,567,340,0.0633,True,False
T_QMI,triplet,few_unique,64,42,373,328,0.0434,True,False
T_QMI,triplet,few_unique,64,137,319,280,0.038,True,False
T_QMI,triplet,few_unique,64,1618,345,306,0.0409,True,False
T_QMI,triplet,few_unique,64,2718,347,301,0.041,True,False
T_QMI,triplet,few_unique,64,3141,329,290,0.0389,True,False
T_QMI,triplet,few_unique,64,9973,367,330,0.0431,True,False
T_QMI,triplet,few_unique,64,31337,346,298,0.0406,True,False
T_QMI,triplet,few_unique,64,65537,383,340,0.0456,True,False
T_QMS,triplet,few_unique,64,42,595,171,0.0531,True,False
T_QMS,triplet,few_unique,64,137,591,170,0.0526,True,False
T_QMS,triplet,few_unique,64,1618,592,164,0.0526,True,False
T_QMS,triplet,few_unique,64,2718,600,177,0.054,True,False
T_QMS,triplet,few_unique,64,3141,591,162,0.0524,True,False
T_QMS,triplet,few_unique,64,9973,591,171,0.0533,True,False
T_QMS,triplet,few_unique,64,31337,600,177,0.0553,True,False
T_QMS,triplet,few_unique,64,65537,596,172,0.0549,True,False
T_QQB,triplet,few_unique,64,42,403,88,0.0368,True,False
T_QQB,triplet,few_unique,64,137,344,128,0.034,True,False
T_QQB,triplet,few_unique,64,1618,342,120,0.0337,True,False
T_QQB,triplet,few_unique,64,2718,391,111,0.0374,True,False
T_QQB,triplet,few_unique,64,3141,389,111,0.0367,True,False
T_QQB,triplet,few_unique,64,9973,381,136,0.0367,True,False
T_QQB,triplet,few_unique,64,31337,405,123,0.0385,True,False
T_QQB,triplet,few_unique,64,65537,369,104,0.0346,True,False
T_QQI,triplet,few_unique,64,42,280,88,0.0278,True,False
T_QQI,triplet,few_unique,64,137,279,128,0.0282,True,False
T_QQI,triplet,few_unique,64,1618,290,120,0.029,True,False
T_QQI,triplet,few_unique,64,2718,295,111,0.0288,True,False
T_QQI,triplet,few_unique,64,3141,315,111,0.0299,True,False
T_QQI,triplet,few_unique,64,9973,297,136,0.0297,True,False
T_QQI,triplet,few_unique,64,31337,325,123,0.0316,True,False
T_QQI,triplet,few_unique,64,65537,284,104,0.0289,True,False
T_QQS,triplet,few_unique,64,42,477,66,0.0422,True,False
T_QQS,triplet,few_unique,64,137,497,82,0.043,True,False
T_QQS,triplet,few_unique,64,1618,455,82,0.0408,True,False
T_QQS,triplet,few_unique,64,2718,467,74,0.0411,True,False
T_QQS,triplet,few_unique,64,3141,509,65,0.0426,True,False
T_QQS,triplet,few_unique,64,9973,507,75,0.0428,True,False
T_QQS,triplet,few_unique,64,31337,490,76,0.042,True,False
T_QQS,triplet,few_unique,64,65537,464,74,0.0409,True,False
T_QRB,triplet,few_unique,64,42,0,64,0.0123,True,False
T_QRB,triplet,few_unique,64,137,0,64,0.0119,True,False
T_QRB,triplet,few_unique,64,1618,0,64,0.0119,True,False
T_QRB,triplet,few_unique,64,2718,0,64,0.0122,True,False
T_QRB,triplet,few_unique,64,3141,0,64,0.0121,True,False
T_QRB,triplet,few_unique,64,9973,0,64,0.0123,True,False
T_QRB,triplet,few_unique,64,31337,0,64,0.014,True,False
T_QRB,triplet,few_unique,64,65537,0,64,0.012,True,False
T_QRI,triplet,few_unique,64,42,0,64,0.0119,True,False
T_QRI,triplet,few_unique,64,137,0,64,0.0119,True,False
T_QRI,triplet,few_unique,64,1618,0,64,0.0122,True,False
T_QRI,triplet,few_unique,64,2718,0,64,0.0125,True,False
T_QRI,triplet,few_unique,64,3141,0,64,0.0119,True,False
T_QRI,triplet,few_unique,64,9973,0,64,0.0122,True,False
T_QRI,triplet,few_unique,64,31337,0,64,0.0123,True,False
T_QRI,triplet,few_unique,64,65537,0,64,0.0121,True,False
T_QRS,triplet,few_unique,64,42,0,64,0.0123,True,False
T_QRS,triplet,few_unique,64,137,0,64,0.012,True,False
T_QRS,triplet,few_unique,64,1618,0,64,0.0122,True,False
T_QRS,triplet,few_unique,64,2718,0,64,0.0121,True,False
T_QRS,triplet,few_unique,64,3141,0,64,0.012,True,False
T_QRS,triplet,few_unique,64,9973,0,64,0.0122,True,False
T_QRS,triplet,few_unique,64,31337,0,64,0.012,True,False
T_QRS,triplet,few_unique,64,65537,0,64,0.0119,True,False
T_QSB,triplet,few_unique,64,42,2016,49,0.1217,True,False
T_QSB,triplet,few_unique,64,137,2016,47,0.1196,True,False
T_QSB,triplet,few_unique,64,1618,2016,45,0.1183,True,False
T_QSB,triplet,few_unique,64,2718,2016,54,0.1213,True,False
T_QSB,triplet,few_unique,64,3141,2016,52,0.1199,True,False
T_QSB,triplet,few_unique,64,9973,2016,49,0.1293,True,False
T_QSB,triplet,few_unique,64,31337,2016,54,0.1226,True,False
T_QSB,triplet,few_unique,64,65537,2016,55,0.1211,True,False
T_QSI,triplet,few_unique,64,42,2016,49,0.1202,True,False
T_QSI,triplet,few_unique,64,137,2016,47,0.12,True,False
T_QSI,triplet,few_unique,64,1618,2016,45,0.1197,True,False
T_QSI,triplet,few_unique,64,2718,2016,54,0.1216,True,False
T_QSI,triplet,few_unique,64,3141,2016,52,0.1191,True,False
T_QSI,triplet,few_unique,64,9973,2016,49,0.1193,True,False
T_QSI,triplet,few_unique,64,31337,2016,54,0.1209,True,False
T_QSI,triplet,few_unique,64,65537,2016,55,0.1203,True,False
T_QSS,triplet,few_unique,64,42,2016,49,0.107,True,False
T_QSS,triplet,few_unique,64,137,2016,47,0.1065,True,False
T_QSS,triplet,few_unique,64,1618,2016,45,0.1055,True,False
T_QSS,triplet,few_unique,64,2718,2016,54,0.1073,True,False
T_QSS,triplet,few_unique,64,3141,2016,52,0.106,True,False
T_QSS,triplet,few_unique,64,9973,2016,49,0.107,True,False
T_QSS,triplet,few_unique,64,31337,2016,54,0.1084,True,False
T_QSS,triplet,few_unique,64,65537,2016,55,0.1067,True,False
TimCustom,base,few_unique,64,42,469,458,0.0431,True,False
TimCustom,base,few_unique,64,137,478,469,0.0438,True,False
TimCustom,base,few_unique,64,1618,459,447,0.0416,True,False
TimCustom,base,few_unique,64,2718,469,466,0.0429,True,False
TimCustom,base,few_unique,64,3141,433,419,0.0392,True,False
TimCustom,base,few_unique,64,9973,518,514,0.0467,True,False
TimCustom,base,few_unique,64,31337,533,525,0.0481,True,False
TimCustom,base,few_unique,64,65537,464,456,0.0421,True,False
Bubble,base,interleaved,64,42,2016,0,0.073,True,False
Bubble,base,interleaved,64,137,2016,0,0.0725,True,False
Bubble,base,interleaved,64,1618,2016,0,0.0728,True,False
Bubble,base,interleaved,64,2718,2016,0,0.073,True,False
Bubble,base,interleaved,64,3141,2016,0,0.0725,True,False
Bubble,base,interleaved,64,9973,2016,0,0.0777,True,False
Bubble,base,interleaved,64,31337,2016,0,0.0727,True,False
Bubble,base,interleaved,64,65537,2016,0,0.0724,True,False
Heap,base,interleaved,64,42,593,362,0.048,True,False
Heap,base,interleaved,64,137,593,362,0.047,True,False
Heap,base,interleaved,64,1618,593,362,0.0474,True,False
Heap,base,interleaved,64,2718,593,362,0.0467,True,False
Heap,base,interleaved,64,3141,593,362,0.0467,True,False
Heap,base,interleaved,64,9973,593,362,0.0467,True,False
Heap,base,interleaved,64,31337,593,362,0.0474,True,False
Heap,base,interleaved,64,65537,593,362,0.0471,True,False
Hybrid_Intro,hybrid,interleaved,64,42,187,6,0.0123,True,False
Hybrid_Intro,hybrid,interleaved,64,137,187,6,0.0152,True,False
Hybrid_Intro,hybrid,interleaved,64,1618,187,6,0.0127,True,False
Hybrid_Intro,hybrid,interleaved,64,2718,187,6,0.0128,True,False
Hybrid_Intro,hybrid,interleaved,64,3141,187,6,0.0129,True,False
Hybrid_Intro,hybrid,interleaved,64,9973,187,6,0.0139,True,False
Hybrid_Intro,hybrid,interleaved,64,31337,187,6,0.0141,True,False
Hybrid_Intro,hybrid,interleaved,64,65537,187,6,0.0124,True,False
Hybrid_MI,hybrid,interleaved,64,42,124,128,0.0169,True,False
Hybrid_MI,hybrid,interleaved,64,137,124,128,0.0171,True,False
Hybrid_MI,hybrid,interleaved,64,1618,124,128,0.0169,True,False
Hybrid_MI,hybrid,interleaved,64,2718,124,128,0.0168,True,False
Hybrid_MI,hybrid,interleaved,64,3141,124,128,0.0171,True,False
Hybrid_MI,hybrid,interleaved,64,9973,124,128,0.0171,True,False
Hybrid_MI,hybrid,interleaved,64,31337,124,128,0.017,True,False
Hybrid_MI,hybrid,interleaved,64,65537,124,128,0.0169,True,False
Hybrid_QI,hybrid,interleaved,64,42,187,6,0.0125,True,False
Hybrid_QI,hybrid,interleaved,64,137,187,6,0.0124,True,False
Hybrid_QI,hybrid,interleaved,64,1618,187,6,0.0127,True,False
Hybrid_QI,hybrid,interleaved,64,2718,187,6,0.0279,True,False
Hybrid_QI,hybrid,interleaved,64,3141,187,6,0.022,True,False
Hybrid_QI,hybrid,interleaved,64,9973,187,6,0.0226,True,False
Hybrid_QI,hybrid,interleaved,64,31337,187,6,0.0256,True,False
Hybrid_QI,hybrid,interleaved,64,65537,187,6,0.0289,True,False
Hybrid_RI,hybrid,interleaved,64,42,0,128,0.0195,True,False
Hybrid_RI,hybrid,interleaved,64,137,0,128,0.0193,True,False
Hybrid_RI,hybrid,interleaved,64,1618,0,128,0.0194,True,False
Hybrid_RI,hybrid,interleaved,64,2718,0,128,0.0191,True,False
Hybrid_RI,hybrid,interleaved,64,3141,0,128,0.0189,True,False
Hybrid_RI,hybrid,interleaved,64,9973,0,128,0.0191,True,False
Hybrid_RI,hybrid,interleaved,64,31337,0,128,0.019,True,False
Hybrid_RI,hybrid,interleaved,64,65537,0,128,0.019,True,False
Insertion,base,interleaved,64,42,63,0,0.0051,True,False
Insertion,base,interleaved,64,137,63,0,0.005,True,False
Insertion,base,interleaved,64,1618,63,0,0.005,True,False
Insertion,base,interleaved,64,2718,63,0,0.0051,True,False
Insertion,base,interleaved,64,3141,63,0,0.005,True,False
Insertion,base,interleaved,64,9973,63,0,0.005,True,False
Insertion,base,interleaved,64,31337,63,0,0.005,True,False
Insertion,base,interleaved,64,65537,63,0,0.0049,True,False
Merge,base,interleaved,64,42,192,384,0.0554,True,False
Merge,base,interleaved,64,137,192,384,0.0554,True,False
Merge,base,interleaved,64,1618,192,384,0.0558,True,False
Merge,base,interleaved,64,2718,192,384,0.0559,True,False
Merge,base,interleaved,64,3141,192,384,0.0551,True,False
Merge,base,interleaved,64,9973,192,384,0.0556,True,False
Merge,base,interleaved,64,31337,192,384,0.0552,True,False
Merge,base,interleaved,64,65537,192,384,0.0551,True,False
Quick,base,interleaved,64,42,296,32,0.0253,True,False
Quick,base,interleaved,64,137,296,32,0.0254,True,False
Quick,base,interleaved,64,1618,296,32,0.025,True,False
Quick,base,interleaved,64,2718,296,32,0.025,True,False
Quick,base,interleaved,64,3141,296,32,0.0249,True,False
Quick,base,interleaved,64,9973,296,32,0.0222,True,False
Quick,base,interleaved,64,31337,296,32,0.0225,True,False
Quick,base,interleaved,64,65537,296,32,0.0227,True,False
Radix,base,interleaved,64,42,0,128,0.0167,True,False
Radix,base,interleaved,64,137,0,128,0.0169,True,False
Radix,base,interleaved,64,1618,0,128,0.0165,True,False
Radix,base,interleaved,64,2718,0,128,0.0165,True,False
Radix,base,interleaved,64,3141,0,128,0.0164,True,False
Radix,base,interleaved,64,9973,0,128,0.0165,True,False
Radix,base,interleaved,64,31337,0,128,0.0165,True,False
Radix,base,interleaved,64,65537,0,128,0.0163,True,False
Selection,base,interleaved,64,42,2016,0,0.0632,True,False
Selection,base,interleaved,64,137,2016,0,0.0645,True,False
Selection,base,interleaved,64,1618,2016,0,0.0654,True,False
Selection,base,interleaved,64,2718,2016,0,0.0646,True,False
Selection,base,interleaved,64,3141,2016,0,0.0655,True,False
Selection,base,interleaved,64,9973,2016,0,0.0726,True,False
Selection,base,interleaved,64,31337,2016,0,0.0667,True,False
Selection,base,interleaved,64,65537,2016,0,0.0747,True,False
T_MHB,triplet,interleaved,64,42,593,362,0.0661,True,False
T_MHB,triplet,interleaved,64,137,593,362,0.0674,True,False
T_MHB,triplet,interleaved,64,1618,593,362,0.0675,True,False
T_MHB,triplet,interleaved,64,2718,593,362,0.0679,True,False
T_MHB,triplet,interleaved,64,3141,593,362,0.0681,True,False
T_MHB,triplet,interleaved,64,9973,593,362,0.0689,True,False
T_MHB,triplet,interleaved,64,31337,593,362,0.069,True,False
T_MHB,triplet,interleaved,64,65537,593,362,0.0675,True,False
T_MHI,triplet,interleaved,64,42,593,362,0.0675,True,False
T_MHI,triplet,interleaved,64,137,593,362,0.0675,True,False
T_MHI,triplet,interleaved,64,1618,593,362,0.0671,True,False
T_MHI,triplet,interleaved,64,2718,593,362,0.0683,True,False
T_MHI,triplet,interleaved,64,3141,593,362,0.0684,True,False
T_MHI,triplet,interleaved,64,9973,593,362,0.069,True,False
T_MHI,triplet,interleaved,64,31337,593,362,0.0667,True,False
T_MHI,triplet,interleaved,64,65537,593,362,0.0663,True,False
T_MHS,triplet,interleaved,64,42,593,362,0.0662,True,False
T_MHS,triplet,interleaved,64,137,593,362,0.0669,True,False
T_MHS,triplet,interleaved,64,1618,593,362,0.0661,True,False
T_MHS,triplet,interleaved,64,2718,593,362,0.0673,True,False
T_MHS,triplet,interleaved,64,3141,593,362,0.0674,True,False
T_MHS,triplet,interleaved,64,9973,593,362,0.0668,True,False
T_MHS,triplet,interleaved,64,31337,593,362,0.0673,True,False
T_MHS,triplet,interleaved,64,65537,593,362,0.0674,True,False
T_MIB,triplet,interleaved,64,42,63,0,0.0064,True,False
T_MIB,triplet,interleaved,64,137,63,0,0.0063,True,False
T_MIB,triplet,interleaved,64,1618,63,0,0.0064,True,False
T_MIB,triplet,interleaved,64,2718,63,0,0.0064,True,False
T_MIB,triplet,interleaved,64,3141,63,0,0.0067,True,False
T_MIB,triplet,interleaved,64,9973,63,0,0.0066,True,False
T_MIB,triplet,interleaved,64,31337,63,0,0.0065,True,False
T_MIB,triplet,interleaved,64,65537,63,0,0.0064,True,False
T_MII,triplet,interleaved,64,42,63,0,0.0064,True,False
T_MII,triplet,interleaved,64,137,63,0,0.0065,True,False
T_MII,triplet,interleaved,64,1618,63,0,0.0064,True,False
T_MII,triplet,interleaved,64,2718,63,0,0.0065,True,False
T_MII,triplet,interleaved,64,3141,63,0,0.0064,True,False
T_MII,triplet,interleaved,64,9973,63,0,0.0065,True,False
T_MII,triplet,interleaved,64,31337,63,0,0.0063,True,False
T_MII,triplet,interleaved,64,65537,63,0,0.0065,True,False
T_MIS,triplet,interleaved,64,42,63,0,0.0064,True,False
T_MIS,triplet,interleaved,64,137,63,0,0.0065,True,False
T_MIS,triplet,interleaved,64,1618,63,0,0.0068,True,False
T_MIS,triplet,interleaved,64,2718,63,0,0.0065,True,False
T_MIS,triplet,interleaved,64,3141,63,0,0.0064,True,False
T_MIS,triplet,interleaved,64,9973,63,0,0.0064,True,False
T_MIS,triplet,interleaved,64,31337,63,0,0.0065,True,False
T_MIS,triplet,interleaved,64,65537,63,0,0.0064,True,False
T_MMB,triplet,interleaved,64,42,124,128,0.0186,True,False
T_MMB,triplet,interleaved,64,137,124,128,0.0188,True,False
T_MMB,triplet,interleaved,64,1618,124,128,0.0187,True,False
T_MMB,triplet,interleaved,64,2718,124,128,0.0187,True,False
T_MMB,triplet,interleaved,64,3141,124,128,0.0188,True,False
T_MMB,triplet,interleaved,64,9973,124,128,0.019,True,False
T_MMB,triplet,interleaved,64,31337,124,128,0.0189,True,False
T_MMB,triplet,interleaved,64,65537,124,128,0.0186,True,False
T_MMI,triplet,interleaved,64,42,124,128,0.0224,True,False
T_MMI,triplet,interleaved,64,137,124,128,0.0212,True,False
T_MMI,triplet,interleaved,64,1618,124,128,0.0203,True,False
T_MMI,triplet,interleaved,64,2718,124,128,0.02,True,False
T_MMI,triplet,interleaved,64,3141,124,128,0.0204,True,False
T_MMI,triplet,interleaved,64,9973,124,128,0.0201,True,False
T_MMI,triplet,interleaved,64,31337,124,128,0.02,True,False
T_MMI,triplet,interleaved,64,65537,124,128,0.0199,True,False
T_MMS,triplet,interleaved,64,42,544,128,0.0466,True,False
T_MMS,triplet,interleaved,64,137,544,128,0.0471,True,False
T_MMS,triplet,interleaved,64,1618,544,128,0.0462,True,False
T_MMS,triplet,interleaved,64,2718,544,128,0.0464,True,False
T_MMS,triplet,interleaved,64,3141,544,128,0.0458,True,False
T_MMS,triplet,interleaved,64,9973,544,128,0.046,True,False
T_MMS,triplet,interleaved,64,31337,544,128,0.0458,True,False
T_MMS,triplet,interleaved,64,65537,544,128,0.0461,True,False
T_MQB,triplet,interleaved,64,42,187,6,0.0143,True,False
T_MQB,triplet,interleaved,64,137,187,6,0.0142,True,False
T_MQB,triplet,interleaved,64,1618,187,6,0.0142,True,False
T_MQB,triplet,interleaved,64,2718,187,6,0.0143,True,False
T_MQB,triplet,interleaved,64,3141,187,6,0.0144,True,False
T_MQB,triplet,interleaved,64,9973,187,6,0.0143,True,False
T_MQB,triplet,interleaved,64,31337,187,6,0.0154,True,False
T_MQB,triplet,interleaved,64,65537,187,6,0.0143,True,False
T_MQI,triplet,interleaved,64,42,187,6,0.0158,True,False
T_MQI,triplet,interleaved,64,137,187,6,0.0155,True,False
T_MQI,triplet,interleaved,64,1618,187,6,0.0155,True,False
T_MQI,triplet,interleaved,64,2718,187,6,0.0158,True,False
T_MQI,triplet,interleaved,64,3141,187,6,0.0157,True,False
T_MQI,triplet,interleaved,64,9973,187,6,0.0156,True,False
T_MQI,triplet,interleaved,64,31337,187,6,0.0153,True,False
T_MQI,triplet,interleaved,64,65537,187,6,0.0154,True,False
T_MQS,triplet,interleaved,64,42,565,6,0.0402,True,False
T_MQS,triplet,interleaved,64,137,565,6,0.0399,True,False
T_MQS,triplet,interleaved,64,1618,565,6,0.0393,True,False
T_MQS,triplet,interleaved,64,2718,565,6,0.0392,True,False
T_MQS,triplet,interleaved,64,3141,565,6,0.0389,True,False
T_MQS,triplet,interleaved,64,9973,565,6,0.04,True,False
T_MQS,triplet,interleaved,64,31337,565,6,0.0395,True,False
T_MQS,triplet,interleaved,64,65537,565,6,0.0396,True,False
T_MRB,triplet,interleaved,64,42,0,128,0.0218,True,False
T_MRB,triplet,interleaved,64,137,0,128,0.0213,True,False
T_MRB,triplet,interleaved,64,1618,0,128,0.0211,True,False
T_MRB,triplet,interleaved,64,2718,0,128,0.0211,True,False
T_MRB,triplet,interleaved,64,3141,0,128,0.0315,True,False
T_MRB,triplet,interleaved,64,9973,0,128,0.0214,True,False
T_MRB,triplet,interleaved,64,31337,0,128,0.0212,True,False
T_MRB,triplet,interleaved,64,65537,0,128,0.0211,True,False
T_MRI,triplet,interleaved,64,42,0,128,0.0213,True,False
T_MRI,triplet,interleaved,64,137,0,128,0.0211,True,False
T_MRI,triplet,interleaved,64,1618,0,128,0.0215,True,False
T_MRI,triplet,interleaved,64,2718,0,128,0.0217,True,False
T_MRI,triplet,interleaved,64,3141,0,128,0.0214,True,False
T_MRI,triplet,interleaved,64,9973,0,128,0.021,True,False
T_MRI,triplet,interleaved,64,31337,0,128,0.021,True,False
T_MRI,triplet,interleaved,64,65537,0,128,0.0214,True,False
T_MRS,triplet,interleaved,64,42,0,128,0.0214,True,False
T_MRS,triplet,interleaved,64,137,0,128,0.0216,True,False
T_MRS,triplet,interleaved,64,1618,0,128,0.0213,True,False
T_MRS,triplet,interleaved,64,2718,0,128,0.0214,True,False
T_MRS,triplet,interleaved,64,3141,0,128,0.0209,True,False
T_MRS,triplet,interleaved,64,9973,0,128,0.0213,True,False
T_MRS,triplet,interleaved,64,31337,0,128,0.0212,True,False
T_MRS,triplet,interleaved,64,65537,0,128,0.0212,True,False
T_MSB,triplet,interleaved,64,42,2016,0,0.1139,True,False
T_MSB,triplet,interleaved,64,137,2016,0,0.1168,True,False
T_MSB,triplet,interleaved,64,1618,2016,0,0.1144,True,False
T_MSB,triplet,interleaved,64,2718,2016,0,0.1165,True,False
T_MSB,triplet,interleaved,64,3141,2016,0,0.1145,True,False
T_MSB,triplet,interleaved,64,9973,2016,0,0.1139,True,False
T_MSB,triplet,interleaved,64,31337,2016,0,0.1152,True,False
T_MSB,triplet,interleaved,64,65537,2016,0,0.1064,True,False
T_MSI,triplet,interleaved,64,42,2016,0,0.1069,True,False
T_MSI,triplet,interleaved,64,137,2016,0,0.1007,True,False
T_MSI,triplet,interleaved,64,1618,2016,0,0.1005,True,False
T_MSI,triplet,interleaved,64,2718,2016,0,0.1006,True,False
T_MSI,triplet,interleaved,64,3141,2016,0,0.1005,True,False
T_MSI,triplet,interleaved,64,9973,2016,0,0.1008,True,False
T_MSI,triplet,interleaved,64,31337,2016,0,0.1075,True,False
T_MSI,triplet,interleaved,64,65537,2016,0,0.104,True,False
T_MSS,triplet,interleaved,64,42,2016,0,0.102,True,False
T_MSS,triplet,interleaved,64,137,2016,0,0.1007,True,False
T_MSS,triplet,interleaved,64,1618,2016,0,0.1029,True,False
T_MSS,triplet,interleaved,64,2718,2016,0,0.1014,True,False
T_MSS,triplet,interleaved,64,3141,2016,0,0.1036,True,False
T_MSS,triplet,interleaved,64,9973,2016,0,0.1014,True,False
T_MSS,triplet,interleaved,64,31337,2016,0,0.1005,True,False
T_MSS,triplet,interleaved,64,65537,2016,0,0.1136,True,False
T_QHB,triplet,interleaved,64,42,593,362,0.0669,True,False
T_QHB,triplet,interleaved,64,137,593,362,0.0612,True,False
T_QHB,triplet,interleaved,64,1618,593,362,0.0598,True,False
T_QHB,triplet,interleaved,64,2718,593,362,0.0588,True,False
T_QHB,triplet,interleaved,64,3141,593,362,0.0588,True,False
T_QHB,triplet,interleaved,64,9973,593,362,0.0593,True,False
T_QHB,triplet,interleaved,64,31337,593,362,0.0591,True,False
T_QHB,triplet,interleaved,64,65537,593,362,0.0595,True,False
T_QHI,triplet,interleaved,64,42,593,362,0.0597,True,False
T_QHI,triplet,interleaved,64,137,593,362,0.0672,True,False
T_QHI,triplet,interleaved,64,1618,593,362,0.0596,True,False
T_QHI,triplet,interleaved,64,2718,593,362,0.0597,True,False
T_QHI,triplet,interleaved,64,3141,593,362,0.0601,True,False
T_QHI,triplet,interleaved,64,9973,593,362,0.0596,True,False
T_QHI,triplet,interleaved,64,31337,593,362,0.0599,True,False
T_QHI,triplet,interleaved,64,65537,593,362,0.0595,True,False
T_QHS,triplet,interleaved,64,42,593,362,0.0604,True,False
T_QHS,triplet,interleaved,64,137,593,362,0.0596,True,False
T_QHS,triplet,interleaved,64,1618,593,362,0.0673,True,False
T_QHS,triplet,interleaved,64,2718,593,362,0.0663,True,False
T_QHS,triplet,interleaved,64,3141,593,362,0.066,True,False
T_QHS,triplet,interleaved,64,9973,593,362,0.0661,True,False
T_QHS,triplet,interleaved,64,31337,593,362,0.0661,True,False
T_QHS,triplet,interleaved,64,65537,593,362,0.0665,True,False
T_QIB,triplet,interleaved,64,42,63,0,0.0063,True,False
T_QIB,triplet,interleaved,64,137,63,0,0.0062,True,False
T_QIB,triplet,interleaved,64,1618,63,0,0.0062,True,False
T_QIB,triplet,interleaved,64,2718,63,0,0.0062,True,False
T_QIB,triplet,interleaved,64,3141,63,0,0.0063,True,False
T_QIB,triplet,interleaved,64,9973,63,0,0.0067,True,False
T_QIB,triplet,interleaved,64,31337,63,0,0.0063,True,False
T_QIB,triplet,interleaved,64,65537,63,0,0.0064,True,False
T_QII,triplet,interleaved,64,42,63,0,0.0064,True,False
T_QII,triplet,interleaved,64,137,63,0,0.0064,True,False
T_QII,triplet,interleaved,64,1618,63,0,0.0063,True,False
T_QII,triplet,interleaved,64,2718,63,0,0.0064,True,False
T_QII,triplet,interleaved,64,3141,63,0,0.0068,True,False
T_QII,triplet,interleaved,64,9973,63,0,0.0064,True,False
T_QII,triplet,interleaved,64,31337,63,0,0.0065,True,False
T_QII,triplet,interleaved,64,65537,63,0,0.0064,True,False
T_QIS,triplet,interleaved,64,42,63,0,0.0064,True,False
T_QIS,triplet,interleaved,64,137,63,0,0.0064,True,False
T_QIS,triplet,interleaved,64,1618,63,0,0.0064,True,False
T_QIS,triplet,interleaved,64,2718,63,0,0.0065,True,False
T_QIS,triplet,interleaved,64,3141,63,0,0.0064,True,False
T_QIS,triplet,interleaved,64,9973,63,0,0.0063,True,False
T_QIS,triplet,interleaved,64,31337,63,0,0.0062,True,False
T_QIS,triplet,interleaved,64,65537,63,0,0.0063,True,False
T_QMB,triplet,interleaved,64,42,124,128,0.0186,True,False
T_QMB,triplet,interleaved,64,137,124,128,0.019,True,False
T_QMB,triplet,interleaved,64,1618,124,128,0.019,True,False
T_QMB,triplet,interleaved,64,2718,124,128,0.0185,True,False
T_QMB,triplet,interleaved,64,3141,124,128,0.0189,True,False
T_QMB,triplet,interleaved,64,9973,124,128,0.0187,True,False
T_QMB,triplet,interleaved,64,31337,124,128,0.0186,True,False
T_QMB,triplet,interleaved,64,65537,124,128,0.0188,True,False
T_QMI,triplet,interleaved,64,42,124,128,0.0204,True,False
T_QMI,triplet,interleaved,64,137,124,128,0.0201,True,False
T_QMI,triplet,interleaved,64,1618,124,128,0.0202,True,False
T_QMI,triplet,interleaved,64,2718,124,128,0.0199,True,False
T_QMI,triplet,interleaved,64,3141,124,128,0.0199,True,False
T_QMI,triplet,interleaved,64,9973,124,128,0.0199,True,False
T_QMI,triplet,interleaved,64,31337,124,128,0.0199,True,False
T_QMI,triplet,interleaved,64,65537,124,128,0.0199,True,False
T_QMS,triplet,interleaved,64,42,544,128,0.0456,True,False
T_QMS,triplet,interleaved,64,137,544,128,0.0489,True,False
T_QMS,triplet,interleaved,64,1618,544,128,0.046,True,False
T_QMS,triplet,interleaved,64,2718,544,128,0.0457,True,False
T_QMS,triplet,interleaved,64,3141,544,128,0.0459,True,False
T_QMS,triplet,interleaved,64,9973,544,128,0.0458,True,False
T_QMS,triplet,interleaved,64,31337,544,128,0.0461,True,False
T_QMS,triplet,interleaved,64,65537,544,128,0.0453,True,False
T_QQB,triplet,interleaved,64,42,187,6,0.014,True,False
T_QQB,triplet,interleaved,64,137,187,6,0.0141,True,False
T_QQB,triplet,interleaved,64,1618,187,6,0.0142,True,False
T_QQB,triplet,interleaved,64,2718,187,6,0.0144,True,False
T_QQB,triplet,interleaved,64,3141,187,6,0.0142,True,False
T_QQB,triplet,interleaved,64,9973,187,6,0.0142,True,False
T_QQB,triplet,interleaved,64,31337,187,6,0.0142,True,False
T_QQB,triplet,interleaved,64,65537,187,6,0.0142,True,False
T_QQI,triplet,interleaved,64,42,187,6,0.0157,True,False
T_QQI,triplet,interleaved,64,137,187,6,0.0156,True,False
T_QQI,triplet,interleaved,64,1618,187,6,0.0155,True,False
T_QQI,triplet,interleaved,64,2718,187,6,0.0158,True,False
T_QQI,triplet,interleaved,64,3141,187,6,0.0157,True,False
T_QQI,triplet,interleaved,64,9973,187,6,0.0158,True,False
T_QQI,triplet,interleaved,64,31337,187,6,0.0154,True,False
T_QQI,triplet,interleaved,64,65537,187,6,0.0152,True,False
T_QQS,triplet,interleaved,64,42,565,6,0.0396,True,False
T_QQS,triplet,interleaved,64,137,565,6,0.039,True,False
T_QQS,triplet,interleaved,64,1618,565,6,0.0393,True,False
T_QQS,triplet,interleaved,64,2718,565,6,0.0394,True,False
T_QQS,triplet,interleaved,64,3141,565,6,0.0394,True,False
T_QQS,triplet,interleaved,64,9973,565,6,0.0397,True,False
T_QQS,triplet,interleaved,64,31337,565,6,0.0393,True,False
T_QQS,triplet,interleaved,64,65537,565,6,0.0391,True,False
T_QRB,triplet,interleaved,64,42,0,128,0.0216,True,False
T_QRB,triplet,interleaved,64,137,0,128,0.0215,True,False
T_QRB,triplet,interleaved,64,1618,0,128,0.0206,True,False
T_QRB,triplet,interleaved,64,2718,0,128,0.0188,True,False
T_QRB,triplet,interleaved,64,3141,0,128,0.019,True,False
T_QRB,triplet,interleaved,64,9973,0,128,0.019,True,False
T_QRB,triplet,interleaved,64,31337,0,128,0.0187,True,False
T_QRB,triplet,interleaved,64,65537,0,128,0.0194,True,False
T_QRI,triplet,interleaved,64,42,0,128,0.0192,True,False
T_QRI,triplet,interleaved,64,137,0,128,0.0197,True,False
T_QRI,triplet,interleaved,64,1618,0,128,0.0192,True,False
T_QRI,triplet,interleaved,64,2718,0,128,0.0191,True,False
T_QRI,triplet,interleaved,64,3141,0,128,0.019,True,False
T_QRI,triplet,interleaved,64,9973,0,128,0.0192,True,False
T_QRI,triplet,interleaved,64,31337,0,128,0.0189,True,False
T_QRI,triplet,interleaved,64,65537,0,128,0.019,True,False
T_QRS,triplet,interleaved,64,42,0,128,0.0194,True,False
T_QRS,triplet,interleaved,64,137,0,128,0.019,True,False
T_QRS,triplet,interleaved,64,1618,0,128,0.0191,True,False
T_QRS,triplet,interleaved,64,2718,0,128,0.019,True,False
T_QRS,triplet,interleaved,64,3141,0,128,0.019,True,False
T_QRS,triplet,interleaved,64,9973,0,128,0.0188,True,False
T_QRS,triplet,interleaved,64,31337,0,128,0.0189,True,False
T_QRS,triplet,interleaved,64,65537,0,128,0.0188,True,False
T_QSB,triplet,interleaved,64,42,2016,0,0.1004,True,False
T_QSB,triplet,interleaved,64,137,2016,0,0.1005,True,False
T_QSB,triplet,interleaved,64,1618,2016,0,0.1002,True,False
T_QSB,triplet,interleaved,64,2718,2016,0,0.1055,True,False
T_QSB,triplet,interleaved,64,3141,2016,0,0.0995,True,False
T_QSB,triplet,interleaved,64,9973,2016,0,0.0972,True,False
T_QSB,triplet,interleaved,64,31337,2016,0,0.097,True,False
T_QSB,triplet,interleaved,64,65537,2016,0,0.0974,True,False
T_QSI,triplet,interleaved,64,42,2016,0,0.097,True,False
T_QSI,triplet,interleaved,64,137,2016,0,0.0983,True,False
T_QSI,triplet,interleaved,64,1618,2016,0,0.1003,True,False
T_QSI,triplet,interleaved,64,2718,2016,0,0.0989,True,False
T_QSI,triplet,interleaved,64,3141,2016,0,0.0997,True,False
T_QSI,triplet,interleaved,64,9973,2016,0,0.1057,True,False
T_QSI,triplet,interleaved,64,31337,2016,0,0.1065,True,False
T_QSI,triplet,interleaved,64,65537,2016,0,0.099,True,False
T_QSS,triplet,interleaved,64,42,2016,0,0.099,True,False
T_QSS,triplet,interleaved,64,137,2016,0,0.098,True,False
T_QSS,triplet,interleaved,64,1618,2016,0,0.0992,True,False
T_QSS,triplet,interleaved,64,2718,2016,0,0.1002,True,False
T_QSS,triplet,interleaved,64,3141,2016,0,0.0997,True,False
T_QSS,triplet,interleaved,64,9973,2016,0,0.1006,True,False
T_QSS,triplet,interleaved,64,31337,2016,0,0.0994,True,False
T_QSS,triplet,interleaved,64,65537,2016,0,0.1015,True,False
TimCustom,base,interleaved,64,42,94,64,0.0113,True,False
TimCustom,base,interleaved,64,137,94,64,0.0109,True,False
TimCustom,base,interleaved,64,1618,94,64,0.011,True,False
TimCustom,base,interleaved,64,2718,94,64,0.0109,True,False
TimCustom,base,interleaved,64,3141,94,64,0.011,True,False
TimCustom,base,interleaved,64,9973,94,64,0.011,True,False
TimCustom,base,interleaved,64,31337,94,64,0.0109,True,False
TimCustom,base,interleaved,64,65537,94,64,0.011,True,False
Bubble,base,killer_quick,64,42,2016,992,0.1096,True,False
Bubble,base,killer_quick,64,137,2016,992,0.1094,True,False
Bubble,base,killer_quick,64,1618,2016,992,0.1094,True,False
Bubble,base,killer_quick,64,2718,2016,992,0.1109,True,False
Bubble,base,killer_quick,64,3141,2016,992,0.1097,True,False
Bubble,base,killer_quick,64,9973,2016,992,0.1096,True,False
Bubble,base,killer_quick,64,31337,2016,992,0.1088,True,False
Bubble,base,killer_quick,64,65537,2016,992,0.1101,True,False
Heap,base,killer_quick,64,42,562,324,0.0433,True,False
Heap,base,killer_quick,64,137,562,324,0.0437,True,False
Heap,base,killer_quick,64,1618,562,324,0.0443,True,False
Heap,base,killer_quick,64,2718,562,324,0.0433,True,False
Heap,base,killer_quick,64,3141,562,324,0.0432,True,False
Heap,base,killer_quick,64,9973,562,324,0.0433,True,False
Heap,base,killer_quick,64,31337,562,324,0.0433,True,False
Heap,base,killer_quick,64,65537,562,324,0.0431,True,False
Hybrid_Intro,hybrid,killer_quick,64,42,375,45,0.0274,True,False
Hybrid_Intro,hybrid,killer_quick,64,137,375,45,0.027,True,False
Hybrid_Intro,hybrid,killer_quick,64,1618,375,45,0.0272,True,False
Hybrid_Intro,hybrid,killer_quick,64,2718,375,45,0.0278,True,False
Hybrid_Intro,hybrid,killer_quick,64,3141,375,45,0.0275,True,False
Hybrid_Intro,hybrid,killer_quick,64,9973,375,45,0.0276,True,False
Hybrid_Intro,hybrid,killer_quick,64,31337,375,45,0.0281,True,False
Hybrid_Intro,hybrid,killer_quick,64,65537,375,45,0.0275,True,False
Hybrid_MI,hybrid,killer_quick,64,42,380,184,0.0348,True,False
Hybrid_MI,hybrid,killer_quick,64,137,380,184,0.0344,True,False
Hybrid_MI,hybrid,killer_quick,64,1618,380,184,0.0342,True,False
Hybrid_MI,hybrid,killer_quick,64,2718,380,184,0.0344,True,False
Hybrid_MI,hybrid,killer_quick,64,3141,380,184,0.0343,True,False
Hybrid_MI,hybrid,killer_quick,64,9973,380,184,0.0343,True,False
Hybrid_MI,hybrid,killer_quick,64,31337,380,184,0.0344,True,False
Hybrid_MI,hybrid,killer_quick,64,65537,380,184,0.035,True,False
Hybrid_QI,hybrid,killer_quick,64,42,375,45,0.027,True,False
Hybrid_QI,hybrid,killer_quick,64,137,375,45,0.0269,True,False
Hybrid_QI,hybrid,killer_quick,64,1618,375,45,0.0267,True,False
Hybrid_QI,hybrid,killer_quick,64,2718,375,45,0.0268,True,False
Hybrid_QI,hybrid,killer_quick,64,3141,375,45,0.027,True,False
Hybrid_QI,hybrid,killer_quick,64,9973,375,45,0.0269,True,False
Hybrid_QI,hybrid,killer_quick,64,31337,375,45,0.0267,True,False
Hybrid_QI,hybrid,killer_quick,64,65537,375,45,0.0268,True,False
Hybrid_RI,hybrid,killer_quick,64,42,0,128,0.0172,True,False
Hybrid_RI,hybrid,killer_quick,64,137,0,128,0.017,True,False
Hybrid_RI,hybrid,killer_quick,64,1618,0,128,0.017,True,False
Hybrid_RI,hybrid,killer_quick,64,2718,0,128,0.0171,True,False
Hybrid_RI,hybrid,killer_quick,64,3141,0,128,0.017,True,False
Hybrid_RI,hybrid,killer_quick,64,9973,0,128,0.0169,True,False
Hybrid_RI,hybrid,killer_quick,64,31337,0,128,0.0167,True,False
Hybrid_RI,hybrid,killer_quick,64,65537,0,128,0.017,True,False
Insertion,base,killer_quick,64,42,1055,1054,0.0661,True,False
Insertion,base,killer_quick,64,137,1055,1054,0.066,True,False
Insertion,base,killer_quick,64,1618,1055,1054,0.0656,True,False
Insertion,base,killer_quick,64,2718,1055,1054,0.0653,True,False
Insertion,base,killer_quick,64,3141,1055,1054,0.0649,True,False
Insertion,base,killer_quick,64,9973,1055,1054,0.0661,True,False
Insertion,base,killer_quick,64,31337,1055,1054,0.066,True,False
Insertion,base,killer_quick,64,65537,1055,1054,0.0666,True,False
Merge,base,killer_quick,64,42,272,384,0.0538,True,False
Merge,base,killer_quick,64,137,272,384,0.0525,True,False
Merge,base,killer_quick,64,1618,272,384,0.0529,True,False
Merge,base,killer_quick,64,2718,272,384,0.0594,True,False
Merge,base,killer_quick,64,3141,272,384,0.053,True,False
Merge,base,killer_quick,64,9973,272,384,0.0532,True,False
Merge,base,killer_quick,64,31337,272,384,0.0581,True,False
Merge,base,killer_quick,64,65537,272,384,0.0531,True,False
Quick,base,killer_quick,64,42,324,119,0.0288,True,False
Quick,base,killer_quick,64,137,324,119,0.0293,True,False
Quick,base,killer_quick,64,1618,324,119,0.0288,True,False
Quick,base,killer_quick,64,2718,324,119,0.0291,True,False
Quick,base,killer_quick,64,3141,324,119,0.0288,True,False
Quick,base,killer_quick,64,9973,324,119,0.0289,True,False
Quick,base,killer_quick,64,31337,324,119,0.029,True,False
Quick,base,killer_quick,64,65537,324,119,0.029,True,False
Radix,base,killer_quick,64,42,0,128,0.0168,True,False
Radix,base,killer_quick,64,137,0,128,0.0165,True,False
Radix,base,killer_quick,64,1618,0,128,0.0166,True,False
Radix,base,killer_quick,64,2718,0,128,0.0166,True,False
Radix,base,killer_quick,64,3141,0,128,0.0164,True,False
Radix,base,killer_quick,64,9973,0,128,0.0168,True,False
Radix,base,killer_quick,64,31337,0,128,0.0167,True,False
Radix,base,killer_quick,64,65537,0,128,0.0166,True,False
Selection,base,killer_quick,64,42,2016,54,0.068,True,False
Selection,base,killer_quick,64,137,2016,54,0.0681,True,False
Selection,base,killer_quick,64,1618,2016,54,0.0677,True,False
Selection,base,killer_quick,64,2718,2016,54,0.0668,True,False
Selection,base,killer_quick,64,3141,2016,54,0.0669,True,False
Selection,base,killer_quick,64,9973,2016,54,0.0665,True,False
Selection,base,killer_quick,64,31337,2016,54,0.0666,True,False
Selection,base,killer_quick,64,65537,2016,54,0.0672,True,False
T_MHB,triplet,killer_quick,64,42,562,324,0.0569,True,False
T_MHB,triplet,killer_quick,64,137,562,324,0.0554,True,False
T_MHB,triplet,killer_quick,64,1618,562,324,0.0564,True,False
T_MHB,triplet,killer_quick,64,2718,562,324,0.0611,True,False
T_MHB,triplet,killer_quick,64,3141,562,324,0.059,True,False
T_MHB,triplet,killer_quick,64,9973,562,324,0.0565,True,False
T_MHB,triplet,killer_quick,64,31337,562,324,0.0558,True,False
T_MHB,triplet,killer_quick,64,65537,562,324,0.056,True,False
T_MHI,triplet,killer_quick,64,42,562,324,0.0553,True,False
T_MHI,triplet,killer_quick,64,137,562,324,0.0559,True,False
T_MHI,triplet,killer_quick,64,1618,562,324,0.0552,True,False
T_MHI,triplet,killer_quick,64,2718,562,324,0.06,True,False
T_MHI,triplet,killer_quick,64,3141,562,324,0.0555,True,False
T_MHI,triplet,killer_quick,64,9973,562,324,0.0617,True,False
T_MHI,triplet,killer_quick,64,31337,562,324,0.0617,True,False
T_MHI,triplet,killer_quick,64,65537,562,324,0.055,True,False
T_MHS,triplet,killer_quick,64,42,562,324,0.0551,True,False
T_MHS,triplet,killer_quick,64,137,562,324,0.0552,True,False
T_MHS,triplet,killer_quick,64,1618,562,324,0.0541,True,False
T_MHS,triplet,killer_quick,64,2718,562,324,0.0547,True,False
T_MHS,triplet,killer_quick,64,3141,562,324,0.0558,True,False
T_MHS,triplet,killer_quick,64,9973,562,324,0.0559,True,False
T_MHS,triplet,killer_quick,64,31337,562,324,0.0578,True,False
T_MHS,triplet,killer_quick,64,65537,562,324,0.0553,True,False
T_MIB,triplet,killer_quick,64,42,1055,992,0.0963,True,False
T_MIB,triplet,killer_quick,64,137,1055,992,0.094,True,False
T_MIB,triplet,killer_quick,64,1618,1055,992,0.0952,True,False
T_MIB,triplet,killer_quick,64,2718,1055,992,0.0941,True,False
T_MIB,triplet,killer_quick,64,3141,1055,992,0.0944,True,False
T_MIB,triplet,killer_quick,64,9973,1055,992,0.0954,True,False
T_MIB,triplet,killer_quick,64,31337,1055,992,0.0957,True,False
T_MIB,triplet,killer_quick,64,65537,1055,992,0.0939,True,False
T_MII,triplet,killer_quick,64,42,1055,992,0.0951,True,False
T_MII,triplet,killer_quick,64,137,1055,992,0.1066,True,False
T_MII,triplet,killer_quick,64,1618,1055,992,0.1066,True,False
T_MII,triplet,killer_quick,64,2718,1055,992,0.1072,True,False
T_MII,triplet,killer_quick,64,3141,1055,992,0.1076,True,False
T_MII,triplet,killer_quick,64,9973,1055,992,0.0956,True,False
T_MII,triplet,killer_quick,64,31337,1055,992,0.1075,True,False
T_MII,triplet,killer_quick,64,65537,1055,992,0.1046,True,False
T_MIS,triplet,killer_quick,64,42,1055,992,0.1036,True,False
T_MIS,triplet,killer_quick,64,137,1055,992,0.0941,True,False
T_MIS,triplet,killer_quick,64,1618,1055,992,0.0939,True,False
T_MIS,triplet,killer_quick,64,2718,1055,992,0.0923,True,False
T_MIS,triplet,killer_quick,64,3141,1055,992,0.0932,True,False
T_MIS,triplet,killer_quick,64,9973,1055,992,0.0926,True,False
T_MIS,triplet,killer_quick,64,31337,1055,992,0.0927,True,False
T_MIS,triplet,killer_quick,64,65537,1055,992,0.0946,True,False
T_MMB,triplet,killer_quick,64,42,464,352,0.0557,True,False
T_MMB,triplet,killer_quick,64,137,464,352,0.0483,True,False
T_MMB,triplet,killer_quick,64,1618,464,352,0.0563,True,False
T_MMB,triplet,killer_quick,64,2718,464,352,0.0504,True,False
T_MMB,triplet,killer_quick,64,3141,464,352,0.0483,True,False
T_MMB,triplet,killer_quick,64,9973,464,352,0.0472,True,False
T_MMB,triplet,killer_quick,64,31337,464,352,0.0472,True,False
T_MMB,triplet,killer_quick,64,65537,464,352,0.0475,True,False
T_MMI,triplet,killer_quick,64,42,380,352,0.0389,True,False
T_MMI,triplet,killer_quick,64,137,380,352,0.0385,True,False
T_MMI,triplet,killer_quick,64,1618,380,352,0.0394,True,False
T_MMI,triplet,killer_quick,64,2718,380,352,0.0401,True,False
T_MMI,triplet,killer_quick,64,3141,380,352,0.0384,True,False
T_MMI,triplet,killer_quick,64,9973,380,352,0.0385,True,False
T_MMI,triplet,killer_quick,64,31337,380,352,0.0388,True,False
T_MMI,triplet,killer_quick,64,65537,380,352,0.0388,True,False
T_MMS,triplet,killer_quick,64,42,576,176,0.0448,True,False
T_MMS,triplet,killer_quick,64,137,576,176,0.0455,True,False
T_MMS,triplet,killer_quick,64,1618,576,176,0.0454,True,False
T_MMS,triplet,killer_quick,64,2718,576,176,0.0452,True,False
T_MMS,triplet,killer_quick,64,3141,576,176,0.0453,True,False
T_MMS,triplet,killer_quick,64,9973,576,176,0.0454,True,False
T_MMS,triplet,killer_quick,64,31337,576,176,0.0453,True,False
T_MMS,triplet,killer_quick,64,65537,576,176,0.0449,True,False
T_MQB,triplet,killer_quick,64,42,471,222,0.0426,True,False
T_MQB,triplet,killer_quick,64,137,471,222,0.0417,True,False
T_MQB,triplet,killer_quick,64,1618,471,222,0.0425,True,False
T_MQB,triplet,killer_quick,64,2718,471,222,0.0435,True,False
T_MQB,triplet,killer_quick,64,3141,471,222,0.0425,True,False
T_MQB,triplet,killer_quick,64,9973,471,222,0.0432,True,False
T_MQB,triplet,killer_quick,64,31337,471,222,0.0418,True,False
T_MQB,triplet,killer_quick,64,65537,471,222,0.0417,True,False
T_MQI,triplet,killer_quick,64,42,375,222,0.032,True,False
T_MQI,triplet,killer_quick,64,137,375,222,0.0317,True,False
T_MQI,triplet,killer_quick,64,1618,375,222,0.0319,True,False
T_MQI,triplet,killer_quick,64,2718,375,222,0.0319,True,False
T_MQI,triplet,killer_quick,64,3141,375,222,0.0323,True,False
T_MQI,triplet,killer_quick,64,9973,375,222,0.0316,True,False
T_MQI,triplet,killer_quick,64,31337,375,222,0.0319,True,False
T_MQI,triplet,killer_quick,64,65537,375,222,0.0319,True,False
T_MQS,triplet,killer_quick,64,42,502,92,0.0374,True,False
T_MQS,triplet,killer_quick,64,137,502,92,0.037,True,False
T_MQS,triplet,killer_quick,64,1618,502,92,0.0372,True,False
T_MQS,triplet,killer_quick,64,2718,502,92,0.0375,True,False
T_MQS,triplet,killer_quick,64,3141,502,92,0.0371,True,False
T_MQS,triplet,killer_quick,64,9973,502,92,0.0372,True,False
T_MQS,triplet,killer_quick,64,31337,502,92,0.0373,True,False
T_MQS,triplet,killer_quick,64,65537,502,92,0.037,True,False
T_MRB,triplet,killer_quick,64,42,0,128,0.0189,True,False
T_MRB,triplet,killer_quick,64,137,0,128,0.0193,True,False
T_MRB,triplet,killer_quick,64,1618,0,128,0.0186,True,False
T_MRB,triplet,killer_quick,64,2718,0,128,0.0185,True,False
T_MRB,triplet,killer_quick,64,3141,0,128,0.0186,True,False
T_MRB,triplet,killer_quick,64,9973,0,128,0.0186,True,False
T_MRB,triplet,killer_quick,64,31337,0,128,0.0188,True,False
T_MRB,triplet,killer_quick,64,65537,0,128,0.0185,True,False
T_MRI,triplet,killer_quick,64,42,0,128,0.0186,True,False
T_MRI,triplet,killer_quick,64,137,0,128,0.0184,True,False
T_MRI,triplet,killer_quick,64,1618,0,128,0.0184,True,False
T_MRI,triplet,killer_quick,64,2718,0,128,0.0184,True,False
T_MRI,triplet,killer_quick,64,3141,0,128,0.0186,True,False
T_MRI,triplet,killer_quick,64,9973,0,128,0.0187,True,False
T_MRI,triplet,killer_quick,64,31337,0,128,0.0187,True,False
T_MRI,triplet,killer_quick,64,65537,0,128,0.019,True,False
T_MRS,triplet,killer_quick,64,42,0,128,0.0189,True,False
T_MRS,triplet,killer_quick,64,137,0,128,0.0186,True,False
T_MRS,triplet,killer_quick,64,1618,0,128,0.0186,True,False
T_MRS,triplet,killer_quick,64,2718,0,128,0.0189,True,False
T_MRS,triplet,killer_quick,64,3141,0,128,0.0187,True,False
T_MRS,triplet,killer_quick,64,9973,0,128,0.0188,True,False
T_MRS,triplet,killer_quick,64,31337,0,128,0.0187,True,False
T_MRS,triplet,killer_quick,64,65537,0,128,0.0187,True,False
T_MSB,triplet,killer_quick,64,42,2016,54,0.1111,True,False
T_MSB,triplet,killer_quick,64,137,2016,54,0.1017,True,False
T_MSB,triplet,killer_quick,64,1618,2016,54,0.1041,True,False
T_MSB,triplet,killer_quick,64,2718,2016,54,0.159,True,False
T_MSB,triplet,killer_quick,64,3141,2016,54,0.1124,True,False
T_MSB,triplet,killer_quick,64,9973,2016,54,0.1058,True,False
T_MSB,triplet,killer_quick,64,31337,2016,54,0.103,True,False
T_MSB,triplet,killer_quick,64,65537,2016,54,0.1069,True,False
T_MSI,triplet,killer_quick,64,42,2016,54,0.1057,True,False
T_MSI,triplet,killer_quick,64,137,2016,54,0.1053,True,False
T_MSI,triplet,killer_quick,64,1618,2016,54,0.1053,True,False
T_MSI,triplet,killer_quick,64,2718,2016,54,0.1028,True,False
T_MSI,triplet,killer_quick,64,3141,2016,54,0.1047,True,False
T_MSI,triplet,killer_quick,64,9973,2016,54,0.1173,True,False
T_MSI,triplet,killer_quick,64,31337,2016,54,0.1041,True,False
T_MSI,triplet,killer_quick,64,65537,2016,54,0.1045,True,False
T_MSS,triplet,killer_quick,64,42,2016,54,0.1035,True,False
T_MSS,triplet,killer_quick,64,137,2016,54,0.1041,True,False
T_MSS,triplet,killer_quick,64,1618,2016,54,0.104,True,False
T_MSS,triplet,killer_quick,64,2718,2016,54,0.1037,True,False
T_MSS,triplet,killer_quick,64,3141,2016,54,0.1042,True,False
T_MSS,triplet,killer_quick,64,9973,2016,54,0.1039,True,False
T_MSS,triplet,killer_quick,64,31337,2016,54,0.1036,True,False
T_MSS,triplet,killer_quick,64,65537,2016,54,0.1039,True,False
T_QHB,triplet,killer_quick,64,42,562,324,0.0562,True,False
T_QHB,triplet,killer_quick,64,137,562,324,0.0559,True,False
T_QHB,triplet,killer_quick,64,1618,562,324,0.0552,True,False
T_QHB,triplet,killer_quick,64,2718,562,324,0.0552,True,False
T_QHB,triplet,killer_quick,64,3141,562,324,0.055,True,False
T_QHB,triplet,killer_quick,64,9973,562,324,0.0551,True,False
T_QHB,triplet,killer_quick,64,31337,562,324,0.0551,True,False
T_QHB,triplet,killer_quick,64,65537,562,324,0.0551,True,False
T_QHI,triplet,killer_quick,64,42,562,324,0.0596,True,False
T_QHI,triplet,killer_quick,64,137,562,324,0.0551,True,False
T_QHI,triplet,killer_quick,64,1618,562,324,0.055,True,False
T_QHI,triplet,killer_quick,64,2718,562,324,0.0549,True,False
T_QHI,triplet,killer_quick,64,3141,562,324,0.0544,True,False
T_QHI,triplet,killer_quick,64,9973,562,324,0.0548,True,False
T_QHI,triplet,killer_quick,64,31337,562,324,0.0546,True,False
T_QHI,triplet,killer_quick,64,65537,562,324,0.0547,True,False
T_QHS,triplet,killer_quick,64,42,562,324,0.0558,True,False
T_QHS,triplet,killer_quick,64,137,562,324,0.0544,True,False
T_QHS,triplet,killer_quick,64,1618,562,324,0.054,True,False
T_QHS,triplet,killer_quick,64,2718,562,324,0.0536,True,False
T_QHS,triplet,killer_quick,64,3141,562,324,0.0532,True,False
T_QHS,triplet,killer_quick,64,9973,562,324,0.0542,True,False
T_QHS,triplet,killer_quick,64,31337,562,324,0.054,True,False
T_QHS,triplet,killer_quick,64,65537,562,324,0.0545,True,False
T_QIB,triplet,killer_quick,64,42,1055,992,0.0944,True,False
T_QIB,triplet,killer_quick,64,137,1055,992,0.0938,True,False
T_QIB,triplet,killer_quick,64,1618,1055,992,0.0931,True,False
T_QIB,triplet,killer_quick,64,2718,1055,992,0.0938,True,False
T_QIB,triplet,killer_quick,64,3141,1055,992,0.0944,True,False
T_QIB,triplet,killer_quick,64,9973,1055,992,0.0953,True,False
T_QIB,triplet,killer_quick,64,31337,1055,992,0.0962,True,False
T_QIB,triplet,killer_quick,64,65537,1055,992,0.0949,True,False
T_QII,triplet,killer_quick,64,42,1055,992,0.098,True,False
T_QII,triplet,killer_quick,64,137,1055,992,0.0991,True,False
T_QII,triplet,killer_quick,64,1618,1055,992,0.107,True,False
T_QII,triplet,killer_quick,64,2718,1055,992,0.0938,True,False
T_QII,triplet,killer_quick,64,3141,1055,992,0.0948,True,False
T_QII,triplet,killer_quick,64,9973,1055,992,0.0925,True,False
T_QII,triplet,killer_quick,64,31337,1055,992,0.0954,True,False
T_QII,triplet,killer_quick,64,65537,1055,992,0.093,True,False
T_QIS,triplet,killer_quick,64,42,1055,992,0.0928,True,False
T_QIS,triplet,killer_quick,64,137,1055,992,0.0928,True,False
T_QIS,triplet,killer_quick,64,1618,1055,992,0.093,True,False
T_QIS,triplet,killer_quick,64,2718,1055,992,0.0929,True,False
T_QIS,triplet,killer_quick,64,3141,1055,992,0.0945,True,False
T_QIS,triplet,killer_quick,64,9973,1055,992,0.0913,True,False
T_QIS,triplet,killer_quick,64,31337,1055,992,0.0922,True,False
T_QIS,triplet,killer_quick,64,65537,1055,992,0.0923,True,False
T_QMB,triplet,killer_quick,64,42,464,352,0.0477,True,False
T_QMB,triplet,killer_quick,64,137,464,352,0.0472,True,False
T_QMB,triplet,killer_quick,64,1618,464,352,0.0476,True,False
T_QMB,triplet,killer_quick,64,2718,464,352,0.0472,True,False
T_QMB,triplet,killer_quick,64,3141,464,352,0.0472,True,False
T_QMB,triplet,killer_quick,64,9973,464,352,0.0472,True,False
T_QMB,triplet,killer_quick,64,31337,464,352,0.0471,True,False
T_QMB,triplet,killer_quick,64,65537,464,352,0.0466,True,False
T_QMI,triplet,killer_quick,64,42,380,352,0.0386,True,False
T_QMI,triplet,killer_quick,64,137,380,352,0.0383,True,False
T_QMI,triplet,killer_quick,64,1618,380,352,0.0386,True,False
T_QMI,triplet,killer_quick,64,2718,380,352,0.0389,True,False
T_QMI,triplet,killer_quick,64,3141,380,352,0.0388,True,False
T_QMI,triplet,killer_quick,64,9973,380,352,0.0383,True,False
T_QMI,triplet,killer_quick,64,31337,380,352,0.0383,True,False
T_QMI,triplet,killer_quick,64,65537,380,352,0.0384,True,False
T_QMS,triplet,killer_quick,64,42,576,176,0.0449,True,False
T_QMS,triplet,killer_quick,64,137,576,176,0.0451,True,False
T_QMS,triplet,killer_quick,64,1618,576,176,0.0453,True,False
T_QMS,triplet,killer_quick,64,2718,576,176,0.0448,True,False
T_QMS,triplet,killer_quick,64,3141,576,176,0.045,True,False
T_QMS,triplet,killer_quick,64,9973,576,176,0.0451,True,False
T_QMS,triplet,killer_quick,64,31337,576,176,0.045,True,False
T_QMS,triplet,killer_quick,64,65537,576,176,0.0449,True,False
T_QQB,triplet,killer_quick,64,42,471,222,0.042,True,False
T_QQB,triplet,killer_quick,64,137,471,222,0.0419,True,False
T_QQB,triplet,killer_quick,64,1618,471,222,0.0424,True,False
T_QQB,triplet,killer_quick,64,2718,471,222,0.0422,True,False
T_QQB,triplet,killer_quick,64,3141,471,222,0.042,True,False
T_QQB,triplet,killer_quick,64,9973,471,222,0.0419,True,False
T_QQB,triplet,killer_quick,64,31337,471,222,0.0423,True,False
T_QQB,triplet,killer_quick,64,65537,471,222,0.0434,True,False
T_QQI,triplet,killer_quick,64,42,375,222,0.0334,True,False
T_QQI,triplet,killer_quick,64,137,375,222,0.032,True,False
T_QQI,triplet,killer_quick,64,1618,375,222,0.0319,True,False
T_QQI,triplet,killer_quick,64,2718,375,222,0.0316,True,False
T_QQI,triplet,killer_quick,64,3141,375,222,0.0318,True,False
T_QQI,triplet,killer_quick,64,9973,375,222,0.0317,True,False
T_QQI,triplet,killer_quick,64,31337,375,222,0.0329,True,False
T_QQI,triplet,killer_quick,64,65537,375,222,0.032,True,False
T_QQS,triplet,killer_quick,64,42,502,92,0.0372,True,False
T_QQS,triplet,killer_quick,64,137,502,92,0.0369,True,False
T_QQS,triplet,killer_quick,64,1618,502,92,0.0368,True,False
T_QQS,triplet,killer_quick,64,2718,502,92,0.0369,True,False
T_QQS,triplet,killer_quick,64,3141,502,92,0.0378,True,False
T_QQS,triplet,killer_quick,64,9973,502,92,0.0377,True,False
T_QQS,triplet,killer_quick,64,31337,502,92,0.0375,True,False
T_QQS,triplet,killer_quick,64,65537,502,92,0.0395,True,False
T_QRB,triplet,killer_quick,64,42,0,128,0.0192,True,False
T_QRB,triplet,killer_quick,64,137,0,128,0.019,True,False
T_QRB,triplet,killer_quick,64,1618,0,128,0.0219,True,False
T_QRB,triplet,killer_quick,64,2718,0,128,0.0216,True,False
T_QRB,triplet,killer_quick,64,3141,0,128,0.0214,True,False
T_QRB,triplet,killer_quick,64,9973,0,128,0.019,True,False
T_QRB,triplet,killer_quick,64,31337,0,128,0.0202,True,False
T_QRB,triplet,killer_quick,64,65537,0,128,0.0191,True,False
T_QRI,triplet,killer_quick,64,42,0,128,0.0229,True,False
T_QRI,triplet,killer_quick,64,137,0,128,0.0221,True,False
T_QRI,triplet,killer_quick,64,1618,0,128,0.0191,True,False
T_QRI,triplet,killer_quick,64,2718,0,128,0.0192,True,False
T_QRI,triplet,killer_quick,64,3141,0,128,0.0189,True,False
T_QRI,triplet,killer_quick,64,9973,0,128,0.019,True,False
T_QRI,triplet,killer_quick,64,31337,0,128,0.0189,True,False
T_QRI,triplet,killer_quick,64,65537,0,128,0.0192,True,False
T_QRS,triplet,killer_quick,64,42,0,128,0.019,True,False
T_QRS,triplet,killer_quick,64,137,0,128,0.019,True,False
T_QRS,triplet,killer_quick,64,1618,0,128,0.0192,True,False
T_QRS,triplet,killer_quick,64,2718,0,128,0.0189,True,False
T_QRS,triplet,killer_quick,64,3141,0,128,0.0186,True,False
T_QRS,triplet,killer_quick,64,9973,0,128,0.0214,True,False
T_QRS,triplet,killer_quick,64,31337,0,128,0.0211,True,False
T_QRS,triplet,killer_quick,64,65537,0,128,0.0187,True,False
T_QSB,triplet,killer_quick,64,42,2016,54,0.1111,True,False
T_QSB,triplet,killer_quick,64,137,2016,54,0.1046,True,False
T_QSB,triplet,killer_quick,64,1618,2016,54,0.1047,True,False
T_QSB,triplet,killer_quick,64,2718,2016,54,0.1099,True,False
T_QSB,triplet,killer_quick,64,3141,2016,54,0.1079,True,False
T_QSB,triplet,killer_quick,64,9973,2016,54,0.1047,True,False
T_QSB,triplet,killer_quick,64,31337,2016,54,0.1038,True,False
T_QSB,triplet,killer_quick,64,65537,2016,54,0.1038,True,False
T_QSI,triplet,killer_quick,64,42,2016,54,0.1041,True,False
T_QSI,triplet,killer_quick,64,137,2016,54,0.1038,True,False
T_QSI,triplet,killer_quick,64,1618,2016,54,0.1054,True,False
T_QSI,triplet,killer_quick,64,2718,2016,54,0.1053,True,False
T_QSI,triplet,killer_quick,64,3141,2016,54,0.1038,True,False
T_QSI,triplet,killer_quick,64,9973,2016,54,0.1034,True,False
T_QSI,triplet,killer_quick,64,31337,2016,54,0.1031,True,False
T_QSI,triplet,killer_quick,64,65537,2016,54,0.1036,True,False
T_QSS,triplet,killer_quick,64,42,2016,54,0.1034,True,False
T_QSS,triplet,killer_quick,64,137,2016,54,0.1055,True,False
T_QSS,triplet,killer_quick,64,1618,2016,54,0.1049,True,False
T_QSS,triplet,killer_quick,64,2718,2016,54,0.1159,True,False
T_QSS,triplet,killer_quick,64,3141,2016,54,0.1021,True,False
T_QSS,triplet,killer_quick,64,9973,2016,54,0.101,True,False
T_QSS,triplet,killer_quick,64,31337,2016,54,0.1012,True,False
T_QSS,triplet,killer_quick,64,65537,2016,54,0.1019,True,False
TimCustom,base,killer_quick,64,42,590,604,0.0533,True,False
TimCustom,base,killer_quick,64,137,590,604,0.0524,True,False
TimCustom,base,killer_quick,64,1618,590,604,0.0525,True,False
TimCustom,base,killer_quick,64,2718,590,604,0.0517,True,False
TimCustom,base,killer_quick,64,3141,590,604,0.0532,True,False
TimCustom,base,killer_quick,64,9973,590,604,0.0522,True,False
TimCustom,base,killer_quick,64,31337,590,604,0.0528,True,False
TimCustom,base,killer_quick,64,65537,590,604,0.0528,True,False
Bubble,base,nearly_sorted,64,42,2016,49,0.0731,True,False
Bubble,base,nearly_sorted,64,137,2016,57,0.074,True,False
Bubble,base,nearly_sorted,64,1618,2016,128,0.0771,True,False
Bubble,base,nearly_sorted,64,2718,2016,62,0.0744,True,False
Bubble,base,nearly_sorted,64,3141,2016,85,0.0809,True,False
Bubble,base,nearly_sorted,64,9973,2016,71,0.0907,True,False
Bubble,base,nearly_sorted,64,31337,2016,97,0.0843,True,False
Bubble,base,nearly_sorted,64,65537,2016,141,0.0871,True,False
Heap,base,nearly_sorted,64,42,596,361,0.0527,True,False
Heap,base,nearly_sorted,64,137,595,359,0.0466,True,False
Heap,base,nearly_sorted,64,1618,594,356,0.0462,True,False
Heap,base,nearly_sorted,64,2718,592,360,0.0477,True,False
Heap,base,nearly_sorted,64,3141,594,359,0.0481,True,False
Heap,base,nearly_sorted,64,9973,593,357,0.0464,True,False
Heap,base,nearly_sorted,64,31337,595,359,0.0465,True,False
Heap,base,nearly_sorted,64,65537,588,353,0.0462,True,False
Hybrid_Intro,hybrid,nearly_sorted,64,42,214,11,0.0145,True,False
Hybrid_Intro,hybrid,nearly_sorted,64,137,196,8,0.0151,True,False
Hybrid_Intro,hybrid,nearly_sorted,64,1618,192,9,0.0151,True,False
Hybrid_Intro,hybrid,nearly_sorted,64,2718,198,7,0.0132,True,False
Hybrid_Intro,hybrid,nearly_sorted,64,3141,211,7,0.0139,True,False
Hybrid_Intro,hybrid,nearly_sorted,64,9973,221,14,0.0148,True,False
Hybrid_Intro,hybrid,nearly_sorted,64,31337,193,9,0.0128,True,False
Hybrid_Intro,hybrid,nearly_sorted,64,65537,209,9,0.0138,True,False
Hybrid_MI,hybrid,nearly_sorted,64,42,172,151,0.0203,True,False
Hybrid_MI,hybrid,nearly_sorted,64,137,167,147,0.0197,True,False
Hybrid_MI,hybrid,nearly_sorted,64,1618,172,134,0.0194,True,False
Hybrid_MI,hybrid,nearly_sorted,64,2718,171,149,0.02,True,False
Hybrid_MI,hybrid,nearly_sorted,64,3141,189,146,0.021,True,False
Hybrid_MI,hybrid,nearly_sorted,64,9973,171,141,0.0208,True,False
Hybrid_MI,hybrid,nearly_sorted,64,31337,186,147,0.021,True,False
Hybrid_MI,hybrid,nearly_sorted,64,65537,193,146,0.0216,True,False
Hybrid_QI,hybrid,nearly_sorted,64,42,214,11,0.0142,True,False
Hybrid_QI,hybrid,nearly_sorted,64,137,196,8,0.0129,True,False
Hybrid_QI,hybrid,nearly_sorted,64,1618,192,9,0.0127,True,False
Hybrid_QI,hybrid,nearly_sorted,64,2718,198,7,0.0132,True,False
Hybrid_QI,hybrid,nearly_sorted,64,3141,211,7,0.0141,True,False
Hybrid_QI,hybrid,nearly_sorted,64,9973,221,14,0.0143,True,False
Hybrid_QI,hybrid,nearly_sorted,64,31337,193,9,0.0125,True,False
Hybrid_QI,hybrid,nearly_sorted,64,65537,209,9,0.0136,True,False
Hybrid_RI,hybrid,nearly_sorted,64,42,0,128,0.0169,True,False
Hybrid_RI,hybrid,nearly_sorted,64,137,0,128,0.0165,True,False
Hybrid_RI,hybrid,nearly_sorted,64,1618,0,128,0.0166,True,False
Hybrid_RI,hybrid,nearly_sorted,64,2718,0,128,0.0171,True,False
Hybrid_RI,hybrid,nearly_sorted,64,3141,0,128,0.017,True,False
Hybrid_RI,hybrid,nearly_sorted,64,9973,0,128,0.0169,True,False
Hybrid_RI,hybrid,nearly_sorted,64,31337,0,128,0.017,True,False
Hybrid_RI,hybrid,nearly_sorted,64,65537,0,128,0.0166,True,False
Insertion,base,nearly_sorted,64,42,112,75,0.0073,True,False
Insertion,base,nearly_sorted,64,137,120,87,0.008,True,False
Insertion,base,nearly_sorted,64,1618,191,168,0.012,True,False
Insertion,base,nearly_sorted,64,2718,125,94,0.0082,True,False
Insertion,base,nearly_sorted,64,3141,148,125,0.0095,True,False
Insertion,base,nearly_sorted,64,9973,134,98,0.0085,True,False
Insertion,base,nearly_sorted,64,31337,160,128,0.01,True,False
Insertion,base,nearly_sorted,64,65537,204,182,0.0123,True,False
Merge,base,nearly_sorted,64,42,219,384,0.049,True,False
Merge,base,nearly_sorted,64,137,219,384,0.0491,True,False
Merge,base,nearly_sorted,64,1618,234,384,0.0495,True,False
Merge,base,nearly_sorted,64,2718,221,384,0.0491,True,False
Merge,base,nearly_sorted,64,3141,237,384,0.0502,True,False
Merge,base,nearly_sorted,64,9973,224,384,0.0493,True,False
Merge,base,nearly_sorted,64,31337,228,384,0.0509,True,False
Merge,base,nearly_sorted,64,65537,241,384,0.0516,True,False
Quick,base,nearly_sorted,64,42,311,37,0.024,True,False
Quick,base,nearly_sorted,64,137,301,38,0.0231,True,False
Quick,base,nearly_sorted,64,1618,296,36,0.0221,True,False
Quick,base,nearly_sorted,64,2718,296,34,0.0219,True,False
Quick,base,nearly_sorted,64,3141,299,40,0.0223,True,False
Quick,base,nearly_sorted,64,9973,309,44,0.0233,True,False
Quick,base,nearly_sorted,64,31337,302,41,0.0235,True,False
Quick,base,nearly_sorted,64,65537,302,41,0.023,True,False
Radix,base,nearly_sorted,64,42,0,128,0.0164,True,False
Radix,base,nearly_sorted,64,137,0,128,0.0164,True,False
Radix,base,nearly_sorted,64,1618,0,128,0.0162,True,False
Radix,base,nearly_sorted,64,2718,0,128,0.0163,True,False
Radix,base,nearly_sorted,64,3141,0,128,0.0163,True,False
Radix,base,nearly_sorted,64,9973,0,128,0.0162,True,False
Radix,base,nearly_sorted,64,31337,0,128,0.0162,True,False
Radix,base,nearly_sorted,64,65537,0,128,0.0162,True,False
Selection,base,nearly_sorted,64,42,2016,3,0.0629,True,False
Selection,base,nearly_sorted,64,137,2016,3,0.0615,True,False
Selection,base,nearly_sorted,64,1618,2016,2,0.0614,True,False
Selection,base,nearly_sorted,64,2718,2016,2,0.0613,True,False
Selection,base,nearly_sorted,64,3141,2016,3,0.063,True,False
Selection,base,nearly_sorted,64,9973,2016,3,0.0618,True,False
Selection,base,nearly_sorted,64,31337,2016,3,0.0623,True,False
Selection,base,nearly_sorted,64,65537,2016,3,0.0631,True,False
T_MHB,triplet,nearly_sorted,64,42,596,361,0.0584,True,False
T_MHB,triplet,nearly_sorted,64,137,595,359,0.0583,True,False
T_MHB,triplet,nearly_sorted,64,1618,594,356,0.0577,True,False
T_MHB,triplet,nearly_sorted,64,2718,592,360,0.0607,True,False
T_MHB,triplet,nearly_sorted,64,3141,594,359,0.0598,True,False
T_MHB,triplet,nearly_sorted,64,9973,593,357,0.0597,True,False
T_MHB,triplet,nearly_sorted,64,31337,595,359,0.0591,True,False
T_MHB,triplet,nearly_sorted,64,65537,588,353,0.0589,True,False
T_MHI,triplet,nearly_sorted,64,42,596,361,0.0604,True,False
T_MHI,triplet,nearly_sorted,64,137,595,359,0.059,True,False
T_MHI,triplet,nearly_sorted,64,1618,594,356,0.0595,True,False
T_MHI,triplet,nearly_sorted,64,2718,592,360,0.0605,True,False
T_MHI,triplet,nearly_sorted,64,3141,594,359,0.0599,True,False
T_MHI,triplet,nearly_sorted,64,9973,593,357,0.0602,True,False
T_MHI,triplet,nearly_sorted,64,31337,595,359,0.0592,True,False
T_MHI,triplet,nearly_sorted,64,65537,588,353,0.059,True,False
T_MHS,triplet,nearly_sorted,64,42,596,361,0.0589,True,False
T_MHS,triplet,nearly_sorted,64,137,595,359,0.0591,True,False
T_MHS,triplet,nearly_sorted,64,1618,594,356,0.0591,True,False
T_MHS,triplet,nearly_sorted,64,2718,592,360,0.064,True,False
T_MHS,triplet,nearly_sorted,64,3141,594,359,0.0642,True,False
T_MHS,triplet,nearly_sorted,64,9973,593,357,0.0575,True,False
T_MHS,triplet,nearly_sorted,64,31337,595,359,0.0577,True,False
T_MHS,triplet,nearly_sorted,64,65537,588,353,0.0567,True,False
T_MIB,triplet,nearly_sorted,64,42,112,49,0.0099,True,False
T_MIB,triplet,nearly_sorted,64,137,120,57,0.0108,True,False
T_MIB,triplet,nearly_sorted,64,1618,191,128,0.0169,True,False
T_MIB,triplet,nearly_sorted,64,2718,125,62,0.0112,True,False
T_MIB,triplet,nearly_sorted,64,3141,148,85,0.0134,True,False
T_MIB,triplet,nearly_sorted,64,9973,134,71,0.0121,True,False
T_MIB,triplet,nearly_sorted,64,31337,160,97,0.0143,True,False
T_MIB,triplet,nearly_sorted,64,65537,204,141,0.018,True,False
T_MII,triplet,nearly_sorted,64,42,112,49,0.0104,True,False
T_MII,triplet,nearly_sorted,64,137,120,57,0.0108,True,False
T_MII,triplet,nearly_sorted,64,1618,191,128,0.0173,True,False
T_MII,triplet,nearly_sorted,64,2718,125,62,0.0114,True,False
T_MII,triplet,nearly_sorted,64,3141,148,85,0.0132,True,False
T_MII,triplet,nearly_sorted,64,9973,134,71,0.0119,True,False
T_MII,triplet,nearly_sorted,64,31337,160,97,0.0141,True,False
T_MII,triplet,nearly_sorted,64,65537,204,141,0.018,True,False
T_MIS,triplet,nearly_sorted,64,42,112,49,0.0104,True,False
T_MIS,triplet,nearly_sorted,64,137,120,57,0.0107,True,False
T_MIS,triplet,nearly_sorted,64,1618,191,128,0.0173,True,False
T_MIS,triplet,nearly_sorted,64,2718,125,62,0.0148,True,False
T_MIS,triplet,nearly_sorted,64,3141,148,85,0.023,True,False
T_MIS,triplet,nearly_sorted,64,9973,134,71,0.0124,True,False
T_MIS,triplet,nearly_sorted,64,31337,160,97,0.0145,True,False
T_MIS,triplet,nearly_sorted,64,65537,204,141,0.0183,True,False
T_MMB,triplet,nearly_sorted,64,42,365,173,0.0335,True,False
T_MMB,triplet,nearly_sorted,64,137,292,160,0.0279,True,False
T_MMB,triplet,nearly_sorted,64,1618,294,143,0.0269,True,False
T_MMB,triplet,nearly_sorted,64,2718,318,164,0.0296,True,False
T_MMB,triplet,nearly_sorted,64,3141,401,166,0.0345,True,False
T_MMB,triplet,nearly_sorted,64,9973,271,161,0.0269,True,False
T_MMB,triplet,nearly_sorted,64,31337,328,174,0.031,True,False
T_MMB,triplet,nearly_sorted,64,65537,322,164,0.0297,True,False
T_MMI,triplet,nearly_sorted,64,42,172,173,0.0221,True,False
T_MMI,triplet,nearly_sorted,64,137,167,160,0.0214,True,False
T_MMI,triplet,nearly_sorted,64,1618,172,143,0.0215,True,False
T_MMI,triplet,nearly_sorted,64,2718,171,164,0.0217,True,False
T_MMI,triplet,nearly_sorted,64,3141,189,166,0.0227,True,False
T_MMI,triplet,nearly_sorted,64,9973,171,161,0.0219,True,False
T_MMI,triplet,nearly_sorted,64,31337,186,174,0.0228,True,False
T_MMI,triplet,nearly_sorted,64,65537,193,164,0.0229,True,False
T_MMS,triplet,nearly_sorted,64,42,548,133,0.0414,True,False
T_MMS,triplet,nearly_sorted,64,137,557,152,0.0428,True,False
T_MMS,triplet,nearly_sorted,64,1618,579,141,0.0433,True,False
T_MMS,triplet,nearly_sorted,64,2718,556,154,0.0426,True,False
T_MMS,triplet,nearly_sorted,64,3141,572,144,0.043,True,False
T_MMS,triplet,nearly_sorted,64,9973,559,155,0.043,True,False
T_MMS,triplet,nearly_sorted,64,31337,562,156,0.0437,True,False
T_MMS,triplet,nearly_sorted,64,65537,579,156,0.0448,True,False
T_MQB,triplet,nearly_sorted,64,42,214,11,0.015,True,False
T_MQB,triplet,nearly_sorted,64,137,242,17,0.016,True,False
T_MQB,triplet,nearly_sorted,64,1618,223,14,0.015,True,False
T_MQB,triplet,nearly_sorted,64,2718,250,18,0.0166,True,False
T_MQB,triplet,nearly_sorted,64,3141,314,31,0.0212,True,False
T_MQB,triplet,nearly_sorted,64,9973,252,27,0.0181,True,False
T_MQB,triplet,nearly_sorted,64,31337,237,15,0.0157,True,False
T_MQB,triplet,nearly_sorted,64,65537,297,31,0.0203,True,False
T_MQI,triplet,nearly_sorted,64,42,214,11,0.0159,True,False
T_MQI,triplet,nearly_sorted,64,137,196,17,0.0149,True,False
T_MQI,triplet,nearly_sorted,64,1618,192,14,0.0144,True,False
T_MQI,triplet,nearly_sorted,64,2718,198,18,0.0147,True,False
T_MQI,triplet,nearly_sorted,64,3141,211,31,0.016,True,False
T_MQI,triplet,nearly_sorted,64,9973,221,27,0.0171,True,False
T_MQI,triplet,nearly_sorted,64,31337,193,15,0.0146,True,False
T_MQI,triplet,nearly_sorted,64,65537,209,31,0.0161,True,False
T_MQS,triplet,nearly_sorted,64,42,512,11,0.0334,True,False
T_MQS,triplet,nearly_sorted,64,137,565,9,0.0348,True,False
T_MQS,triplet,nearly_sorted,64,1618,565,10,0.0356,True,False
T_MQS,triplet,nearly_sorted,64,2718,565,8,0.0347,True,False
T_MQS,triplet,nearly_sorted,64,3141,565,9,0.0345,True,False
T_MQS,triplet,nearly_sorted,64,9973,507,15,0.0336,True,False
T_MQS,triplet,nearly_sorted,64,31337,565,11,0.0349,True,False
T_MQS,triplet,nearly_sorted,64,65537,565,11,0.0349,True,False
T_MRB,triplet,nearly_sorted,64,42,0,128,0.019,True,False
T_MRB,triplet,nearly_sorted,64,137,0,128,0.0188,True,False
T_MRB,triplet,nearly_sorted,64,1618,0,128,0.0191,True,False
T_MRB,triplet,nearly_sorted,64,2718,0,128,0.0188,True,False
T_MRB,triplet,nearly_sorted,64,3141,0,128,0.0191,True,False
T_MRB,triplet,nearly_sorted,64,9973,0,128,0.0191,True,False
T_MRB,triplet,nearly_sorted,64,31337,0,128,0.0191,True,False
T_MRB,triplet,nearly_sorted,64,65537,0,128,0.0191,True,False
T_MRI,triplet,nearly_sorted,64,42,0,128,0.0188,True,False
T_MRI,triplet,nearly_sorted,64,137,0,128,0.0191,True,False
T_MRI,triplet,nearly_sorted,64,1618,0,128,0.0188,True,False
T_MRI,triplet,nearly_sorted,64,2718,0,128,0.0191,True,False
T_MRI,triplet,nearly_sorted,64,3141,0,128,0.0194,True,False
T_MRI,triplet,nearly_sorted,64,9973,0,128,0.0189,True,False
T_MRI,triplet,nearly_sorted,64,31337,0,128,0.019,True,False
T_MRI,triplet,nearly_sorted,64,65537,0,128,0.0188,True,False
T_MRS,triplet,nearly_sorted,64,42,0,128,0.019,True,False
T_MRS,triplet,nearly_sorted,64,137,0,128,0.0188,True,False
T_MRS,triplet,nearly_sorted,64,1618,0,128,0.0188,True,False
T_MRS,triplet,nearly_sorted,64,2718,0,128,0.0188,True,False
T_MRS,triplet,nearly_sorted,64,3141,0,128,0.0188,True,False
T_MRS,triplet,nearly_sorted,64,9973,0,128,0.0187,True,False
T_MRS,triplet,nearly_sorted,64,31337,0,128,0.0188,True,False
T_MRS,triplet,nearly_sorted,64,65537,0,128,0.019,True,False
T_MSB,triplet,nearly_sorted,64,42,2016,3,0.0986,True,False
T_MSB,triplet,nearly_sorted,64,137,2016,3,0.0999,True,False
T_MSB,triplet,nearly_sorted,64,1618,2016,2,0.1035,True,False
T_MSB,triplet,nearly_sorted,64,2718,2016,2,0.1,True,False
T_MSB,triplet,nearly_sorted,64,3141,2016,3,0.1003,True,False
T_MSB,triplet,nearly_sorted,64,9973,2016,3,0.1006,True,False
T_MSB,triplet,nearly_sorted,64,31337,2016,3,0.0989,True,False
T_MSB,triplet,nearly_sorted,64,65537,2016,3,0.1003,True,False
T_MSI,triplet,nearly_sorted,64,42,2016,3,0.0999,True,False
T_MSI,triplet,nearly_sorted,64,137,2016,3,0.0992,True,False
T_MSI,triplet,nearly_sorted,64,1618,2016,2,0.0996,True,False
T_MSI,triplet,nearly_sorted,64,2718,2016,2,0.1045,True,False
T_MSI,triplet,nearly_sorted,64,3141,2016,3,0.1003,True,False
T_MSI,triplet,nearly_sorted,64,9973,2016,3,0.0985,True,False
T_MSI,triplet,nearly_sorted,64,31337,2016,3,0.0988,True,False
T_MSI,triplet,nearly_sorted,64,65537,2016,3,0.1002,True,False
T_MSS,triplet,nearly_sorted,64,42,2016,3,0.0988,True,False
T_MSS,triplet,nearly_sorted,64,137,2016,3,0.0993,True,False
T_MSS,triplet,nearly_sorted,64,1618,2016,2,0.0984,True,False
T_MSS,triplet,nearly_sorted,64,2718,2016,2,0.0983,True,False
T_MSS,triplet,nearly_sorted,64,3141,2016,3,0.0998,True,False
T_MSS,triplet,nearly_sorted,64,9973,2016,3,0.1023,True,False
T_MSS,triplet,nearly_sorted,64,31337,2016,3,0.1014,True,False
T_MSS,triplet,nearly_sorted,64,65537,2016,3,0.1014,True,False
T_QHB,triplet,nearly_sorted,64,42,596,361,0.0597,True,False
T_QHB,triplet,nearly_sorted,64,137,595,359,0.0597,True,False
T_QHB,triplet,nearly_sorted,64,1618,594,356,0.059,True,False
T_QHB,triplet,nearly_sorted,64,2718,592,360,0.0589,True,False
T_QHB,triplet,nearly_sorted,64,3141,594,359,0.0593,True,False
T_QHB,triplet,nearly_sorted,64,9973,593,357,0.0595,True,False
T_QHB,triplet,nearly_sorted,64,31337,595,359,0.0588,True,False
T_QHB,triplet,nearly_sorted,64,65537,588,353,0.0592,True,False
T_QHI,triplet,nearly_sorted,64,42,596,361,0.0591,True,False
T_QHI,triplet,nearly_sorted,64,137,595,359,0.0597,True,False
T_QHI,triplet,nearly_sorted,64,1618,594,356,0.0607,True,False
T_QHI,triplet,nearly_sorted,64,2718,592,360,0.0598,True,False
T_QHI,triplet,nearly_sorted,64,3141,594,359,0.0598,True,False
T_QHI,triplet,nearly_sorted,64,9973,593,357,0.0608,True,False
T_QHI,triplet,nearly_sorted,64,31337,595,359,0.0598,True,False
T_QHI,triplet,nearly_sorted,64,65537,588,353,0.0587,True,False
T_QHS,triplet,nearly_sorted,64,42,596,361,0.0598,True,False
T_QHS,triplet,nearly_sorted,64,137,595,359,0.0596,True,False
T_QHS,triplet,nearly_sorted,64,1618,594,356,0.0597,True,False
T_QHS,triplet,nearly_sorted,64,2718,592,360,0.0601,True,False
T_QHS,triplet,nearly_sorted,64,3141,594,359,0.0603,True,False
T_QHS,triplet,nearly_sorted,64,9973,593,357,0.0601,True,False
T_QHS,triplet,nearly_sorted,64,31337,595,359,0.0727,True,False
T_QHS,triplet,nearly_sorted,64,65537,588,353,0.0677,True,False
T_QIB,triplet,nearly_sorted,64,42,112,49,0.0105,True,False
T_QIB,triplet,nearly_sorted,64,137,120,57,0.0116,True,False
T_QIB,triplet,nearly_sorted,64,1618,191,128,0.0175,True,False
T_QIB,triplet,nearly_sorted,64,2718,125,62,0.0128,True,False
T_QIB,triplet,nearly_sorted,64,3141,148,85,0.0157,True,False
T_QIB,triplet,nearly_sorted,64,9973,134,71,0.0138,True,False
T_QIB,triplet,nearly_sorted,64,31337,160,97,0.0157,True,False
T_QIB,triplet,nearly_sorted,64,65537,204,141,0.0181,True,False
T_QII,triplet,nearly_sorted,64,42,112,49,0.0103,True,False
T_QII,triplet,nearly_sorted,64,137,120,57,0.011,True,False
T_QII,triplet,nearly_sorted,64,1618,191,128,0.0172,True,False
T_QII,triplet,nearly_sorted,64,2718,125,62,0.0113,True,False
T_QII,triplet,nearly_sorted,64,3141,148,85,0.0138,True,False
T_QII,triplet,nearly_sorted,64,9973,134,71,0.0121,True,False
T_QII,triplet,nearly_sorted,64,31337,160,97,0.0144,True,False
T_QII,triplet,nearly_sorted,64,65537,204,141,0.0181,True,False
T_QIS,triplet,nearly_sorted,64,42,112,49,0.0102,True,False
T_QIS,triplet,nearly_sorted,64,137,120,57,0.0109,True,False
T_QIS,triplet,nearly_sorted,64,1618,191,128,0.0166,True,False
T_QIS,triplet,nearly_sorted,64,2718,125,62,0.0116,True,False
T_QIS,triplet,nearly_sorted,64,3141,148,85,0.0134,True,False
T_QIS,triplet,nearly_sorted,64,9973,134,71,0.0123,True,False
T_QIS,triplet,nearly_sorted,64,31337,160,97,0.0154,True,False
T_QIS,triplet,nearly_sorted,64,65537,204,141,0.0205,True,False
T_QMB,triplet,nearly_sorted,64,42,365,173,0.0338,True,False
T_QMB,triplet,nearly_sorted,64,137,292,160,0.0277,True,False
T_QMB,triplet,nearly_sorted,64,1618,294,143,0.0279,True,False
T_QMB,triplet,nearly_sorted,64,2718,318,164,0.03,True,False
T_QMB,triplet,nearly_sorted,64,3141,401,166,0.0346,True,False
T_QMB,triplet,nearly_sorted,64,9973,271,161,0.027,True,False
T_QMB,triplet,nearly_sorted,64,31337,328,174,0.0312,True,False
T_QMB,triplet,nearly_sorted,64,65537,322,164,0.0302,True,False
T_QMI,triplet,nearly_sorted,64,42,172,173,0.0222,True,False
T_QMI,triplet,nearly_sorted,64,137,167,160,0.0217,True,False
T_QMI,triplet,nearly_sorted,64,1618,172,143,0.0211,True,False
T_QMI,triplet,nearly_sorted,64,2718,171,164,0.0218,True,False
T_QMI,triplet,nearly_sorted,64,3141,189,166,0.0229,True,False
T_QMI,triplet,nearly_sorted,64,9973,171,161,0.0217,True,False
T_QMI,triplet,nearly_sorted,64,31337,186,174,0.0233,True,False
T_QMI,triplet,nearly_sorted,64,65537,193,164,0.0265,True,False
T_QMS,triplet,nearly_sorted,64,42,548,133,0.0474,True,False
T_QMS,triplet,nearly_sorted,64,137,557,152,0.0459,True,False
T_QMS,triplet,nearly_sorted,64,1618,579,141,0.0439,True,False
T_QMS,triplet,nearly_sorted,64,2718,556,154,0.0434,True,False
T_QMS,triplet,nearly_sorted,64,3141,572,144,0.0433,True,False
T_QMS,triplet,nearly_sorted,64,9973,559,155,0.0435,True,False
T_QMS,triplet,nearly_sorted,64,31337,562,156,0.0441,True,False
T_QMS,triplet,nearly_sorted,64,65537,579,156,0.0448,True,False
T_QQB,triplet,nearly_sorted,64,42,214,11,0.0151,True,False
T_QQB,triplet,nearly_sorted,64,137,242,17,0.0162,True,False
T_QQB,triplet,nearly_sorted,64,1618,223,14,0.0149,True,False
T_QQB,triplet,nearly_sorted,64,2718,250,18,0.0169,True,False
T_QQB,triplet,nearly_sorted,64,3141,314,31,0.0215,True,False
T_QQB,triplet,nearly_sorted,64,9973,252,27,0.0178,True,False
T_QQB,triplet,nearly_sorted,64,31337,237,15,0.0157,True,False
T_QQB,triplet,nearly_sorted,64,65537,297,31,0.0204,True,False
T_QQI,triplet,nearly_sorted,64,42,214,11,0.0157,True,False
T_QQI,triplet,nearly_sorted,64,137,196,17,0.0167,True,False
T_QQI,triplet,nearly_sorted,64,1618,192,14,0.016,True,False
T_QQI,triplet,nearly_sorted,64,2718,198,18,0.0149,True,False
T_QQI,triplet,nearly_sorted,64,3141,211,31,0.016,True,False
T_QQI,triplet,nearly_sorted,64,9973,221,27,0.017,True,False
T_QQI,triplet,nearly_sorted,64,31337,193,15,0.0145,True,False
T_QQI,triplet,nearly_sorted,64,65537,209,31,0.0162,True,False
T_QQS,triplet,nearly_sorted,64,42,512,11,0.0333,True,False
T_QQS,triplet,nearly_sorted,64,137,565,9,0.0357,True,False
T_QQS,triplet,nearly_sorted,64,1618,565,10,0.0352,True,False
T_QQS,triplet,nearly_sorted,64,2718,565,8,0.0354,True,False
T_QQS,triplet,nearly_sorted,64,3141,565,9,0.0392,True,False
T_QQS,triplet,nearly_sorted,64,9973,507,15,0.0375,True,False
T_QQS,triplet,nearly_sorted,64,31337,565,11,0.0419,True,False
T_QQS,triplet,nearly_sorted,64,65537,565,11,0.0398,True,False
T_QRB,triplet,nearly_sorted,64,42,0,128,0.0226,True,False
T_QRB,triplet,nearly_sorted,64,137,0,128,0.0225,True,False
T_QRB,triplet,nearly_sorted,64,1618,0,128,0.0222,True,False
T_QRB,triplet,nearly_sorted,64,2718,0,128,0.0213,True,False
T_QRB,triplet,nearly_sorted,64,3141,0,128,0.0207,True,False
T_QRB,triplet,nearly_sorted,64,9973,0,128,0.0196,True,False
T_QRB,triplet,nearly_sorted,64,31337,0,128,0.0192,True,False
T_QRB,triplet,nearly_sorted,64,65537,0,128,0.0194,True,False
T_QRI,triplet,nearly_sorted,64,42,0,128,0.0215,True,False
T_QRI,triplet,nearly_sorted,64,137,0,128,0.0216,True,False
T_QRI,triplet,nearly_sorted,64,1618,0,128,0.0217,True,False
T_QRI,triplet,nearly_sorted,64,2718,0,128,0.0215,True,False
T_QRI,triplet,nearly_sorted,64,3141,0,128,0.0217,True,False
T_QRI,triplet,nearly_sorted,64,9973,0,128,0.0213,True,False
T_QRI,triplet,nearly_sorted,64,31337,0,128,0.0214,True,False
T_QRI,triplet,nearly_sorted,64,65537,0,128,0.0216,True,False
T_QRS,triplet,nearly_sorted,64,42,0,128,0.0213,True,False
T_QRS,triplet,nearly_sorted,64,137,0,128,0.0214,True,False
T_QRS,triplet,nearly_sorted,64,1618,0,128,0.0218,True,False
T_QRS,triplet,nearly_sorted,64,2718,0,128,0.0215,True,False
T_QRS,triplet,nearly_sorted,64,3141,0,128,0.0216,True,False
T_QRS,triplet,nearly_sorted,64,9973,0,128,0.0211,True,False
T_QRS,triplet,nearly_sorted,64,31337,0,128,0.019,True,False
T_QRS,triplet,nearly_sorted,64,65537,0,128,0.0191,True,False
T_QSB,triplet,nearly_sorted,64,42,2016,3,0.1007,True,False
T_QSB,triplet,nearly_sorted,64,137,2016,3,0.098,True,False
T_QSB,triplet,nearly_sorted,64,1618,2016,2,0.099,True,False
T_QSB,triplet,nearly_sorted,64,2718,2016,2,0.1558,True,False
T_QSB,triplet,nearly_sorted,64,3141,2016,3,0.1004,True,False
T_QSB,triplet,nearly_sorted,64,9973,2016,3,0.0996,True,False
T_QSB,triplet,nearly_sorted,64,31337,2016,3,0.0994,True,False
T_QSB,triplet,nearly_sorted,64,65537,2016,3,0.108,True,False
T_QSI,triplet,nearly_sorted,64,42,2016,3,0.0977,True,False
T_QSI,triplet,nearly_sorted,64,137,2016,3,0.0991,True,False
T_QSI,triplet,nearly_sorted,64,1618,2016,2,0.0982,True,False
T_QSI,triplet,nearly_sorted,64,2718,2016,2,0.099,True,False
T_QSI,triplet,nearly_sorted,64,3141,2016,3,0.0997,True,False
T_QSI,triplet,nearly_sorted,64,9973,2016,3,0.0994,True,False
T_QSI,triplet,nearly_sorted,64,31337,2016,3,0.1004,True,False
T_QSI,triplet,nearly_sorted,64,65537,2016,3,0.1011,True,False
T_QSS,triplet,nearly_sorted,64,42,2016,3,0.0992,True,False
T_QSS,triplet,nearly_sorted,64,137,2016,3,0.1,True,False
T_QSS,triplet,nearly_sorted,64,1618,2016,2,0.1012,True,False
T_QSS,triplet,nearly_sorted,64,2718,2016,2,0.0993,True,False
T_QSS,triplet,nearly_sorted,64,3141,2016,3,0.1125,True,False
T_QSS,triplet,nearly_sorted,64,9973,2016,3,0.121,True,False
T_QSS,triplet,nearly_sorted,64,31337,2016,3,0.0988,True,False
T_QSS,triplet,nearly_sorted,64,65537,2016,3,0.1093,True,False
TimCustom,base,nearly_sorted,64,42,142,132,0.0177,True,False
TimCustom,base,nearly_sorted,64,137,151,151,0.0182,True,False
TimCustom,base,nearly_sorted,64,1618,175,148,0.0194,True,False
TimCustom,base,nearly_sorted,64,2718,156,158,0.0186,True,False
TimCustom,base,nearly_sorted,64,3141,174,136,0.0191,True,False
TimCustom,base,nearly_sorted,64,9973,165,162,0.0195,True,False
TimCustom,base,nearly_sorted,64,31337,165,151,0.0195,True,False
TimCustom,base,nearly_sorted,64,65537,179,157,0.0202,True,False
Bubble,base,pipe_organ,64,42,2016,961,0.1186,True,False
Bubble,base,pipe_organ,64,137,2016,961,0.1145,True,False
Bubble,base,pipe_organ,64,1618,2016,961,0.1208,True,False
Bubble,base,pipe_organ,64,2718,2016,961,0.1221,True,False
Bubble,base,pipe_organ,64,3141,2016,961,0.1257,True,False
Bubble,base,pipe_organ,64,9973,2016,961,0.1257,True,False
Bubble,base,pipe_organ,64,31337,2016,961,0.1261,True,False
Bubble,base,pipe_organ,64,65537,2016,961,0.1235,True,False
Heap,base,pipe_organ,64,42,578,326,0.0496,True,False
Heap,base,pipe_organ,64,137,578,326,0.0446,True,False
Heap,base,pipe_organ,64,1618,578,326,0.0447,True,False
Heap,base,pipe_organ,64,2718,578,326,0.0449,True,False
Heap,base,pipe_organ,64,3141,578,326,0.0446,True,False
Heap,base,pipe_organ,64,9973,578,326,0.0509,True,False
Heap,base,pipe_organ,64,31337,578,326,0.05,True,False
Heap,base,pipe_organ,64,65537,578,326,0.0444,True,False
Hybrid_Intro,hybrid,pipe_organ,64,42,588,50,0.0403,True,False
Hybrid_Intro,hybrid,pipe_organ,64,137,588,50,0.0398,True,False
Hybrid_Intro,hybrid,pipe_organ,64,1618,588,50,0.0396,True,False
Hybrid_Intro,hybrid,pipe_organ,64,2718,588,50,0.0392,True,False
Hybrid_Intro,hybrid,pipe_organ,64,3141,588,50,0.0395,True,False
Hybrid_Intro,hybrid,pipe_organ,64,9973,588,50,0.0394,True,False
Hybrid_Intro,hybrid,pipe_organ,64,31337,588,50,0.0394,True,False
Hybrid_Intro,hybrid,pipe_organ,64,65537,588,50,0.0395,True,False
Hybrid_MI,hybrid,pipe_organ,64,42,364,158,0.0379,True,False
Hybrid_MI,hybrid,pipe_organ,64,137,364,158,0.0368,True,False
Hybrid_MI,hybrid,pipe_organ,64,1618,364,158,0.0338,True,False
Hybrid_MI,hybrid,pipe_organ,64,2718,364,158,0.0335,True,False
Hybrid_MI,hybrid,pipe_organ,64,3141,364,158,0.0335,True,False
Hybrid_MI,hybrid,pipe_organ,64,9973,364,158,0.0337,True,False
Hybrid_MI,hybrid,pipe_organ,64,31337,364,158,0.0336,True,False
Hybrid_MI,hybrid,pipe_organ,64,65537,364,158,0.0375,True,False
Hybrid_QI,hybrid,pipe_organ,64,42,588,50,0.04,True,False
Hybrid_QI,hybrid,pipe_organ,64,137,588,50,0.0391,True,False
Hybrid_QI,hybrid,pipe_organ,64,1618,588,50,0.0439,True,False
Hybrid_QI,hybrid,pipe_organ,64,2718,588,50,0.0439,True,False
Hybrid_QI,hybrid,pipe_organ,64,3141,588,50,0.0393,True,False
Hybrid_QI,hybrid,pipe_organ,64,9973,588,50,0.0397,True,False
Hybrid_QI,hybrid,pipe_organ,64,31337,588,50,0.0395,True,False
Hybrid_QI,hybrid,pipe_organ,64,65537,588,50,0.0392,True,False
Hybrid_RI,hybrid,pipe_organ,64,42,0,128,0.0173,True,False
Hybrid_RI,hybrid,pipe_organ,64,137,0,128,0.0173,True,False
Hybrid_RI,hybrid,pipe_organ,64,1618,0,128,0.0193,True,False
Hybrid_RI,hybrid,pipe_organ,64,2718,0,128,0.0174,True,False
Hybrid_RI,hybrid,pipe_organ,64,3141,0,128,0.0171,True,False
Hybrid_RI,hybrid,pipe_organ,64,9973,0,128,0.0172,True,False
Hybrid_RI,hybrid,pipe_organ,64,31337,0,128,0.0171,True,False
Hybrid_RI,hybrid,pipe_organ,64,65537,0,128,0.0171,True,False
Insertion,base,pipe_organ,64,42,1024,992,0.0641,True,False
Insertion,base,pipe_organ,64,137,1024,992,0.072,True,False
Insertion,base,pipe_organ,64,1618,1024,992,0.0723,True,False
Insertion,base,pipe_organ,64,2718,1024,992,0.0715,True,False
Insertion,base,pipe_organ,64,3141,1024,992,0.0699,True,False
Insertion,base,pipe_organ,64,9973,1024,992,0.0705,True,False
Insertion,base,pipe_organ,64,31337,1024,992,0.071,True,False
Insertion,base,pipe_organ,64,65537,1024,992,0.0706,True,False
Merge,base,pipe_organ,64,42,222,384,0.0515,True,False
Merge,base,pipe_organ,64,137,222,384,0.0551,True,False
Merge,base,pipe_organ,64,1618,222,384,0.0503,True,False
Merge,base,pipe_organ,64,2718,222,384,0.0507,True,False
Merge,base,pipe_organ,64,3141,222,384,0.0565,True,False
Merge,base,pipe_organ,64,9973,222,384,0.0602,True,False
Merge,base,pipe_organ,64,31337,222,384,0.058,True,False
Merge,base,pipe_organ,64,65537,222,384,0.0548,True,False
Quick,base,pipe_organ,64,42,518,103,0.0402,True,False
Quick,base,pipe_organ,64,137,518,103,0.04,True,False
Quick,base,pipe_organ,64,1618,518,103,0.039,True,False
Quick,base,pipe_organ,64,2718,518,103,0.0397,True,False
Quick,base,pipe_organ,64,3141,518,103,0.0391,True,False
Quick,base,pipe_organ,64,9973,518,103,0.0392,True,False
Quick,base,pipe_organ,64,31337,518,103,0.0387,True,False
Quick,base,pipe_organ,64,65537,518,103,0.0389,True,False
Radix,base,pipe_organ,64,42,0,128,0.0167,True,False
Radix,base,pipe_organ,64,137,0,128,0.0166,True,False
Radix,base,pipe_organ,64,1618,0,128,0.0165,True,False
Radix,base,pipe_organ,64,2718,0,128,0.0166,True,False
Radix,base,pipe_organ,64,3141,0,128,0.0165,True,False
Radix,base,pipe_organ,64,9973,0,128,0.0167,True,False
Radix,base,pipe_organ,64,31337,0,128,0.0165,True,False
Radix,base,pipe_organ,64,65537,0,128,0.0167,True,False
Selection,base,pipe_organ,64,42,2016,55,0.0806,True,False
Selection,base,pipe_organ,64,137,2016,55,0.0793,True,False
Selection,base,pipe_organ,64,1618,2016,55,0.0778,True,False
Selection,base,pipe_organ,64,2718,2016,55,0.0716,True,False
Selection,base,pipe_organ,64,3141,2016,55,0.0715,True,False
Selection,base,pipe_organ,64,9973,2016,55,0.0689,True,False
Selection,base,pipe_organ,64,31337,2016,55,0.0693,True,False
Selection,base,pipe_organ,64,65537,2016,55,0.0691,True,False
T_MHB,triplet,pipe_organ,64,42,578,326,0.0572,True,False
T_MHB,triplet,pipe_organ,64,137,578,326,0.0563,True,False
T_MHB,triplet,pipe_organ,64,1618,578,326,0.0652,True,False
T_MHB,triplet,pipe_organ,64,2718,578,326,0.0616,True,False
T_MHB,triplet,pipe_organ,64,3141,578,326,0.0571,True,False
T_MHB,triplet,pipe_organ,64,9973,578,326,0.0661,True,False
T_MHB,triplet,pipe_organ,64,31337,578,326,0.0581,True,False
T_MHB,triplet,pipe_organ,64,65537,578,326,0.0654,True,False
T_MHI,triplet,pipe_organ,64,42,578,326,0.0646,True,False
T_MHI,triplet,pipe_organ,64,137,578,326,0.0653,True,False
T_MHI,triplet,pipe_organ,64,1618,578,326,0.0648,True,False
T_MHI,triplet,pipe_organ,64,2718,578,326,0.0648,True,False
T_MHI,triplet,pipe_organ,64,3141,578,326,0.0648,True,False
T_MHI,triplet,pipe_organ,64,9973,578,326,0.0641,True,False
T_MHI,triplet,pipe_organ,64,31337,578,326,0.0642,True,False
T_MHI,triplet,pipe_organ,64,65537,578,326,0.0637,True,False
T_MHS,triplet,pipe_organ,64,42,578,326,0.0632,True,False
T_MHS,triplet,pipe_organ,64,137,578,326,0.0632,True,False
T_MHS,triplet,pipe_organ,64,1618,578,326,0.0632,True,False
T_MHS,triplet,pipe_organ,64,2718,578,326,0.0634,True,False
T_MHS,triplet,pipe_organ,64,3141,578,326,0.063,True,False
T_MHS,triplet,pipe_organ,64,9973,578,326,0.0628,True,False
T_MHS,triplet,pipe_organ,64,31337,578,326,0.0635,True,False
T_MHS,triplet,pipe_organ,64,65537,578,326,0.0624,True,False
T_MIB,triplet,pipe_organ,64,42,1024,961,0.1039,True,False
T_MIB,triplet,pipe_organ,64,137,1024,961,0.1037,True,False
T_MIB,triplet,pipe_organ,64,1618,1024,961,0.1071,True,False
T_MIB,triplet,pipe_organ,64,2718,1024,961,0.1034,True,False
T_MIB,triplet,pipe_organ,64,3141,1024,961,0.1035,True,False
T_MIB,triplet,pipe_organ,64,9973,1024,961,0.1036,True,False
T_MIB,triplet,pipe_organ,64,31337,1024,961,0.1023,True,False
T_MIB,triplet,pipe_organ,64,65537,1024,961,0.1058,True,False
T_MII,triplet,pipe_organ,64,42,1024,961,0.1034,True,False
T_MII,triplet,pipe_organ,64,137,1024,961,0.1077,True,False
T_MII,triplet,pipe_organ,64,1618,1024,961,0.107,True,False
T_MII,triplet,pipe_organ,64,2718,1024,961,0.1052,True,False
T_MII,triplet,pipe_organ,64,3141,1024,961,0.1066,True,False
T_MII,triplet,pipe_organ,64,9973,1024,961,0.103,True,False
T_MII,triplet,pipe_organ,64,31337,1024,961,0.1025,True,False
T_MII,triplet,pipe_organ,64,65537,1024,961,0.1033,True,False
T_MIS,triplet,pipe_organ,64,42,1024,961,0.1029,True,False
T_MIS,triplet,pipe_organ,64,137,1024,961,0.1041,True,False
T_MIS,triplet,pipe_organ,64,1618,1024,961,0.103,True,False
T_MIS,triplet,pipe_organ,64,2718,1024,961,0.1044,True,False
T_MIS,triplet,pipe_organ,64,3141,1024,961,0.102,True,False
T_MIS,triplet,pipe_organ,64,9973,1024,961,0.1033,True,False
T_MIS,triplet,pipe_organ,64,31337,1024,961,0.1027,True,False
T_MIS,triplet,pipe_organ,64,65537,1024,961,0.1025,True,False
T_MMB,triplet,pipe_organ,64,42,364,368,0.05,True,False
T_MMB,triplet,pipe_organ,64,137,364,368,0.0503,True,False
T_MMB,triplet,pipe_organ,64,1618,364,368,0.0498,True,False
T_MMB,triplet,pipe_organ,64,2718,364,368,0.0498,True,False
T_MMB,triplet,pipe_organ,64,3141,364,368,0.0494,True,False
T_MMB,triplet,pipe_organ,64,9973,364,368,0.0496,True,False
T_MMB,triplet,pipe_organ,64,31337,364,368,0.0495,True,False
T_MMB,triplet,pipe_organ,64,65537,364,368,0.05,True,False
T_MMI,triplet,pipe_organ,64,42,364,368,0.0447,True,False
T_MMI,triplet,pipe_organ,64,137,364,368,0.0448,True,False
T_MMI,triplet,pipe_organ,64,1618,364,368,0.0449,True,False
T_MMI,triplet,pipe_organ,64,2718,364,368,0.0456,True,False
T_MMI,triplet,pipe_organ,64,3141,364,368,0.0444,True,False
T_MMI,triplet,pipe_organ,64,9973,364,368,0.0441,True,False
T_MMI,triplet,pipe_organ,64,31337,364,368,0.0444,True,False
T_MMI,triplet,pipe_organ,64,65537,364,368,0.0448,True,False
T_MMS,triplet,pipe_organ,64,42,574,144,0.0493,True,False
T_MMS,triplet,pipe_organ,64,137,574,144,0.0496,True,False
T_MMS,triplet,pipe_organ,64,1618,574,144,0.0499,True,False
T_MMS,triplet,pipe_organ,64,2718,574,144,0.0504,True,False
T_MMS,triplet,pipe_organ,64,3141,574,144,0.0499,True,False
T_MMS,triplet,pipe_organ,64,9973,574,144,0.0494,True,False
T_MMS,triplet,pipe_organ,64,31337,574,144,0.0503,True,False
T_MMS,triplet,pipe_organ,64,65537,574,144,0.0491,True,False
T_MQB,triplet,pipe_organ,64,42,659,225,0.0626,True,False
T_MQB,triplet,pipe_organ,64,137,659,225,0.0623,True,False
T_MQB,triplet,pipe_organ,64,1618,659,225,0.0621,True,False
T_MQB,triplet,pipe_organ,64,2718,659,225,0.0624,True,False
T_MQB,triplet,pipe_organ,64,3141,659,225,0.0613,True,False
T_MQB,triplet,pipe_organ,64,9973,659,225,0.0617,True,False
T_MQB,triplet,pipe_organ,64,31337,659,225,0.0624,True,False
T_MQB,triplet,pipe_organ,64,65537,659,225,0.0618,True,False
T_MQI,triplet,pipe_organ,64,42,588,225,0.0518,True,False
T_MQI,triplet,pipe_organ,64,137,588,225,0.0514,True,False
T_MQI,triplet,pipe_organ,64,1618,588,225,0.0513,True,False
T_MQI,triplet,pipe_organ,64,2718,588,225,0.0519,True,False
T_MQI,triplet,pipe_organ,64,3141,588,225,0.0521,True,False
T_MQI,triplet,pipe_organ,64,9973,588,225,0.0516,True,False
T_MQI,triplet,pipe_organ,64,31337,588,225,0.0513,True,False
T_MQI,triplet,pipe_organ,64,65537,588,225,0.0513,True,False
T_MQS,triplet,pipe_organ,64,42,665,85,0.0543,True,False
T_MQS,triplet,pipe_organ,64,137,665,85,0.0543,True,False
T_MQS,triplet,pipe_organ,64,1618,665,85,0.0544,True,False
T_MQS,triplet,pipe_organ,64,2718,665,85,0.0687,True,False
T_MQS,triplet,pipe_organ,64,3141,665,85,0.0491,True,False
T_MQS,triplet,pipe_organ,64,9973,665,85,0.0485,True,False
T_MQS,triplet,pipe_organ,64,31337,665,85,0.0487,True,False
T_MQS,triplet,pipe_organ,64,65537,665,85,0.0491,True,False
T_MRB,triplet,pipe_organ,64,42,0,128,0.02,True,False
T_MRB,triplet,pipe_organ,64,137,0,128,0.0192,True,False
T_MRB,triplet,pipe_organ,64,1618,0,128,0.0189,True,False
T_MRB,triplet,pipe_organ,64,2718,0,128,0.0193,True,False
T_MRB,triplet,pipe_organ,64,3141,0,128,0.0192,True,False
T_MRB,triplet,pipe_organ,64,9973,0,128,0.0193,True,False
T_MRB,triplet,pipe_organ,64,31337,0,128,0.0194,True,False
T_MRB,triplet,pipe_organ,64,65537,0,128,0.0199,True,False
T_MRI,triplet,pipe_organ,64,42,0,128,0.0196,True,False
T_MRI,triplet,pipe_organ,64,137,0,128,0.0194,True,False
T_MRI,triplet,pipe_organ,64,1618,0,128,0.0194,True,False
T_MRI,triplet,pipe_organ,64,2718,0,128,0.0192,True,False
T_MRI,triplet,pipe_organ,64,3141,0,128,0.0193,True,False
T_MRI,triplet,pipe_organ,64,9973,0,128,0.0193,True,False
T_MRI,triplet,pipe_organ,64,31337,0,128,0.0192,True,False
T_MRI,triplet,pipe_organ,64,65537,0,128,0.0196,True,False
T_MRS,triplet,pipe_organ,64,42,0,128,0.0193,True,False
T_MRS,triplet,pipe_organ,64,137,0,128,0.0193,True,False
T_MRS,triplet,pipe_organ,64,1618,0,128,0.0193,True,False
T_MRS,triplet,pipe_organ,64,2718,0,128,0.0193,True,False
T_MRS,triplet,pipe_organ,64,3141,0,128,0.0191,True,False
T_MRS,triplet,pipe_organ,64,9973,0,128,0.0216,True,False
T_MRS,triplet,pipe_organ,64,31337,0,128,0.022,True,False
T_MRS,triplet,pipe_organ,64,65537,0,128,0.0194,True,False
T_MSB,triplet,pipe_organ,64,42,2016,55,0.1163,True,False
T_MSB,triplet,pipe_organ,64,137,2016,55,0.1059,True,False
T_MSB,triplet,pipe_organ,64,1618,2016,55,0.1062,True,False
T_MSB,triplet,pipe_organ,64,2718,2016,55,0.1061,True,False
T_MSB,triplet,pipe_organ,64,3141,2016,55,0.1061,True,False
T_MSB,triplet,pipe_organ,64,9973,2016,55,0.1063,True,False
T_MSB,triplet,pipe_organ,64,31337,2016,55,0.1056,True,False
T_MSB,triplet,pipe_organ,64,65537,2016,55,0.1056,True,False
T_MSI,triplet,pipe_organ,64,42,2016,55,0.1075,True,False
T_MSI,triplet,pipe_organ,64,137,2016,55,0.1187,True,False
T_MSI,triplet,pipe_organ,64,1618,2016,55,0.1179,True,False
T_MSI,triplet,pipe_organ,64,2718,2016,55,0.1052,True,False
T_MSI,triplet,pipe_organ,64,3141,2016,55,0.1047,True,False
T_MSI,triplet,pipe_organ,64,9973,2016,55,0.1156,True,False
T_MSI,triplet,pipe_organ,64,31337,2016,55,0.1055,True,False
T_MSI,triplet,pipe_organ,64,65537,2016,55,0.11,True,False
T_MSS,triplet,pipe_organ,64,42,2016,55,0.104,True,False
T_MSS,triplet,pipe_organ,64,137,2016,55,0.1041,True,False
T_MSS,triplet,pipe_organ,64,1618,2016,55,0.1068,True,False
T_MSS,triplet,pipe_organ,64,2718,2016,55,0.1059,True,False
T_MSS,triplet,pipe_organ,64,3141,2016,55,0.1055,True,False
T_MSS,triplet,pipe_organ,64,9973,2016,55,0.1046,True,False
T_MSS,triplet,pipe_organ,64,31337,2016,55,0.1041,True,False
T_MSS,triplet,pipe_organ,64,65537,2016,55,0.1055,True,False
T_QHB,triplet,pipe_organ,64,42,578,326,0.0575,True,False
T_QHB,triplet,pipe_organ,64,137,578,326,0.057,True,False
T_QHB,triplet,pipe_organ,64,1618,578,326,0.0567,True,False
T_QHB,triplet,pipe_organ,64,2718,578,326,0.0568,True,False
T_QHB,triplet,pipe_organ,64,3141,578,326,0.062,True,False
T_QHB,triplet,pipe_organ,64,9973,578,326,0.0657,True,False
T_QHB,triplet,pipe_organ,64,31337,578,326,0.0563,True,False
T_QHB,triplet,pipe_organ,64,65537,578,326,0.0566,True,False
T_QHI,triplet,pipe_organ,64,42,578,326,0.0561,True,False
T_QHI,triplet,pipe_organ,64,137,578,326,0.056,True,False
T_QHI,triplet,pipe_organ,64,1618,578,326,0.0565,True,False
T_QHI,triplet,pipe_organ,64,2718,578,326,0.0562,True,False
T_QHI,triplet,pipe_organ,64,3141,578,326,0.0565,True,False
T_QHI,triplet,pipe_organ,64,9973,578,326,0.0621,True,False
T_QHI,triplet,pipe_organ,64,31337,578,326,0.0559,True,False
T_QHI,triplet,pipe_organ,64,65537,578,326,0.0564,True,False
T_QHS,triplet,pipe_organ,64,42,578,326,0.0602,True,False
T_QHS,triplet,pipe_organ,64,137,578,326,0.0561,True,False
T_QHS,triplet,pipe_organ,64,1618,578,326,0.0627,True,False
T_QHS,triplet,pipe_organ,64,2718,578,326,0.0558,True,False
T_QHS,triplet,pipe_organ,64,3141,578,326,0.0567,True,False
T_QHS,triplet,pipe_organ,64,9973,578,326,0.057,True,False
T_QHS,triplet,pipe_organ,64,31337,578,326,0.0567,True,False
T_QHS,triplet,pipe_organ,64,65537,578,326,0.0564,True,False
T_QIB,triplet,pipe_organ,64,42,1024,961,0.0917,True,False
T_QIB,triplet,pipe_organ,64,137,1024,961,0.0932,True,False
T_QIB,triplet,pipe_organ,64,1618,1024,961,0.0914,True,False
T_QIB,triplet,pipe_organ,64,2718,1024,961,0.0923,True,False
T_QIB,triplet,pipe_organ,64,3141,1024,961,0.0913,True,False
T_QIB,triplet,pipe_organ,64,9973,1024,961,0.0912,True,False
T_QIB,triplet,pipe_organ,64,31337,1024,961,0.0914,True,False
T_QIB,triplet,pipe_organ,64,65537,1024,961,0.0907,True,False
T_QII,triplet,pipe_organ,64,42,1024,961,0.0913,True,False
T_QII,triplet,pipe_organ,64,137,1024,961,0.0916,True,False
T_QII,triplet,pipe_organ,64,1618,1024,961,0.0908,True,False
T_QII,triplet,pipe_organ,64,2718,1024,961,0.0914,True,False
T_QII,triplet,pipe_organ,64,3141,1024,961,0.0967,True,False
T_QII,triplet,pipe_organ,64,9973,1024,961,0.093,True,False
T_QII,triplet,pipe_organ,64,31337,1024,961,0.0919,True,False
T_QII,triplet,pipe_organ,64,65537,1024,961,0.0914,True,False
T_QIS,triplet,pipe_organ,64,42,1024,961,0.0922,True,False
T_QIS,triplet,pipe_organ,64,137,1024,961,0.0917,True,False
T_QIS,triplet,pipe_organ,64,1618,1024,961,0.0911,True,False
T_QIS,triplet,pipe_organ,64,2718,1024,961,0.091,True,False
T_QIS,triplet,pipe_organ,64,3141,1024,961,0.0916,True,False
T_QIS,triplet,pipe_organ,64,9973,1024,961,0.0919,True,False
T_QIS,triplet,pipe_organ,64,31337,1024,961,0.0914,True,False
T_QIS,triplet,pipe_organ,64,65537,1024,961,0.0922,True,False
T_QMB,triplet,pipe_organ,64,42,364,368,0.0446,True,False
T_QMB,triplet,pipe_organ,64,137,364,368,0.044,True,False
T_QMB,triplet,pipe_organ,64,1618,364,368,0.0442,True,False
T_QMB,triplet,pipe_organ,64,2718,364,368,0.0436,True,False
T_QMB,triplet,pipe_organ,64,3141,364,368,0.044,True,False
T_QMB,triplet,pipe_organ,64,9973,364,368,0.0438,True,False
T_QMB,triplet,pipe_organ,64,31337,364,368,0.0443,True,False
T_QMB,triplet,pipe_organ,64,65537,364,368,0.0439,True,False
T_QMI,triplet,pipe_organ,64,42,364,368,0.04,True,False
T_QMI,triplet,pipe_organ,64,137,364,368,0.0404,True,False
T_QMI,triplet,pipe_organ,64,1618,364,368,0.0459,True,False
T_QMI,triplet,pipe_organ,64,2718,364,368,0.0431,True,False
T_QMI,triplet,pipe_organ,64,3141,364,368,0.044,True,False
T_QMI,triplet,pipe_organ,64,9973,364,368,0.0444,True,False
T_QMI,triplet,pipe_organ,64,31337,364,368,0.04,True,False
T_QMI,triplet,pipe_organ,64,65537,364,368,0.0442,True,False
T_QMS,triplet,pipe_organ,64,42,574,144,0.0442,True,False
T_QMS,triplet,pipe_organ,64,137,574,144,0.0438,True,False
T_QMS,triplet,pipe_organ,64,1618,574,144,0.0437,True,False
T_QMS,triplet,pipe_organ,64,2718,574,144,0.0437,True,False
T_QMS,triplet,pipe_organ,64,3141,574,144,0.0437,True,False
T_QMS,triplet,pipe_organ,64,9973,574,144,0.0465,True,False
T_QMS,triplet,pipe_organ,64,31337,574,144,0.0443,True,False
T_QMS,triplet,pipe_organ,64,65537,574,144,0.045,True,False
T_QQB,triplet,pipe_organ,64,42,659,225,0.0552,True,False
T_QQB,triplet,pipe_organ,64,137,659,225,0.0551,True,False
T_QQB,triplet,pipe_organ,64,1618,659,225,0.0547,True,False
T_QQB,triplet,pipe_organ,64,2718,659,225,0.0542,True,False
T_QQB,triplet,pipe_organ,64,3141,659,225,0.0544,True,False
T_QQB,triplet,pipe_organ,64,9973,659,225,0.0543,True,False
T_QQB,triplet,pipe_organ,64,31337,659,225,0.0976,True,False
T_QQB,triplet,pipe_organ,64,65537,659,225,0.0544,True,False
T_QQI,triplet,pipe_organ,64,42,588,225,0.0452,True,False
T_QQI,triplet,pipe_organ,64,137,588,225,0.0453,True,False
T_QQI,triplet,pipe_organ,64,1618,588,225,0.0453,True,False
T_QQI,triplet,pipe_organ,64,2718,588,225,0.0453,True,False
T_QQI,triplet,pipe_organ,64,3141,588,225,0.0451,True,False
T_QQI,triplet,pipe_organ,64,9973,588,225,0.0454,True,False
T_QQI,triplet,pipe_organ,64,31337,588,225,0.0452,True,False
T_QQI,triplet,pipe_organ,64,65537,588,225,0.046,True,False
T_QQS,triplet,pipe_organ,64,42,665,85,0.048,True,False
T_QQS,triplet,pipe_organ,64,137,665,85,0.0481,True,False
T_QQS,triplet,pipe_organ,64,1618,665,85,0.0483,True,False
T_QQS,triplet,pipe_organ,64,2718,665,85,0.0478,True,False
T_QQS,triplet,pipe_organ,64,3141,665,85,0.0479,True,False
T_QQS,triplet,pipe_organ,64,9973,665,85,0.0475,True,False
T_QQS,triplet,pipe_organ,64,31337,665,85,0.0475,True,False
T_QQS,triplet,pipe_organ,64,65537,665,85,0.0479,True,False
T_QRB,triplet,pipe_organ,64,42,0,128,0.0193,True,False
T_QRB,triplet,pipe_organ,64,137,0,128,0.0191,True,False
T_QRB,triplet,pipe_organ,64,1618,0,128,0.0195,True,False
T_QRB,triplet,pipe_organ,64,2718,0,128,0.019,True,False
T_QRB,triplet,pipe_organ,64,3141,0,128,0.0214,True,False
T_QRB,triplet,pipe_organ,64,9973,0,128,0.0188,True,False
T_QRB,triplet,pipe_organ,64,31337,0,128,0.0191,True,False
T_QRB,triplet,pipe_organ,64,65537,0,128,0.0192,True,False
T_QRI,triplet,pipe_organ,64,42,0,128,0.0189,True,False
T_QRI,triplet,pipe_organ,64,137,0,128,0.0188,True,False
T_QRI,triplet,pipe_organ,64,1618,0,128,0.0192,True,False
T_QRI,triplet,pipe_organ,64,2718,0,128,0.0189,True,False
T_QRI,triplet,pipe_organ,64,3141,0,128,0.0193,True,False
T_QRI,triplet,pipe_organ,64,9973,0,128,0.0193,True,False
T_QRI,triplet,pipe_organ,64,31337,0,128,0.0192,True,False
T_QRI,triplet,pipe_organ,64,65537,0,128,0.0194,True,False
T_QRS,triplet,pipe_organ,64,42,0,128,0.019,True,False
T_QRS,triplet,pipe_organ,64,137,0,128,0.019,True,False
T_QRS,triplet,pipe_organ,64,1618,0,128,0.0192,True,False
T_QRS,triplet,pipe_organ,64,2718,0,128,0.0193,True,False
T_QRS,triplet,pipe_organ,64,3141,0,128,0.0193,True,False
T_QRS,triplet,pipe_organ,64,9973,0,128,0.0215,True,False
T_QRS,triplet,pipe_organ,64,31337,0,128,0.0214,True,False
T_QRS,triplet,pipe_organ,64,65537,0,128,0.0191,True,False
T_QSB,triplet,pipe_organ,64,42,2016,55,0.111,True,False
T_QSB,triplet,pipe_organ,64,137,2016,55,0.1046,True,False
T_QSB,triplet,pipe_organ,64,1618,2016,55,0.1172,True,False
T_QSB,triplet,pipe_organ,64,2718,2016,55,0.1034,True,False
T_QSB,triplet,pipe_organ,64,3141,2016,55,0.1123,True,False
T_QSB,triplet,pipe_organ,64,9973,2016,55,0.1053,True,False
T_QSB,triplet,pipe_organ,64,31337,2016,55,0.108,True,False
T_QSB,triplet,pipe_organ,64,65537,2016,55,0.1053,True,False
T_QSI,triplet,pipe_organ,64,42,2016,55,0.114,True,False
T_QSI,triplet,pipe_organ,64,137,2016,55,0.1066,True,False
T_QSI,triplet,pipe_organ,64,1618,2016,55,0.1062,True,False
T_QSI,triplet,pipe_organ,64,2718,2016,55,0.1059,True,False
T_QSI,triplet,pipe_organ,64,3141,2016,55,0.1053,True,False
T_QSI,triplet,pipe_organ,64,9973,2016,55,0.1196,True,False
T_QSI,triplet,pipe_organ,64,31337,2016,55,0.1064,True,False
T_QSI,triplet,pipe_organ,64,65537,2016,55,0.1119,True,False
T_QSS,triplet,pipe_organ,64,42,2016,55,0.1115,True,False
T_QSS,triplet,pipe_organ,64,137,2016,55,0.1067,True,False
T_QSS,triplet,pipe_organ,64,1618,2016,55,0.1049,True,False
T_QSS,triplet,pipe_organ,64,2718,2016,55,0.1068,True,False
T_QSS,triplet,pipe_organ,64,3141,2016,55,0.1104,True,False
T_QSS,triplet,pipe_organ,64,9973,2016,55,0.1067,True,False
T_QSS,triplet,pipe_organ,64,31337,2016,55,0.1064,True,False
T_QSS,triplet,pipe_organ,64,65537,2016,55,0.1068,True,False
TimCustom,base,pipe_organ,64,42,589,591,0.0543,True,False
TimCustom,base,pipe_organ,64,137,589,591,0.0537,True,False
TimCustom,base,pipe_organ,64,1618,589,591,0.0538,True,False
TimCustom,base,pipe_organ,64,2718,589,591,0.0595,True,False
TimCustom,base,pipe_organ,64,3141,589,591,0.0536,True,False
TimCustom,base,pipe_organ,64,9973,589,591,0.0596,True,False
TimCustom,base,pipe_organ,64,31337,589,591,0.0534,True,False
TimCustom,base,pipe_organ,64,65537,589,591,0.0533,True,False
Bubble,base,random,64,42,2016,962,0.1191,True,False
Bubble,base,random,64,137,2016,953,0.1186,True,False
Bubble,base,random,64,1618,2016,1060,0.1232,True,False
Bubble,base,random,64,2718,2016,872,0.114,True,False
Bubble,base,random,64,3141,2016,923,0.122,True,False
Bubble,base,random,64,9973,2016,916,0.1214,True,False
Bubble,base,random,64,31337,2016,1065,0.1273,True,False
Bubble,base,random,64,65537,2016,965,0.1361,True,False
Heap,base,random,64,42,579,337,0.0463,True,False
Heap,base,random,64,137,578,328,0.0454,True,False
Heap,base,random,64,1618,577,337,0.0459,True,False
Heap,base,random,64,2718,574,334,0.0506,True,False
Heap,base,random,64,3141,581,338,0.0465,True,False
Heap,base,random,64,9973,584,337,0.0475,True,False
Heap,base,random,64,31337,576,329,0.0464,True,False
Heap,base,random,64,65537,557,324,0.0452,True,False
Hybrid_Intro,hybrid,random,64,42,338,54,0.027,True,False
Hybrid_Intro,hybrid,random,64,137,377,51,0.0285,True,False
Hybrid_Intro,hybrid,random,64,1618,371,57,0.0282,True,False
Hybrid_Intro,hybrid,random,64,2718,380,55,0.0291,True,False
Hybrid_Intro,hybrid,random,64,3141,414,43,0.0305,True,False
Hybrid_Intro,hybrid,random,64,9973,371,53,0.0316,True,False
Hybrid_Intro,hybrid,random,64,31337,385,47,0.0329,True,False
Hybrid_Intro,hybrid,random,64,65537,413,44,0.0308,True,False
Hybrid_MI,hybrid,random,64,42,425,178,0.0397,True,False
Hybrid_MI,hybrid,random,64,137,372,176,0.0354,True,False
Hybrid_MI,hybrid,random,64,1618,392,178,0.0366,True,False
Hybrid_MI,hybrid,random,64,2718,401,178,0.0381,True,False
Hybrid_MI,hybrid,random,64,3141,386,178,0.036,True,False
Hybrid_MI,hybrid,random,64,9973,412,175,0.0378,True,False
Hybrid_MI,hybrid,random,64,31337,382,176,0.0363,True,False
Hybrid_MI,hybrid,random,64,65537,431,182,0.0401,True,False
Hybrid_QI,hybrid,random,64,42,338,54,0.026,True,False
Hybrid_QI,hybrid,random,64,137,377,51,0.0283,True,False
Hybrid_QI,hybrid,random,64,1618,371,57,0.0305,True,False
Hybrid_QI,hybrid,random,64,2718,380,55,0.0325,True,False
Hybrid_QI,hybrid,random,64,3141,414,43,0.0342,True,False
Hybrid_QI,hybrid,random,64,9973,371,53,0.0314,True,False
Hybrid_QI,hybrid,random,64,31337,385,47,0.0356,True,False
Hybrid_QI,hybrid,random,64,65537,413,44,0.0347,True,False
Hybrid_RI,hybrid,random,64,42,0,192,0.0326,True,False
Hybrid_RI,hybrid,random,64,137,0,192,0.0301,True,False
Hybrid_RI,hybrid,random,64,1618,0,192,0.0302,True,False
Hybrid_RI,hybrid,random,64,2718,0,192,0.0309,True,False
Hybrid_RI,hybrid,random,64,3141,0,192,0.03,True,False
Hybrid_RI,hybrid,random,64,9973,0,192,0.0323,True,False
Hybrid_RI,hybrid,random,64,31337,0,192,0.0305,True,False
Hybrid_RI,hybrid,random,64,65537,0,192,0.0308,True,False
Insertion,base,random,64,42,1023,1019,0.0732,True,False
Insertion,base,random,64,137,1014,1009,0.0717,True,False
Insertion,base,random,64,1618,1120,1117,0.0785,True,False
Insertion,base,random,64,2718,932,930,0.0666,True,False
Insertion,base,random,64,3141,982,984,0.0695,True,False
Insertion,base,random,64,9973,975,971,0.0699,True,False
Insertion,base,random,64,31337,1124,1127,0.0803,True,False
Insertion,base,random,64,65537,1024,1026,0.0725,True,False
Merge,base,random,64,42,305,384,0.067,True,False
Merge,base,random,64,137,307,384,0.0663,True,False
Merge,base,random,64,1618,293,384,0.0655,True,False
Merge,base,random,64,2718,309,384,0.0672,True,False
Merge,base,random,64,3141,307,384,0.0663,True,False
Merge,base,random,64,9973,304,384,0.0667,True,False
Merge,base,random,64,31337,305,384,0.0663,True,False
Merge,base,random,64,65537,306,384,0.0681,True,False
Quick,base,random,64,42,330,108,0.034,True,False
Quick,base,random,64,137,351,124,0.0362,True,False
Quick,base,random,64,1618,340,115,0.0344,True,False
Quick,base,random,64,2718,365,120,0.0371,True,False
Quick,base,random,64,3141,365,111,0.0359,True,False
Quick,base,random,64,9973,343,113,0.0348,True,False
Quick,base,random,64,31337,356,115,0.0358,True,False
Quick,base,random,64,65537,354,121,0.0366,True,False
Radix,base,random,64,42,0,192,0.0307,True,False
Radix,base,random,64,137,0,192,0.0298,True,False
Radix,base,random,64,1618,0,192,0.0309,True,False
Radix,base,random,64,2718,0,192,0.031,True,False
Radix,base,random,64,3141,0,192,0.0302,True,False
Radix,base,random,64,9973,0,192,0.0302,True,False
Radix,base,random,64,31337,0,192,0.0306,True,False
Radix,base,random,64,65537,0,192,0.0301,True,False
Selection,base,random,64,42,2016,60,0.0819,True,False
Selection,base,random,64,137,2016,60,0.0788,True,False
Selection,base,random,64,1618,2016,62,0.079,True,False
Selection,base,random,64,2718,2016,62,0.0815,True,False
Selection,base,random,64,3141,2016,59,0.0795,True,False
Selection,base,random,64,9973,2016,60,0.0787,True,False
Selection,base,random,64,31337,2016,59,0.0805,True,False
Selection,base,random,64,65537,2016,59,0.0795,True,False
T_MHB,triplet,random,64,42,579,337,0.069,True,False
T_MHB,triplet,random,64,137,578,328,0.0673,True,False
T_MHB,triplet,random,64,1618,577,337,0.0673,True,False
T_MHB,triplet,random,64,2718,574,334,0.0671,True,False
T_MHB,triplet,random,64,3141,581,338,0.0674,True,False
T_MHB,triplet,random,64,9973,584,337,0.0681,True,False
T_MHB,triplet,random,64,31337,576,329,0.0665,True,False
T_MHB,triplet,random,64,65537,557,324,0.0637,True,False
T_MHI,triplet,random,64,42,579,337,0.066,True,False
T_MHI,triplet,random,64,137,578,328,0.0658,True,False
T_MHI,triplet,random,64,1618,577,337,0.0664,True,False
T_MHI,triplet,random,64,2718,574,334,0.0681,True,False
T_MHI,triplet,random,64,3141,581,338,0.0666,True,False
T_MHI,triplet,random,64,9973,584,337,0.0743,True,False
T_MHI,triplet,random,64,31337,576,329,0.0669,True,False
T_MHI,triplet,random,64,65537,557,324,0.0643,True,False
T_MHS,triplet,random,64,42,579,337,0.0758,True,False
T_MHS,triplet,random,64,137,578,328,0.067,True,False
T_MHS,triplet,random,64,1618,577,337,0.0675,True,False
T_MHS,triplet,random,64,2718,574,334,0.0793,True,False
T_MHS,triplet,random,64,3141,581,338,0.0684,True,False
T_MHS,triplet,random,64,9973,584,337,0.0713,True,False
T_MHS,triplet,random,64,31337,576,329,0.0665,True,False
T_MHS,triplet,random,64,65537,557,324,0.0651,True,False
T_MIB,triplet,random,64,42,1023,962,0.1051,True,False
T_MIB,triplet,random,64,137,1014,953,0.1049,True,False
T_MIB,triplet,random,64,1618,1120,1060,0.1193,True,False
T_MIB,triplet,random,64,2718,932,872,0.0956,True,False
T_MIB,triplet,random,64,3141,982,923,0.0998,True,False
T_MIB,triplet,random,64,9973,975,916,0.0995,True,False
T_MIB,triplet,random,64,31337,1124,1065,0.1149,True,False
T_MIB,triplet,random,64,65537,1024,965,0.1031,True,False
T_MII,triplet,random,64,42,1023,962,0.1033,True,False
T_MII,triplet,random,64,137,1014,953,0.1069,True,False
T_MII,triplet,random,64,1618,1120,1060,0.1148,True,False
T_MII,triplet,random,64,2718,932,872,0.0954,True,False
T_MII,triplet,random,64,3141,982,923,0.1011,True,False
T_MII,triplet,random,64,9973,975,916,0.1003,True,False
T_MII,triplet,random,64,31337,1124,1065,0.1158,True,False
T_MII,triplet,random,64,65537,1024,965,0.1041,True,False
T_MIS,triplet,random,64,42,1023,962,0.1046,True,False
T_MIS,triplet,random,64,137,1014,953,0.1042,True,False
T_MIS,triplet,random,64,1618,1120,1060,0.1165,True,False
T_MIS,triplet,random,64,2718,932,872,0.0956,True,False
T_MIS,triplet,random,64,3141,982,923,0.1009,True,False
T_MIS,triplet,random,64,9973,975,916,0.1003,True,False
T_MIS,triplet,random,64,31337,1124,1065,0.1174,True,False
T_MIS,triplet,random,64,65537,1024,965,0.106,True,False
T_MMB,triplet,random,64,42,571,377,0.0685,True,False
T_MMB,triplet,random,64,137,567,321,0.0647,True,False
T_MMB,triplet,random,64,1618,553,349,0.0647,True,False
T_MMB,triplet,random,64,2718,572,359,0.0667,True,False
T_MMB,triplet,random,64,3141,561,341,0.066,True,False
T_MMB,triplet,random,64,9973,585,366,0.069,True,False
T_MMB,triplet,random,64,31337,563,333,0.0657,True,False
T_MMB,triplet,random,64,65537,580,390,0.0705,True,False
T_MMI,triplet,random,64,42,425,377,0.0519,True,False
T_MMI,triplet,random,64,137,372,321,0.0457,True,False
T_MMI,triplet,random,64,1618,392,349,0.0477,True,False
T_MMI,triplet,random,64,2718,401,359,0.0497,True,False
T_MMI,triplet,random,64,3141,386,341,0.0477,True,False
T_MMI,triplet,random,64,9973,412,366,0.0504,True,False
T_MMI,triplet,random,64,31337,382,333,0.0471,True,False
T_MMI,triplet,random,64,65537,431,390,0.0514,True,False
T_MMS,triplet,random,64,42,604,183,0.0577,True,False
T_MMS,triplet,random,64,137,605,177,0.0557,True,False
T_MMS,triplet,random,64,1618,602,177,0.0558,True,False
T_MMS,triplet,random,64,2718,604,177,0.0571,True,False
T_MMS,triplet,random,64,3141,600,178,0.0565,True,False
T_MMS,triplet,random,64,9973,601,180,0.0568,True,False
T_MMS,triplet,random,64,31337,603,179,0.0569,True,False
T_MMS,triplet,random,64,65537,600,180,0.0562,True,False
T_MQB,triplet,random,64,42,399,160,0.0427,True,False
T_MQB,triplet,random,64,137,463,202,0.0475,True,False
T_MQB,triplet,random,64,1618,462,204,0.0484,True,False
T_MQB,triplet,random,64,2718,438,176,0.0462,True,False
T_MQB,triplet,random,64,3141,507,212,0.0522,True,False
T_MQB,triplet,random,64,9973,469,188,0.0494,True,False
T_MQB,triplet,random,64,31337,484,194,0.0501,True,False
T_MQB,triplet,random,64,65537,538,246,0.0555,True,False
T_MQI,triplet,random,64,42,338,160,0.0346,True,False
T_MQI,triplet,random,64,137,377,202,0.038,True,False
T_MQI,triplet,random,64,1618,371,204,0.0374,True,False
T_MQI,triplet,random,64,2718,380,176,0.0377,True,False
T_MQI,triplet,random,64,3141,414,212,0.0406,True,False
T_MQI,triplet,random,64,9973,371,188,0.0377,True,False
T_MQI,triplet,random,64,31337,385,194,0.0386,True,False
T_MQI,triplet,random,64,65537,413,246,0.0413,True,False
T_MQS,triplet,random,64,42,412,93,0.0402,True,False
T_MQS,triplet,random,64,137,493,90,0.0435,True,False
T_MQS,triplet,random,64,1618,475,102,0.0429,True,False
T_MQS,triplet,random,64,2718,456,94,0.0431,True,False
T_MQS,triplet,random,64,3141,514,84,0.0449,True,False
T_MQS,triplet,random,64,9973,475,95,0.0499,True,False
T_MQS,triplet,random,64,31337,499,92,0.0463,True,False
T_MQS,triplet,random,64,65537,544,86,0.0467,True,False
T_MRB,triplet,random,64,42,0,192,0.0342,True,False
T_MRB,triplet,random,64,137,0,192,0.0337,True,False
T_MRB,triplet,random,64,1618,0,192,0.0332,True,False
T_MRB,triplet,random,64,2718,0,192,0.0335,True,False
T_MRB,triplet,random,64,3141,0,192,0.0331,True,False
T_MRB,triplet,random,64,9973,0,192,0.0331,True,False
T_MRB,triplet,random,64,31337,0,192,0.0333,True,False
T_MRB,triplet,random,64,65537,0,192,0.0333,True,False
T_MRI,triplet,random,64,42,0,192,0.0342,True,False
T_MRI,triplet,random,64,137,0,192,0.0335,True,False
T_MRI,triplet,random,64,1618,0,192,0.0328,True,False
T_MRI,triplet,random,64,2718,0,192,0.0334,True,False
T_MRI,triplet,random,64,3141,0,192,0.0332,True,False
T_MRI,triplet,random,64,9973,0,192,0.033,True,False
T_MRI,triplet,random,64,31337,0,192,0.0332,True,False
T_MRI,triplet,random,64,65537,0,192,0.0333,True,False
T_MRS,triplet,random,64,42,0,192,0.0334,True,False
T_MRS,triplet,random,64,137,0,192,0.0334,True,False
T_MRS,triplet,random,64,1618,0,192,0.0326,True,False
T_MRS,triplet,random,64,2718,0,192,0.0337,True,False
T_MRS,triplet,random,64,3141,0,192,0.0325,True,False
T_MRS,triplet,random,64,9973,0,192,0.0336,True,False
T_MRS,triplet,random,64,31337,0,192,0.0332,True,False
T_MRS,triplet,random,64,65537,0,192,0.0324,True,False
T_MSB,triplet,random,64,42,2016,60,0.1238,True,False
T_MSB,triplet,random,64,137,2016,60,0.1198,True,False
T_MSB,triplet,random,64,1618,2016,62,0.1217,True,False
T_MSB,triplet,random,64,2718,2016,62,0.1242,True,False
T_MSB,triplet,random,64,3141,2016,59,0.1244,True,False
T_MSB,triplet,random,64,9973,2016,60,0.1209,True,False
T_MSB,triplet,random,64,31337,2016,59,0.122,True,False
T_MSB,triplet,random,64,65537,2016,59,0.1209,True,False
T_MSI,triplet,random,64,42,2016,60,0.1241,True,False
T_MSI,triplet,random,64,137,2016,60,0.1209,True,False
T_MSI,triplet,random,64,1618,2016,62,0.1201,True,False
T_MSI,triplet,random,64,2718,2016,62,0.1245,True,False
T_MSI,triplet,random,64,3141,2016,59,0.1211,True,False
T_MSI,triplet,random,64,9973,2016,60,0.1215,True,False
T_MSI,triplet,random,64,31337,2016,59,0.1241,True,False
T_MSI,triplet,random,64,65537,2016,59,0.1233,True,False
T_MSS,triplet,random,64,42,2016,60,0.1241,True,False
T_MSS,triplet,random,64,137,2016,60,0.1197,True,False
T_MSS,triplet,random,64,1618,2016,62,0.1206,True,False
T_MSS,triplet,random,64,2718,2016,62,0.1258,True,False
T_MSS,triplet,random,64,3141,2016,59,0.12,True,False
T_MSS,triplet,random,64,9973,2016,60,0.1196,True,False
T_MSS,triplet,random,64,31337,2016,59,0.127,True,False
T_MSS,triplet,random,64,65537,2016,59,0.123,True,False
T_QHB,triplet,random,64,42,579,337,0.0665,True,False
T_QHB,triplet,random,64,137,578,328,0.0657,True,False
T_QHB,triplet,random,64,1618,577,337,0.067,True,False
T_QHB,triplet,random,64,2718,574,334,0.0663,True,False
T_QHB,triplet,random,64,3141,581,338,0.0673,True,False
T_QHB,triplet,random,64,9973,584,337,0.0685,True,False
T_QHB,triplet,random,64,31337,576,329,0.0653,True,False
T_QHB,triplet,random,64,65537,557,324,0.0637,True,False
T_QHI,triplet,random,64,42,579,337,0.0662,True,False
T_QHI,triplet,random,64,137,578,328,0.0655,True,False
T_QHI,triplet,random,64,1618,577,337,0.066,True,False
T_QHI,triplet,random,64,2718,574,334,0.0653,True,False
T_QHI,triplet,random,64,3141,581,338,0.0676,True,False
T_QHI,triplet,random,64,9973,584,337,0.0673,True,False
T_QHI,triplet,random,64,31337,576,329,0.0654,True,False
T_QHI,triplet,random,64,65537,557,324,0.0642,True,False
T_QHS,triplet,random,64,42,579,337,0.0666,True,False
T_QHS,triplet,random,64,137,578,328,0.0656,True,False
T_QHS,triplet,random,64,1618,577,337,0.0659,True,False
T_QHS,triplet,random,64,2718,574,334,0.0667,True,False
T_QHS,triplet,random,64,3141,581,338,0.0674,True,False
T_QHS,triplet,random,64,9973,584,337,0.0684,True,False
T_QHS,triplet,random,64,31337,576,329,0.0659,True,False
T_QHS,triplet,random,64,65537,557,324,0.0641,True,False
T_QIB,triplet,random,64,42,1023,962,0.1063,True,False
T_QIB,triplet,random,64,137,1014,953,0.1038,True,False
T_QIB,triplet,random,64,1618,1120,1060,0.116,True,False
T_QIB,triplet,random,64,2718,932,872,0.0959,True,False
T_QIB,triplet,random,64,3141,982,923,0.1011,True,False
T_QIB,triplet,random,64,9973,975,916,0.1018,True,False
T_QIB,triplet,random,64,31337,1124,1065,0.1155,True,False
T_QIB,triplet,random,64,65537,1024,965,0.1041,True,False
T_QII,triplet,random,64,42,1023,962,0.105,True,False
T_QII,triplet,random,64,137,1014,953,0.1035,True,False
T_QII,triplet,random,64,1618,1120,1060,0.1212,True,False
T_QII,triplet,random,64,2718,932,872,0.0964,True,False
T_QII,triplet,random,64,3141,982,923,0.1021,True,False
T_QII,triplet,random,64,9973,975,916,0.1012,True,False
T_QII,triplet,random,64,31337,1124,1065,0.1152,True,False
T_QII,triplet,random,64,65537,1024,965,0.1044,True,False
T_QIS,triplet,random,64,42,1023,962,0.1068,True,False
T_QIS,triplet,random,64,137,1014,953,0.1061,True,False
T_QIS,triplet,random,64,1618,1120,1060,0.1148,True,False
T_QIS,triplet,random,64,2718,932,872,0.0953,True,False
T_QIS,triplet,random,64,3141,982,923,0.1003,True,False
T_QIS,triplet,random,64,9973,975,916,0.0992,True,False
T_QIS,triplet,random,64,31337,1124,1065,0.1158,True,False
T_QIS,triplet,random,64,65537,1024,965,0.1042,True,False
T_QMB,triplet,random,64,42,571,377,0.0678,True,False
T_QMB,triplet,random,64,137,567,321,0.0637,True,False
T_QMB,triplet,random,64,1618,553,349,0.0654,True,False
T_QMB,triplet,random,64,2718,572,359,0.0668,True,False
T_QMB,triplet,random,64,3141,561,341,0.0648,True,False
T_QMB,triplet,random,64,9973,585,366,0.0682,True,False
T_QMB,triplet,random,64,31337,563,333,0.0642,True,False
T_QMB,triplet,random,64,65537,580,390,0.0689,True,False
T_QMI,triplet,random,64,42,425,377,0.0513,True,False
T_QMI,triplet,random,64,137,372,321,0.0452,True,False
T_QMI,triplet,random,64,1618,392,349,0.0476,True,False
T_QMI,triplet,random,64,2718,401,359,0.0489,True,False
T_QMI,triplet,random,64,3141,386,341,0.0466,True,False
T_QMI,triplet,random,64,9973,412,366,0.0528,True,False
T_QMI,triplet,random,64,31337,382,333,0.0465,True,False
T_QMI,triplet,random,64,65537,431,390,0.0524,True,False
T_QMS,triplet,random,64,42,604,183,0.0587,True,False
T_QMS,triplet,random,64,137,605,177,0.0555,True,False
T_QMS,triplet,random,64,1618,602,177,0.0561,True,False
T_QMS,triplet,random,64,2718,604,177,0.0567,True,False
T_QMS,triplet,random,64,3141,600,178,0.0552,True,False
T_QMS,triplet,random,64,9973,601,180,0.056,True,False
T_QMS,triplet,random,64,31337,603,179,0.0569,True,False
T_QMS,triplet,random,64,65537,600,180,0.056,True,False
T_QQB,triplet,random,64,42,399,160,0.0428,True,False
T_QQB,triplet,random,64,137,463,202,0.0475,True,False
T_QQB,triplet,random,64,1618,462,204,0.0483,True,False
T_QQB,triplet,random,64,2718,438,176,0.0463,True,False
T_QQB,triplet,random,64,3141,507,212,0.0525,True,False
T_QQB,triplet,random,64,9973,469,188,0.0488,True,False
T_QQB,triplet,random,64,31337,484,194,0.0505,True,False
T_QQB,triplet,random,64,65537,538,246,0.0556,True,False
T_QQI,triplet,random,64,42,338,160,0.0345,True,False
T_QQI,triplet,random,64,137,377,202,0.0379,True,False
T_QQI,triplet,random,64,1618,371,204,0.0379,True,False
T_QQI,triplet,random,64,2718,380,176,0.0381,True,False
T_QQI,triplet,random,64,3141,414,212,0.041,True,False
T_QQI,triplet,random,64,9973,371,188,0.0401,True,False
T_QQI,triplet,random,64,31337,385,194,0.0386,True,False
T_QQI,triplet,random,64,65537,413,246,0.0418,True,False
T_QQS,triplet,random,64,42,412,93,0.04,True,False
T_QQS,triplet,random,64,137,493,90,0.0441,True,False
T_QQS,triplet,random,64,1618,475,102,0.0432,True,False
T_QQS,triplet,random,64,2718,456,94,0.043,True,False
T_QQS,triplet,random,64,3141,514,84,0.0451,True,False
T_QQS,triplet,random,64,9973,475,95,0.0433,True,False
T_QQS,triplet,random,64,31337,499,92,0.0451,True,False
T_QQS,triplet,random,64,65537,544,86,0.046,True,False
T_QRB,triplet,random,64,42,0,192,0.0335,True,False
T_QRB,triplet,random,64,137,0,192,0.0326,True,False
T_QRB,triplet,random,64,1618,0,192,0.0332,True,False
T_QRB,triplet,random,64,2718,0,192,0.0337,True,False
T_QRB,triplet,random,64,3141,0,192,0.0327,True,False
T_QRB,triplet,random,64,9973,0,192,0.0324,True,False
T_QRB,triplet,random,64,31337,0,192,0.0331,True,False
T_QRB,triplet,random,64,65537,0,192,0.0326,True,False
T_QRI,triplet,random,64,42,0,192,0.0335,True,False
T_QRI,triplet,random,64,137,0,192,0.0332,True,False
T_QRI,triplet,random,64,1618,0,192,0.0328,True,False
T_QRI,triplet,random,64,2718,0,192,0.0338,True,False
T_QRI,triplet,random,64,3141,0,192,0.033,True,False
T_QRI,triplet,random,64,9973,0,192,0.0327,True,False
T_QRI,triplet,random,64,31337,0,192,0.0334,True,False
T_QRI,triplet,random,64,65537,0,192,0.0334,True,False
T_QRS,triplet,random,64,42,0,192,0.033,True,False
T_QRS,triplet,random,64,137,0,192,0.0333,True,False
T_QRS,triplet,random,64,1618,0,192,0.033,True,False
T_QRS,triplet,random,64,2718,0,192,0.0335,True,False
T_QRS,triplet,random,64,3141,0,192,0.0325,True,False
T_QRS,triplet,random,64,9973,0,192,0.0325,True,False
T_QRS,triplet,random,64,31337,0,192,0.0336,True,False
T_QRS,triplet,random,64,65537,0,192,0.0334,True,False
T_QSB,triplet,random,64,42,2016,60,0.123,True,False
T_QSB,triplet,random,64,137,2016,60,0.121,True,False
T_QSB,triplet,random,64,1618,2016,62,0.1192,True,False
T_QSB,triplet,random,64,2718,2016,62,0.1245,True,False
T_QSB,triplet,random,64,3141,2016,59,0.1202,True,False
T_QSB,triplet,random,64,9973,2016,60,0.1122,True,False
T_QSB,triplet,random,64,31337,2016,59,0.1193,True,False
T_QSB,triplet,random,64,65537,2016,59,0.108,True,False
T_QSI,triplet,random,64,42,2016,60,0.1996,True,False
T_QSI,triplet,random,64,137,2016,60,0.1195,True,False
T_QSI,triplet,random,64,1618,2016,62,0.1064,True,False
T_QSI,triplet,random,64,2718,2016,62,0.11,True,False
T_QSI,triplet,random,64,3141,2016,59,0.1065,True,False
T_QSI,triplet,random,64,9973,2016,60,0.1079,True,False
T_QSI,triplet,random,64,31337,2016,59,0.1084,True,False
T_QSI,triplet,random,64,65537,2016,59,0.112,True,False
T_QSS,triplet,random,64,42,2016,60,0.1099,True,False
T_QSS,triplet,random,64,137,2016,60,0.1162,True,False
T_QSS,triplet,random,64,1618,2016,62,0.11,True,False
T_QSS,triplet,random,64,2718,2016,62,0.1115,True,False
T_QSS,triplet,random,64,3141,2016,59,0.107,True,False
T_QSS,triplet,random,64,9973,2016,60,0.1069,True,False
T_QSS,triplet,random,64,31337,2016,59,0.1094,True,False
T_QSS,triplet,random,64,65537,2016,59,0.109,True,False
TimCustom,base,random,64,42,578,576,0.0548,True,False
TimCustom,base,random,64,137,572,567,0.0524,True,False
TimCustom,base,random,64,1618,559,561,0.052,True,False
TimCustom,base,random,64,2718,582,583,0.0542,True,False
TimCustom,base,random,64,3141,547,547,0.0514,True,False
TimCustom,base,random,64,9973,609,607,0.0565,True,False
TimCustom,base,random,64,31337,617,614,0.0576,True,False
TimCustom,base,random,64,65537,544,548,0.0517,True,False
Bubble,base,random_blocks,64,42,2016,1008,0.1244,True,False
Bubble,base,random_blocks,64,137,2016,1068,0.1176,True,False
Bubble,base,random_blocks,64,1618,2016,1188,0.1213,True,False
Bubble,base,random_blocks,64,2718,2016,1404,0.1317,True,False
Bubble,base,random_blocks,64,3141,2016,816,0.1064,True,False
Bubble,base,random_blocks,64,9973,2016,684,0.1004,True,False
Bubble,base,random_blocks,64,31337,2016,900,0.1081,True,False
Bubble,base,random_blocks,64,65537,2016,756,0.1045,True,False
Heap,base,random_blocks,64,42,588,336,0.0457,True,False
Heap,base,random_blocks,64,137,566,326,0.0441,True,False
Heap,base,random_blocks,64,1618,553,318,0.0464,True,False
Heap,base,random_blocks,64,2718,556,304,0.0428,True,False
Heap,base,random_blocks,64,3141,575,334,0.0448,True,False
Heap,base,random_blocks,64,9973,573,332,0.0447,True,False
Heap,base,random_blocks,64,31337,558,316,0.0433,True,False
Heap,base,random_blocks,64,65537,568,326,0.0443,True,False
Hybrid_Intro,hybrid,random_blocks,64,42,388,51,0.0294,True,False
Hybrid_Intro,hybrid,random_blocks,64,137,361,56,0.0275,True,False
Hybrid_Intro,hybrid,random_blocks,64,1618,397,53,0.0291,True,False
Hybrid_Intro,hybrid,random_blocks,64,2718,365,65,0.0279,True,False
Hybrid_Intro,hybrid,random_blocks,64,3141,344,47,0.0252,True,False
Hybrid_Intro,hybrid,random_blocks,64,9973,358,51,0.0266,True,False
Hybrid_Intro,hybrid,random_blocks,64,31337,417,47,0.0303,True,False
Hybrid_Intro,hybrid,random_blocks,64,65537,413,47,0.0302,True,False
Hybrid_MI,hybrid,random_blocks,64,42,357,152,0.0389,True,False
Hybrid_MI,hybrid,random_blocks,64,137,408,160,0.0392,True,False
Hybrid_MI,hybrid,random_blocks,64,1618,420,164,0.0379,True,False
Hybrid_MI,hybrid,random_blocks,64,2718,317,164,0.0312,True,False
Hybrid_MI,hybrid,random_blocks,64,3141,272,140,0.0287,True,False
Hybrid_MI,hybrid,random_blocks,64,9973,340,164,0.0317,True,False
Hybrid_MI,hybrid,random_blocks,64,31337,360,152,0.0325,True,False
Hybrid_MI,hybrid,random_blocks,64,65537,378,156,0.0337,True,False
Hybrid_QI,hybrid,random_blocks,64,42,388,51,0.0281,True,False
Hybrid_QI,hybrid,random_blocks,64,137,361,56,0.0276,True,False
Hybrid_QI,hybrid,random_blocks,64,1618,397,53,0.0286,True,False
Hybrid_QI,hybrid,random_blocks,64,2718,365,65,0.0275,True,False
Hybrid_QI,hybrid,random_blocks,64,3141,344,47,0.0246,True,False
Hybrid_QI,hybrid,random_blocks,64,9973,358,51,0.0255,True,False
Hybrid_QI,hybrid,random_blocks,64,31337,417,47,0.0291,True,False
Hybrid_QI,hybrid,random_blocks,64,65537,413,47,0.0293,True,False
Hybrid_RI,hybrid,random_blocks,64,42,0,128,0.017,True,False
Hybrid_RI,hybrid,random_blocks,64,137,0,128,0.0168,True,False
Hybrid_RI,hybrid,random_blocks,64,1618,0,128,0.0174,True,False
Hybrid_RI,hybrid,random_blocks,64,2718,0,128,0.0171,True,False
Hybrid_RI,hybrid,random_blocks,64,3141,0,128,0.0175,True,False
Hybrid_RI,hybrid,random_blocks,64,9973,0,128,0.017,True,False
Hybrid_RI,hybrid,random_blocks,64,31337,0,128,0.017,True,False
Hybrid_RI,hybrid,random_blocks,64,65537,0,128,0.0174,True,False
Insertion,base,random_blocks,64,42,1068,1050,0.0693,True,False
Insertion,base,random_blocks,64,137,1130,1110,0.0733,True,False
Insertion,base,random_blocks,64,1618,1248,1242,0.0804,True,False
Insertion,base,random_blocks,64,2718,1463,1458,0.1009,True,False
Insertion,base,random_blocks,64,3141,877,858,0.0614,True,False
Insertion,base,random_blocks,64,9973,746,738,0.0503,True,False
Insertion,base,random_blocks,64,31337,959,954,0.0664,True,False
Insertion,base,random_blocks,64,65537,817,810,0.0574,True,False
Merge,base,random_blocks,64,42,250,384,0.0644,True,False
Merge,base,random_blocks,64,137,248,384,0.0584,True,False
Merge,base,random_blocks,64,1618,260,384,0.0588,True,False
Merge,base,random_blocks,64,2718,252,384,0.0585,True,False
Merge,base,random_blocks,64,3141,258,384,0.0587,True,False
Merge,base,random_blocks,64,9973,270,384,0.06,True,False
Merge,base,random_blocks,64,31337,250,384,0.0581,True,False
Merge,base,random_blocks,64,65537,252,384,0.0581,True,False
Quick,base,random_blocks,64,42,333,115,0.0347,True,False
Quick,base,random_blocks,64,137,322,119,0.0329,True,False
Quick,base,random_blocks,64,1618,364,120,0.0356,True,False
Quick,base,random_blocks,64,2718,331,126,0.0337,True,False
Quick,base,random_blocks,64,3141,335,103,0.033,True,False
Quick,base,random_blocks,64,9973,332,115,0.0334,True,False
Quick,base,random_blocks,64,31337,376,115,0.0366,True,False
Quick,base,random_blocks,64,65537,335,116,0.0335,True,False
Radix,base,random_blocks,64,42,0,128,0.0188,True,False
Radix,base,random_blocks,64,137,0,128,0.0187,True,False
Radix,base,random_blocks,64,1618,0,128,0.0187,True,False
Radix,base,random_blocks,64,2718,0,128,0.0187,True,False
Radix,base,random_blocks,64,3141,0,128,0.0188,True,False
Radix,base,random_blocks,64,9973,0,128,0.0188,True,False
Radix,base,random_blocks,64,31337,0,128,0.0188,True,False
Radix,base,random_blocks,64,65537,0,128,0.0185,True,False
Selection,base,random_blocks,64,42,2016,48,0.0756,True,False
Selection,base,random_blocks,64,137,2016,62,0.0754,True,False
Selection,base,random_blocks,64,1618,2016,62,0.0754,True,False
Selection,base,random_blocks,64,2718,2016,58,0.0752,True,False
Selection,base,random_blocks,64,3141,2016,44,0.0744,True,False
Selection,base,random_blocks,64,9973,2016,58,0.0753,True,False
Selection,base,random_blocks,64,31337,2016,54,0.077,True,False
Selection,base,random_blocks,64,65537,2016,62,0.0751,True,False
T_MHB,triplet,random_blocks,64,42,588,336,0.065,True,False
T_MHB,triplet,random_blocks,64,137,566,326,0.0613,True,False
T_MHB,triplet,random_blocks,64,1618,553,318,0.0608,True,False
T_MHB,triplet,random_blocks,64,2718,556,304,0.0598,True,False
T_MHB,triplet,random_blocks,64,3141,575,334,0.0633,True,False
T_MHB,triplet,random_blocks,64,9973,573,332,0.0644,True,False
T_MHB,triplet,random_blocks,64,31337,558,316,0.0614,True,False
T_MHB,triplet,random_blocks,64,65537,568,326,0.0635,True,False
T_MHI,triplet,random_blocks,64,42,588,336,0.0651,True,False
T_MHI,triplet,random_blocks,64,137,566,326,0.0626,True,False
T_MHI,triplet,random_blocks,64,1618,553,318,0.0619,True,False
T_MHI,triplet,random_blocks,64,2718,556,304,0.0606,True,False
T_MHI,triplet,random_blocks,64,3141,575,334,0.0634,True,False
T_MHI,triplet,random_blocks,64,9973,573,332,0.0625,True,False
T_MHI,triplet,random_blocks,64,31337,558,316,0.0649,True,False
T_MHI,triplet,random_blocks,64,65537,568,326,0.0644,True,False
T_MHS,triplet,random_blocks,64,42,588,336,0.0663,True,False
T_MHS,triplet,random_blocks,64,137,566,326,0.0632,True,False
T_MHS,triplet,random_blocks,64,1618,553,318,0.0617,True,False
T_MHS,triplet,random_blocks,64,2718,556,304,0.0602,True,False
T_MHS,triplet,random_blocks,64,3141,575,334,0.0636,True,False
T_MHS,triplet,random_blocks,64,9973,573,332,0.0637,True,False
T_MHS,triplet,random_blocks,64,31337,558,316,0.0615,True,False
T_MHS,triplet,random_blocks,64,65537,568,326,0.0628,True,False
T_MIB,triplet,random_blocks,64,42,1068,1008,0.1093,True,False
T_MIB,triplet,random_blocks,64,137,1130,1068,0.1213,True,False
T_MIB,triplet,random_blocks,64,1618,1248,1188,0.1279,True,False
T_MIB,triplet,random_blocks,64,2718,1463,1404,0.1503,True,False
T_MIB,triplet,random_blocks,64,3141,877,816,0.0897,True,False
T_MIB,triplet,random_blocks,64,9973,746,684,0.0766,True,False
T_MIB,triplet,random_blocks,64,31337,959,900,0.0999,True,False
T_MIB,triplet,random_blocks,64,65537,817,756,0.0818,True,False
T_MII,triplet,random_blocks,64,42,1068,1008,0.1101,True,False
T_MII,triplet,random_blocks,64,137,1130,1068,0.115,True,False
T_MII,triplet,random_blocks,64,1618,1248,1188,0.1296,True,False
T_MII,triplet,random_blocks,64,2718,1463,1404,0.1497,True,False
T_MII,triplet,random_blocks,64,3141,877,816,0.0884,True,False
T_MII,triplet,random_blocks,64,9973,746,684,0.0747,True,False
T_MII,triplet,random_blocks,64,31337,959,900,0.0982,True,False
T_MII,triplet,random_blocks,64,65537,817,756,0.0834,True,False
T_MIS,triplet,random_blocks,64,42,1068,1008,0.1091,True,False
T_MIS,triplet,random_blocks,64,137,1130,1068,0.1151,True,False
T_MIS,triplet,random_blocks,64,1618,1248,1188,0.1275,True,False
T_MIS,triplet,random_blocks,64,2718,1463,1404,0.1494,True,False
T_MIS,triplet,random_blocks,64,3141,877,816,0.0889,True,False
T_MIS,triplet,random_blocks,64,9973,746,684,0.0753,True,False
T_MIS,triplet,random_blocks,64,31337,959,900,0.0981,True,False
T_MIS,triplet,random_blocks,64,65537,817,756,0.0868,True,False
T_MMB,triplet,random_blocks,64,42,434,320,0.0512,True,False
T_MMB,triplet,random_blocks,64,137,518,372,0.0598,True,False
T_MMB,triplet,random_blocks,64,1618,535,384,0.062,True,False
T_MMB,triplet,random_blocks,64,2718,401,288,0.0477,True,False
T_MMB,triplet,random_blocks,64,3141,431,228,0.0451,True,False
T_MMB,triplet,random_blocks,64,9973,417,296,0.0478,True,False
T_MMB,triplet,random_blocks,64,31337,444,324,0.0532,True,False
T_MMB,triplet,random_blocks,64,65537,496,340,0.0571,True,False
T_MMI,triplet,random_blocks,64,42,357,320,0.0465,True,False
T_MMI,triplet,random_blocks,64,137,408,372,0.049,True,False
T_MMI,triplet,random_blocks,64,1618,420,384,0.0498,True,False
T_MMI,triplet,random_blocks,64,2718,317,288,0.0386,True,False
T_MMI,triplet,random_blocks,64,3141,272,228,0.0327,True,False
T_MMI,triplet,random_blocks,64,9973,340,296,0.0406,True,False
T_MMI,triplet,random_blocks,64,31337,360,324,0.0422,True,False
T_MMI,triplet,random_blocks,64,65537,378,340,0.044,True,False
T_MMS,triplet,random_blocks,64,42,588,168,0.0513,True,False
T_MMS,triplet,random_blocks,64,137,588,174,0.0519,True,False
T_MMS,triplet,random_blocks,64,1618,590,180,0.0532,True,False
T_MMS,triplet,random_blocks,64,2718,580,176,0.0515,True,False
T_MMS,triplet,random_blocks,64,3141,594,162,0.0512,True,False
T_MMS,triplet,random_blocks,64,9973,596,172,0.0526,True,False
T_MMS,triplet,random_blocks,64,31337,588,162,0.0509,True,False
T_MMS,triplet,random_blocks,64,65537,590,166,0.0519,True,False
T_MQB,triplet,random_blocks,64,42,431,202,0.0456,True,False
T_MQB,triplet,random_blocks,64,137,447,226,0.0468,True,False
T_MQB,triplet,random_blocks,64,1618,477,212,0.0495,True,False
T_MQB,triplet,random_blocks,64,2718,458,220,0.0479,True,False
T_MQB,triplet,random_blocks,64,3141,377,156,0.0385,True,False
T_MQB,triplet,random_blocks,64,9973,446,190,0.046,True,False
T_MQB,triplet,random_blocks,64,31337,508,214,0.051,True,False
T_MQB,triplet,random_blocks,64,65537,485,248,0.0521,True,False
T_MQI,triplet,random_blocks,64,42,388,202,0.0383,True,False
T_MQI,triplet,random_blocks,64,137,361,226,0.0364,True,False
T_MQI,triplet,random_blocks,64,1618,397,212,0.0386,True,False
T_MQI,triplet,random_blocks,64,2718,365,220,0.0373,True,False
T_MQI,triplet,random_blocks,64,3141,344,156,0.0331,True,False
T_MQI,triplet,random_blocks,64,9973,358,190,0.0356,True,False
T_MQI,triplet,random_blocks,64,31337,417,214,0.0401,True,False
T_MQI,triplet,random_blocks,64,65537,413,248,0.0408,True,False
T_MQS,triplet,random_blocks,64,42,458,86,0.0411,True,False
T_MQS,triplet,random_blocks,64,137,490,94,0.0423,True,False
T_MQS,triplet,random_blocks,64,1618,487,92,0.0437,True,False
T_MQS,triplet,random_blocks,64,2718,484,106,0.043,True,False
T_MQS,triplet,random_blocks,64,3141,459,72,0.04,True,False
T_MQS,triplet,random_blocks,64,9973,463,90,0.0411,True,False
T_MQS,triplet,random_blocks,64,31337,520,80,0.0441,True,False
T_MQS,triplet,random_blocks,64,65537,489,86,0.0437,True,False
T_MRB,triplet,random_blocks,64,42,0,128,0.0218,True,False
T_MRB,triplet,random_blocks,64,137,0,128,0.0224,True,False
T_MRB,triplet,random_blocks,64,1618,0,128,0.0213,True,False
T_MRB,triplet,random_blocks,64,2718,0,128,0.0212,True,False
T_MRB,triplet,random_blocks,64,3141,0,128,0.0213,True,False
T_MRB,triplet,random_blocks,64,9973,0,128,0.0212,True,False
T_MRB,triplet,random_blocks,64,31337,0,128,0.0214,True,False
T_MRB,triplet,random_blocks,64,65537,0,128,0.0214,True,False
T_MRI,triplet,random_blocks,64,42,0,128,0.0213,True,False
T_MRI,triplet,random_blocks,64,137,0,128,0.0215,True,False
T_MRI,triplet,random_blocks,64,1618,0,128,0.0212,True,False
T_MRI,triplet,random_blocks,64,2718,0,128,0.0212,True,False
T_MRI,triplet,random_blocks,64,3141,0,128,0.0214,True,False
T_MRI,triplet,random_blocks,64,9973,0,128,0.0219,True,False
T_MRI,triplet,random_blocks,64,31337,0,128,0.0214,True,False
T_MRI,triplet,random_blocks,64,65537,0,128,0.0229,True,False
T_MRS,triplet,random_blocks,64,42,0,128,0.0252,True,False
T_MRS,triplet,random_blocks,64,137,0,128,0.0219,True,False
T_MRS,triplet,random_blocks,64,1618,0,128,0.0213,True,False
T_MRS,triplet,random_blocks,64,2718,0,128,0.0213,True,False
T_MRS,triplet,random_blocks,64,3141,0,128,0.0212,True,False
T_MRS,triplet,random_blocks,64,9973,0,128,0.0214,True,False
T_MRS,triplet,random_blocks,64,31337,0,128,0.0213,True,False
T_MRS,triplet,random_blocks,64,65537,0,128,0.0227,True,False
T_MSB,triplet,random_blocks,64,42,2016,48,0.1162,True,False
T_MSB,triplet,random_blocks,64,137,2016,62,0.117,True,False
T_MSB,triplet,random_blocks,64,1618,2016,62,0.1186,True,False
T_MSB,triplet,random_blocks,64,2718,2016,58,0.118,True,False
T_MSB,triplet,random_blocks,64,3141,2016,44,0.115,True,False
T_MSB,triplet,random_blocks,64,9973,2016,58,0.1165,True,False
T_MSB,triplet,random_blocks,64,31337,2016,54,0.117,True,False
T_MSB,triplet,random_blocks,64,65537,2016,62,0.1174,True,False
T_MSI,triplet,random_blocks,64,42,2016,48,0.1159,True,False
T_MSI,triplet,random_blocks,64,137,2016,62,0.1185,True,False
T_MSI,triplet,random_blocks,64,1618,2016,62,0.1198,True,False
T_MSI,triplet,random_blocks,64,2718,2016,58,0.1181,True,False
T_MSI,triplet,random_blocks,64,3141,2016,44,0.1159,True,False
T_MSI,triplet,random_blocks,64,9973,2016,58,0.1185,True,False
T_MSI,triplet,random_blocks,64,31337,2016,54,0.1179,True,False
T_MSI,triplet,random_blocks,64,65537,2016,62,0.1172,True,False
T_MSS,triplet,random_blocks,64,42,2016,48,0.1164,True,False
T_MSS,triplet,random_blocks,64,137,2016,62,0.1187,True,False
T_MSS,triplet,random_blocks,64,1618,2016,62,0.1165,True,False
T_MSS,triplet,random_blocks,64,2718,2016,58,0.1172,True,False
T_MSS,triplet,random_blocks,64,3141,2016,44,0.116,True,False
T_MSS,triplet,random_blocks,64,9973,2016,58,0.1201,True,False
T_MSS,triplet,random_blocks,64,31337,2016,54,0.1194,True,False
T_MSS,triplet,random_blocks,64,65537,2016,62,0.1198,True,False
T_QHB,triplet,random_blocks,64,42,588,336,0.0666,True,False
T_QHB,triplet,random_blocks,64,137,566,326,0.0623,True,False
T_QHB,triplet,random_blocks,64,1618,553,318,0.0609,True,False
T_QHB,triplet,random_blocks,64,2718,556,304,0.0599,True,False
T_QHB,triplet,random_blocks,64,3141,575,334,0.0643,True,False
T_QHB,triplet,random_blocks,64,9973,573,332,0.0635,True,False
T_QHB,triplet,random_blocks,64,31337,558,316,0.0611,True,False
T_QHB,triplet,random_blocks,64,65537,568,326,0.0626,True,False
T_QHI,triplet,random_blocks,64,42,588,336,0.0643,True,False
T_QHI,triplet,random_blocks,64,137,566,326,0.0638,True,False
T_QHI,triplet,random_blocks,64,1618,553,318,0.0593,True,False
T_QHI,triplet,random_blocks,64,2718,556,304,0.0595,True,False
T_QHI,triplet,random_blocks,64,3141,575,334,0.057,True,False
T_QHI,triplet,random_blocks,64,9973,573,332,0.0569,True,False
T_QHI,triplet,random_blocks,64,31337,558,316,0.0547,True,False
T_QHI,triplet,random_blocks,64,65537,568,326,0.0563,True,False
T_QHS,triplet,random_blocks,64,42,588,336,0.0591,True,False
T_QHS,triplet,random_blocks,64,137,566,326,0.0559,True,False
T_QHS,triplet,random_blocks,64,1618,553,318,0.0549,True,False
T_QHS,triplet,random_blocks,64,2718,556,304,0.0537,True,False
T_QHS,triplet,random_blocks,64,3141,575,334,0.0572,True,False
T_QHS,triplet,random_blocks,64,9973,573,332,0.0564,True,False
T_QHS,triplet,random_blocks,64,31337,558,316,0.0552,True,False
T_QHS,triplet,random_blocks,64,65537,568,326,0.0556,True,False
T_QIB,triplet,random_blocks,64,42,1068,1008,0.0977,True,False
T_QIB,triplet,random_blocks,64,137,1130,1068,0.1043,True,False
T_QIB,triplet,random_blocks,64,1618,1248,1188,0.1157,True,False
T_QIB,triplet,random_blocks,64,2718,1463,1404,0.1347,True,False
T_QIB,triplet,random_blocks,64,3141,877,816,0.08,True,False
T_QIB,triplet,random_blocks,64,9973,746,684,0.0674,True,False
T_QIB,triplet,random_blocks,64,31337,959,900,0.0863,True,False
T_QIB,triplet,random_blocks,64,65537,817,756,0.0726,True,False
T_QII,triplet,random_blocks,64,42,1068,1008,0.126,True,False
T_QII,triplet,random_blocks,64,137,1130,1068,0.116,True,False
T_QII,triplet,random_blocks,64,1618,1248,1188,0.127,True,False
T_QII,triplet,random_blocks,64,2718,1463,1404,0.1541,True,False
T_QII,triplet,random_blocks,64,3141,877,816,0.0904,True,False
T_QII,triplet,random_blocks,64,9973,746,684,0.0758,True,False
T_QII,triplet,random_blocks,64,31337,959,900,0.0999,True,False
T_QII,triplet,random_blocks,64,65537,817,756,0.084,True,False
T_QIS,triplet,random_blocks,64,42,1068,1008,0.1155,True,False
T_QIS,triplet,random_blocks,64,137,1130,1068,0.1153,True,False
T_QIS,triplet,random_blocks,64,1618,1248,1188,0.1289,True,False
T_QIS,triplet,random_blocks,64,2718,1463,1404,0.1503,True,False
T_QIS,triplet,random_blocks,64,3141,877,816,0.09,True,False
T_QIS,triplet,random_blocks,64,9973,746,684,0.0765,True,False
T_QIS,triplet,random_blocks,64,31337,959,900,0.0973,True,False
T_QIS,triplet,random_blocks,64,65537,817,756,0.0839,True,False
T_QMB,triplet,random_blocks,64,42,434,320,0.051,True,False
T_QMB,triplet,random_blocks,64,137,518,372,0.0606,True,False
T_QMB,triplet,random_blocks,64,1618,535,384,0.0626,True,False
T_QMB,triplet,random_blocks,64,2718,401,288,0.0466,True,False
T_QMB,triplet,random_blocks,64,3141,431,228,0.0456,True,False
T_QMB,triplet,random_blocks,64,9973,417,296,0.0482,True,False
T_QMB,triplet,random_blocks,64,31337,444,324,0.0526,True,False
T_QMB,triplet,random_blocks,64,65537,496,340,0.058,True,False
T_QMI,triplet,random_blocks,64,42,357,320,0.0426,True,False
T_QMI,triplet,random_blocks,64,137,408,372,0.0474,True,False
T_QMI,triplet,random_blocks,64,1618,420,384,0.0664,True,False
T_QMI,triplet,random_blocks,64,2718,317,288,0.0389,True,False
T_QMI,triplet,random_blocks,64,3141,272,228,0.0333,True,False
T_QMI,triplet,random_blocks,64,9973,340,296,0.04,True,False
T_QMI,triplet,random_blocks,64,31337,360,324,0.0448,True,False
T_QMI,triplet,random_blocks,64,65537,378,340,0.0451,True,False
T_QMS,triplet,random_blocks,64,42,588,168,0.0513,True,False
T_QMS,triplet,random_blocks,64,137,588,174,0.0527,True,False
T_QMS,triplet,random_blocks,64,1618,590,180,0.0527,True,False
T_QMS,triplet,random_blocks,64,2718,580,176,0.052,True,False
T_QMS,triplet,random_blocks,64,3141,594,162,0.0516,True,False
T_QMS,triplet,random_blocks,64,9973,596,172,0.0523,True,False
T_QMS,triplet,random_blocks,64,31337,588,162,0.0517,True,False
T_QMS,triplet,random_blocks,64,65537,590,166,0.0518,True,False
T_QQB,triplet,random_blocks,64,42,431,202,0.0452,True,False
T_QQB,triplet,random_blocks,64,137,447,226,0.0471,True,False
T_QQB,triplet,random_blocks,64,1618,477,212,0.0502,True,False
T_QQB,triplet,random_blocks,64,2718,458,220,0.0475,True,False
T_QQB,triplet,random_blocks,64,3141,377,156,0.0382,True,False
T_QQB,triplet,random_blocks,64,9973,446,190,0.0464,True,False
T_QQB,triplet,random_blocks,64,31337,508,214,0.0513,True,False
T_QQB,triplet,random_blocks,64,65537,485,248,0.0522,True,False
T_QQI,triplet,random_blocks,64,42,388,202,0.0384,True,False
T_QQI,triplet,random_blocks,64,137,361,226,0.0369,True,False
T_QQI,triplet,random_blocks,64,1618,397,212,0.0393,True,False
T_QQI,triplet,random_blocks,64,2718,365,220,0.0377,True,False
T_QQI,triplet,random_blocks,64,3141,344,156,0.0344,True,False
T_QQI,triplet,random_blocks,64,9973,358,190,0.0355,True,False
T_QQI,triplet,random_blocks,64,31337,417,214,0.0401,True,False
T_QQI,triplet,random_blocks,64,65537,413,248,0.0411,True,False
T_QQS,triplet,random_blocks,64,42,458,86,0.0426,True,False
T_QQS,triplet,random_blocks,64,137,490,94,0.043,True,False
T_QQS,triplet,random_blocks,64,1618,487,92,0.0431,True,False
T_QQS,triplet,random_blocks,64,2718,484,106,0.049,True,False
T_QQS,triplet,random_blocks,64,3141,459,72,0.0402,True,False
T_QQS,triplet,random_blocks,64,9973,463,90,0.0412,True,False
T_QQS,triplet,random_blocks,64,31337,520,80,0.0448,True,False
T_QQS,triplet,random_blocks,64,65537,489,86,0.0429,True,False
T_QRB,triplet,random_blocks,64,42,0,128,0.0217,True,False
T_QRB,triplet,random_blocks,64,137,0,128,0.0213,True,False
T_QRB,triplet,random_blocks,64,1618,0,128,0.0222,True,False
T_QRB,triplet,random_blocks,64,2718,0,128,0.0214,True,False
T_QRB,triplet,random_blocks,64,3141,0,128,0.0214,True,False
T_QRB,triplet,random_blocks,64,9973,0,128,0.0212,True,False
T_QRB,triplet,random_blocks,64,31337,0,128,0.0215,True,False
T_QRB,triplet,random_blocks,64,65537,0,128,0.0218,True,False
T_QRI,triplet,random_blocks,64,42,0,128,0.0211,True,False
T_QRI,triplet,random_blocks,64,137,0,128,0.0211,True,False
T_QRI,triplet,random_blocks,64,1618,0,128,0.0212,True,False
T_QRI,triplet,random_blocks,64,2718,0,128,0.0215,True,False
T_QRI,triplet,random_blocks,64,3141,0,128,0.0213,True,False
T_QRI,triplet,random_blocks,64,9973,0,128,0.0212,True,False
T_QRI,triplet,random_blocks,64,31337,0,128,0.0212,True,False
T_QRI,triplet,random_blocks,64,65537,0,128,0.0217,True,False
T_QRS,triplet,random_blocks,64,42,0,128,0.0211,True,False
T_QRS,triplet,random_blocks,64,137,0,128,0.0216,True,False
T_QRS,triplet,random_blocks,64,1618,0,128,0.0212,True,False
T_QRS,triplet,random_blocks,64,2718,0,128,0.0212,True,False
T_QRS,triplet,random_blocks,64,3141,0,128,0.0216,True,False
T_QRS,triplet,random_blocks,64,9973,0,128,0.0215,True,False
T_QRS,triplet,random_blocks,64,31337,0,128,0.0212,True,False
T_QRS,triplet,random_blocks,64,65537,0,128,0.0212,True,False
T_QSB,triplet,random_blocks,64,42,2016,48,0.1154,True,False
T_QSB,triplet,random_blocks,64,137,2016,62,0.1159,True,False
T_QSB,triplet,random_blocks,64,1618,2016,62,0.1184,True,False
T_QSB,triplet,random_blocks,64,2718,2016,58,0.1185,True,False
T_QSB,triplet,random_blocks,64,3141,2016,44,0.1145,True,False
T_QSB,triplet,random_blocks,64,9973,2016,58,0.1169,True,False
T_QSB,triplet,random_blocks,64,31337,2016,54,0.1198,True,False
T_QSB,triplet,random_blocks,64,65537,2016,62,0.1199,True,False
T_QSI,triplet,random_blocks,64,42,2016,48,0.1167,True,False
T_QSI,triplet,random_blocks,64,137,2016,62,0.1176,True,False
T_QSI,triplet,random_blocks,64,1618,2016,62,0.1156,True,False
T_QSI,triplet,random_blocks,64,2718,2016,58,0.1205,True,False
T_QSI,triplet,random_blocks,64,3141,2016,44,0.1172,True,False
T_QSI,triplet,random_blocks,64,9973,2016,58,0.1178,True,False
T_QSI,triplet,random_blocks,64,31337,2016,54,0.1155,True,False
T_QSI,triplet,random_blocks,64,65537,2016,62,0.1153,True,False
T_QSS,triplet,random_blocks,64,42,2016,48,0.1164,True,False
T_QSS,triplet,random_blocks,64,137,2016,62,0.117,True,False
T_QSS,triplet,random_blocks,64,1618,2016,62,0.1047,True,False
T_QSS,triplet,random_blocks,64,2718,2016,58,0.1038,True,False
T_QSS,triplet,random_blocks,64,3141,2016,44,0.1026,True,False
T_QSS,triplet,random_blocks,64,9973,2016,58,0.1046,True,False
T_QSS,triplet,random_blocks,64,31337,2016,54,0.1164,True,False
T_QSS,triplet,random_blocks,64,65537,2016,62,0.1061,True,False
TimCustom,base,random_blocks,64,42,568,558,0.0508,True,False
TimCustom,base,random_blocks,64,137,682,666,0.0673,True,False
TimCustom,base,random_blocks,64,1618,765,762,0.0753,True,False
TimCustom,base,random_blocks,64,2718,608,624,0.0633,True,False
TimCustom,base,random_blocks,64,3141,492,462,0.0499,True,False
TimCustom,base,random_blocks,64,9973,436,426,0.0446,True,False
TimCustom,base,random_blocks,64,31337,574,558,0.0579,True,False
TimCustom,base,random_blocks,64,65537,530,516,0.0537,True,False
Bubble,base,reverse,64,42,2016,2016,0.1583,True,False
Bubble,base,reverse,64,137,2016,2016,0.1668,True,False
Bubble,base,reverse,64,1618,2016,2016,0.153,True,False
Bubble,base,reverse,64,2718,2016,2016,0.148,True,False
Bubble,base,reverse,64,3141,2016,2016,0.1487,True,False
Bubble,base,reverse,64,9973,2016,2016,0.1523,True,False
Bubble,base,reverse,64,31337,2016,2016,0.15,True,False
Bubble,base,reverse,64,65537,2016,2016,0.1492,True,False
Heap,base,reverse,64,42,525,288,0.039,True,False
Heap,base,reverse,64,137,525,288,0.0387,True,False
Heap,base,reverse,64,1618,525,288,0.039,True,False
Heap,base,reverse,64,2718,525,288,0.0394,True,False
Heap,base,reverse,64,3141,525,288,0.0386,True,False
Heap,base,reverse,64,9973,525,288,0.0436,True,False
Heap,base,reverse,64,31337,525,288,0.0388,True,False
Heap,base,reverse,64,65537,525,288,0.039,True,False
Hybrid_Intro,hybrid,reverse,64,42,266,44,0.0196,True,False
Hybrid_Intro,hybrid,reverse,64,137,266,44,0.019,True,False
Hybrid_Intro,hybrid,reverse,64,1618,266,44,0.0192,True,False
Hybrid_Intro,hybrid,reverse,64,2718,266,44,0.019,True,False
Hybrid_Intro,hybrid,reverse,64,3141,266,44,0.019,True,False
Hybrid_Intro,hybrid,reverse,64,9973,266,44,0.0191,True,False
Hybrid_Intro,hybrid,reverse,64,31337,266,44,0.0195,True,False
Hybrid_Intro,hybrid,reverse,64,65537,266,44,0.0214,True,False
Hybrid_MI,hybrid,reverse,64,42,544,188,0.0529,True,False
Hybrid_MI,hybrid,reverse,64,137,544,188,0.0485,True,False
Hybrid_MI,hybrid,reverse,64,1618,544,188,0.0477,True,False
Hybrid_MI,hybrid,reverse,64,2718,544,188,0.048,True,False
Hybrid_MI,hybrid,reverse,64,3141,544,188,0.0553,True,False
Hybrid_MI,hybrid,reverse,64,9973,544,188,0.0532,True,False
Hybrid_MI,hybrid,reverse,64,31337,544,188,0.0475,True,False
Hybrid_MI,hybrid,reverse,64,65537,544,188,0.053,True,False
Hybrid_QI,hybrid,reverse,64,42,266,44,0.0218,True,False
Hybrid_QI,hybrid,reverse,64,137,266,44,0.0214,True,False
Hybrid_QI,hybrid,reverse,64,1618,266,44,0.0187,True,False
Hybrid_QI,hybrid,reverse,64,2718,266,44,0.0189,True,False
Hybrid_QI,hybrid,reverse,64,3141,266,44,0.019,True,False
Hybrid_QI,hybrid,reverse,64,9973,266,44,0.0189,True,False
Hybrid_QI,hybrid,reverse,64,31337,266,44,0.0188,True,False
Hybrid_QI,hybrid,reverse,64,65537,266,44,0.0189,True,False
Hybrid_RI,hybrid,reverse,64,42,0,128,0.0173,True,False
Hybrid_RI,hybrid,reverse,64,137,0,128,0.017,True,False
Hybrid_RI,hybrid,reverse,64,1618,0,128,0.017,True,False
Hybrid_RI,hybrid,reverse,64,2718,0,128,0.017,True,False
Hybrid_RI,hybrid,reverse,64,3141,0,128,0.017,True,False
Hybrid_RI,hybrid,reverse,64,9973,0,128,0.0169,True,False
Hybrid_RI,hybrid,reverse,64,31337,0,128,0.0168,True,False
Hybrid_RI,hybrid,reverse,64,65537,0,128,0.0169,True,False
Insertion,base,reverse,64,42,2016,2079,0.1301,True,False
Insertion,base,reverse,64,137,2016,2079,0.1266,True,False
Insertion,base,reverse,64,1618,2016,2079,0.1283,True,False
Insertion,base,reverse,64,2718,2016,2079,0.1303,True,False
Insertion,base,reverse,64,3141,2016,2079,0.131,True,False
Insertion,base,reverse,64,9973,2016,2079,0.1308,True,False
Insertion,base,reverse,64,31337,2016,2079,0.1305,True,False
Insertion,base,reverse,64,65537,2016,2079,0.1278,True,False
Merge,base,reverse,64,42,192,384,0.0503,True,False
Merge,base,reverse,64,137,192,384,0.0524,True,False
Merge,base,reverse,64,1618,192,384,0.0563,True,False
Merge,base,reverse,64,2718,192,384,0.0557,True,False
Merge,base,reverse,64,3141,192,384,0.0701,True,False
Merge,base,reverse,64,9973,192,384,0.0505,True,False
Merge,base,reverse,64,31337,192,384,0.0495,True,False
Merge,base,reverse,64,65537,192,384,0.0505,True,False
Quick,base,reverse,64,42,370,128,0.0326,True,False
Quick,base,reverse,64,137,370,128,0.0319,True,False
Quick,base,reverse,64,1618,370,128,0.0316,True,False
Quick,base,reverse,64,2718,370,128,0.0356,True,False
Quick,base,reverse,64,3141,370,128,0.0355,True,False
Quick,base,reverse,64,9973,370,128,0.0357,True,False
Quick,base,reverse,64,31337,370,128,0.0351,True,False
Quick,base,reverse,64,65537,370,128,0.0352,True,False
Radix,base,reverse,64,42,0,128,0.0166,True,False
Radix,base,reverse,64,137,0,128,0.0165,True,False
Radix,base,reverse,64,1618,0,128,0.0165,True,False
Radix,base,reverse,64,2718,0,128,0.0188,True,False
Radix,base,reverse,64,3141,0,128,0.019,True,False
Radix,base,reverse,64,9973,0,128,0.0166,True,False
Radix,base,reverse,64,31337,0,128,0.0184,True,False
Radix,base,reverse,64,65537,0,128,0.0168,True,False
Selection,base,reverse,64,42,2016,32,0.074,True,False
Selection,base,reverse,64,137,2016,32,0.0694,True,False
Selection,base,reverse,64,1618,2016,32,0.0705,True,False
Selection,base,reverse,64,2718,2016,32,0.0791,True,False
Selection,base,reverse,64,3141,2016,32,0.0774,True,False
Selection,base,reverse,64,9973,2016,32,0.0753,True,False
Selection,base,reverse,64,31337,2016,32,0.07,True,False
Selection,base,reverse,64,65537,2016,32,0.0773,True,False
T_MHB,triplet,reverse,64,42,525,288,0.0587,True,False
T_MHB,triplet,reverse,64,137,525,288,0.0562,True,False
T_MHB,triplet,reverse,64,1618,525,288,0.0566,True,False
T_MHB,triplet,reverse,64,2718,525,288,0.0506,True,False
T_MHB,triplet,reverse,64,3141,525,288,0.0504,True,False
T_MHB,triplet,reverse,64,9973,525,288,0.0511,True,False
T_MHB,triplet,reverse,64,31337,525,288,0.0509,True,False
T_MHB,triplet,reverse,64,65537,525,288,0.0501,True,False
T_MHI,triplet,reverse,64,42,525,288,0.0498,True,False
T_MHI,triplet,reverse,64,137,525,288,0.0513,True,False
T_MHI,triplet,reverse,64,1618,525,288,0.0504,True,False
T_MHI,triplet,reverse,64,2718,525,288,0.0503,True,False
T_MHI,triplet,reverse,64,3141,525,288,0.0501,True,False
T_MHI,triplet,reverse,64,9973,525,288,0.0503,True,False
T_MHI,triplet,reverse,64,31337,525,288,0.05,True,False
T_MHI,triplet,reverse,64,65537,525,288,0.0503,True,False
T_MHS,triplet,reverse,64,42,525,288,0.0503,True,False
T_MHS,triplet,reverse,64,137,525,288,0.0516,True,False
T_MHS,triplet,reverse,64,1618,525,288,0.0569,True,False
T_MHS,triplet,reverse,64,2718,525,288,0.0564,True,False
T_MHS,triplet,reverse,64,3141,525,288,0.0567,True,False
T_MHS,triplet,reverse,64,9973,525,288,0.056,True,False
T_MHS,triplet,reverse,64,31337,525,288,0.0565,True,False
T_MHS,triplet,reverse,64,65537,525,288,0.0567,True,False
T_MIB,triplet,reverse,64,42,2016,2016,0.2182,True,False
T_MIB,triplet,reverse,64,137,2016,2016,0.2085,True,False
T_MIB,triplet,reverse,64,1618,2016,2016,0.2159,True,False
T_MIB,triplet,reverse,64,2718,2016,2016,0.2152,True,False
T_MIB,triplet,reverse,64,3141,2016,2016,0.1919,True,False
T_MIB,triplet,reverse,64,9973,2016,2016,0.1933,True,False
T_MIB,triplet,reverse,64,31337,2016,2016,0.2005,True,False
T_MIB,triplet,reverse,64,65537,2016,2016,0.1936,True,False
T_MII,triplet,reverse,64,42,2016,2016,0.185,True,False
T_MII,triplet,reverse,64,137,2016,2016,0.1856,True,False
T_MII,triplet,reverse,64,1618,2016,2016,0.1861,True,False
T_MII,triplet,reverse,64,2718,2016,2016,0.1843,True,False
T_MII,triplet,reverse,64,3141,2016,2016,0.1876,True,False
T_MII,triplet,reverse,64,9973,2016,2016,0.1895,True,False
T_MII,triplet,reverse,64,31337,2016,2016,0.1885,True,False
T_MII,triplet,reverse,64,65537,2016,2016,0.1892,True,False
T_MIS,triplet,reverse,64,42,2016,2016,0.1863,True,False
T_MIS,triplet,reverse,64,137,2016,2016,0.1842,True,False
T_MIS,triplet,reverse,64,1618,2016,2016,0.1861,True,False
T_MIS,triplet,reverse,64,2718,2016,2016,0.2017,True,False
T_MIS,triplet,reverse,64,3141,2016,2016,0.1867,True,False
T_MIS,triplet,reverse,64,9973,2016,2016,0.1864,True,False
T_MIS,triplet,reverse,64,31337,2016,2016,0.1896,True,False
T_MIS,triplet,reverse,64,65537,2016,2016,0.1861,True,False
T_MMB,triplet,reverse,64,42,544,608,0.0736,True,False
T_MMB,triplet,reverse,64,137,544,608,0.0694,True,False
T_MMB,triplet,reverse,64,1618,544,608,0.0703,True,False
T_MMB,triplet,reverse,64,2718,544,608,0.0698,True,False
T_MMB,triplet,reverse,64,3141,544,608,0.0693,True,False
T_MMB,triplet,reverse,64,9973,544,608,0.0767,True,False
T_MMB,triplet,reverse,64,31337,544,608,0.0698,True,False
T_MMB,triplet,reverse,64,65537,544,608,0.0698,True,False
T_MMI,triplet,reverse,64,42,544,608,0.0595,True,False
T_MMI,triplet,reverse,64,137,544,608,0.0594,True,False
T_MMI,triplet,reverse,64,1618,544,608,0.0586,True,False
T_MMI,triplet,reverse,64,2718,544,608,0.0591,True,False
T_MMI,triplet,reverse,64,3141,544,608,0.0598,True,False
T_MMI,triplet,reverse,64,9973,544,608,0.0598,True,False
T_MMI,triplet,reverse,64,31337,544,608,0.0592,True,False
T_MMI,triplet,reverse,64,65537,544,608,0.0593,True,False
T_MMS,triplet,reverse,64,42,544,160,0.0441,True,False
T_MMS,triplet,reverse,64,137,544,160,0.0439,True,False
T_MMS,triplet,reverse,64,1618,544,160,0.0439,True,False
T_MMS,triplet,reverse,64,2718,544,160,0.0443,True,False
T_MMS,triplet,reverse,64,3141,544,160,0.0441,True,False
T_MMS,triplet,reverse,64,9973,544,160,0.044,True,False
T_MMS,triplet,reverse,64,31337,544,160,0.0439,True,False
T_MMS,triplet,reverse,64,65537,544,160,0.0438,True,False
T_MQB,triplet,reverse,64,42,568,98,0.0418,True,False
T_MQB,triplet,reverse,64,137,568,98,0.0411,True,False
T_MQB,triplet,reverse,64,1618,568,98,0.0413,True,False
T_MQB,triplet,reverse,64,2718,568,98,0.0416,True,False
T_MQB,triplet,reverse,64,3141,568,98,0.0414,True,False
T_MQB,triplet,reverse,64,9973,568,98,0.0416,True,False
T_MQB,triplet,reverse,64,31337,568,98,0.0417,True,False
T_MQB,triplet,reverse,64,65537,568,98,0.0423,True,False
T_MQI,triplet,reverse,64,42,266,98,0.0224,True,False
T_MQI,triplet,reverse,64,137,266,98,0.0217,True,False
T_MQI,triplet,reverse,64,1618,266,98,0.0222,True,False
T_MQI,triplet,reverse,64,2718,266,98,0.0217,True,False
T_MQI,triplet,reverse,64,3141,266,98,0.0216,True,False
T_MQI,triplet,reverse,64,9973,266,98,0.0217,True,False
T_MQI,triplet,reverse,64,31337,266,98,0.0219,True,False
T_MQI,triplet,reverse,64,65537,266,98,0.0217,True,False
T_MQS,triplet,reverse,64,42,568,98,0.04,True,False
T_MQS,triplet,reverse,64,137,568,98,0.0405,True,False
T_MQS,triplet,reverse,64,1618,568,98,0.0401,True,False
T_MQS,triplet,reverse,64,2718,568,98,0.0401,True,False
T_MQS,triplet,reverse,64,3141,568,98,0.0407,True,False
T_MQS,triplet,reverse,64,9973,568,98,0.0408,True,False
T_MQS,triplet,reverse,64,31337,568,98,0.0398,True,False
T_MQS,triplet,reverse,64,65537,568,98,0.0397,True,False
T_MRB,triplet,reverse,64,42,0,128,0.0202,True,False
T_MRB,triplet,reverse,64,137,0,128,0.0191,True,False
T_MRB,triplet,reverse,64,1618,0,128,0.0189,True,False
T_MRB,triplet,reverse,64,2718,0,128,0.0188,True,False
T_MRB,triplet,reverse,64,3141,0,128,0.0189,True,False
T_MRB,triplet,reverse,64,9973,0,128,0.019,True,False
T_MRB,triplet,reverse,64,31337,0,128,0.0185,True,False
T_MRB,triplet,reverse,64,65537,0,128,0.0186,True,False
T_MRI,triplet,reverse,64,42,0,128,0.0191,True,False
T_MRI,triplet,reverse,64,137,0,128,0.0188,True,False
T_MRI,triplet,reverse,64,1618,0,128,0.0187,True,False
T_MRI,triplet,reverse,64,2718,0,128,0.0191,True,False
T_MRI,triplet,reverse,64,3141,0,128,0.0189,True,False
T_MRI,triplet,reverse,64,9973,0,128,0.0188,True,False
T_MRI,triplet,reverse,64,31337,0,128,0.0188,True,False
T_MRI,triplet,reverse,64,65537,0,128,0.0194,True,False
T_MRS,triplet,reverse,64,42,0,128,0.0192,True,False
T_MRS,triplet,reverse,64,137,0,128,0.019,True,False
T_MRS,triplet,reverse,64,1618,0,128,0.019,True,False
T_MRS,triplet,reverse,64,2718,0,128,0.0193,True,False
T_MRS,triplet,reverse,64,3141,0,128,0.0191,True,False
T_MRS,triplet,reverse,64,9973,0,128,0.019,True,False
T_MRS,triplet,reverse,64,31337,0,128,0.0196,True,False
T_MRS,triplet,reverse,64,65537,0,128,0.0192,True,False
T_MSB,triplet,reverse,64,42,2016,32,0.1054,True,False
T_MSB,triplet,reverse,64,137,2016,32,0.1042,True,False
T_MSB,triplet,reverse,64,1618,2016,32,0.1132,True,False
T_MSB,triplet,reverse,64,2718,2016,32,0.1054,True,False
T_MSB,triplet,reverse,64,3141,2016,32,0.1039,True,False
T_MSB,triplet,reverse,64,9973,2016,32,0.1042,True,False
T_MSB,triplet,reverse,64,31337,2016,32,0.105,True,False
T_MSB,triplet,reverse,64,65537,2016,32,0.1063,True,False
T_MSI,triplet,reverse,64,42,2016,32,0.1059,True,False
T_MSI,triplet,reverse,64,137,2016,32,0.1066,True,False
T_MSI,triplet,reverse,64,1618,2016,32,0.1055,True,False
T_MSI,triplet,reverse,64,2718,2016,32,0.1062,True,False
T_MSI,triplet,reverse,64,3141,2016,32,0.1054,True,False
T_MSI,triplet,reverse,64,9973,2016,32,0.1059,True,False
T_MSI,triplet,reverse,64,31337,2016,32,0.1063,True,False
T_MSI,triplet,reverse,64,65537,2016,32,0.1068,True,False
T_MSS,triplet,reverse,64,42,2016,32,0.1054,True,False
T_MSS,triplet,reverse,64,137,2016,32,0.1069,True,False
T_MSS,triplet,reverse,64,1618,2016,32,0.1055,True,False
T_MSS,triplet,reverse,64,2718,2016,32,0.1038,True,False
T_MSS,triplet,reverse,64,3141,2016,32,0.1059,True,False
T_MSS,triplet,reverse,64,9973,2016,32,0.1042,True,False
T_MSS,triplet,reverse,64,31337,2016,32,0.1049,True,False
T_MSS,triplet,reverse,64,65537,2016,32,0.1037,True,False
T_QHB,triplet,reverse,64,42,525,288,0.0517,True,False
T_QHB,triplet,reverse,64,137,525,288,0.0561,True,False
T_QHB,triplet,reverse,64,1618,525,288,0.0501,True,False
T_QHB,triplet,reverse,64,2718,525,288,0.0505,True,False
T_QHB,triplet,reverse,64,3141,525,288,0.0501,True,False
T_QHB,triplet,reverse,64,9973,525,288,0.0503,True,False
T_QHB,triplet,reverse,64,31337,525,288,0.052,True,False
T_QHB,triplet,reverse,64,65537,525,288,0.0504,True,False
T_QHI,triplet,reverse,64,42,525,288,0.0503,True,False
T_QHI,triplet,reverse,64,137,525,288,0.0508,True,False
T_QHI,triplet,reverse,64,1618,525,288,0.0517,True,False
T_QHI,triplet,reverse,64,2718,525,288,0.0504,True,False
T_QHI,triplet,reverse,64,3141,525,288,0.0504,True,False
T_QHI,triplet,reverse,64,9973,525,288,0.0505,True,False
T_QHI,triplet,reverse,64,31337,525,288,0.0513,True,False
T_QHI,triplet,reverse,64,65537,525,288,0.0508,True,False
T_QHS,triplet,reverse,64,42,525,288,0.0504,True,False
T_QHS,triplet,reverse,64,137,525,288,0.0514,True,False
T_QHS,triplet,reverse,64,1618,525,288,0.0508,True,False
T_QHS,triplet,reverse,64,2718,525,288,0.0504,True,False
T_QHS,triplet,reverse,64,3141,525,288,0.0503,True,False
T_QHS,triplet,reverse,64,9973,525,288,0.0499,True,False
T_QHS,triplet,reverse,64,31337,525,288,0.0504,True,False
T_QHS,triplet,reverse,64,65537,525,288,0.05,True,False
T_QIB,triplet,reverse,64,42,2016,2016,0.1863,True,False
T_QIB,triplet,reverse,64,137,2016,2016,0.186,True,False
T_QIB,triplet,reverse,64,1618,2016,2016,0.1878,True,False
T_QIB,triplet,reverse,64,2718,2016,2016,0.1897,True,False
T_QIB,triplet,reverse,64,3141,2016,2016,0.2434,True,False
T_QIB,triplet,reverse,64,9973,2016,2016,0.19,True,False
T_QIB,triplet,reverse,64,31337,2016,2016,0.1855,True,False
T_QIB,triplet,reverse,64,65537,2016,2016,0.1917,True,False
T_QII,triplet,reverse,64,42,2016,2016,0.1892,True,False
T_QII,triplet,reverse,64,137,2016,2016,0.1865,True,False
T_QII,triplet,reverse,64,1618,2016,2016,0.1856,True,False
T_QII,triplet,reverse,64,2718,2016,2016,0.1818,True,False
T_QII,triplet,reverse,64,3141,2016,2016,0.1833,True,False
T_QII,triplet,reverse,64,9973,2016,2016,0.182,True,False
T_QII,triplet,reverse,64,31337,2016,2016,0.1915,True,False
T_QII,triplet,reverse,64,65537,2016,2016,0.1842,True,False
T_QIS,triplet,reverse,64,42,2016,2016,0.1852,True,False
T_QIS,triplet,reverse,64,137,2016,2016,0.1841,True,False
T_QIS,triplet,reverse,64,1618,2016,2016,0.1819,True,False
T_QIS,triplet,reverse,64,2718,2016,2016,0.1824,True,False
T_QIS,triplet,reverse,64,3141,2016,2016,0.1823,True,False
T_QIS,triplet,reverse,64,9973,2016,2016,0.184,True,False
T_QIS,triplet,reverse,64,31337,2016,2016,0.1834,True,False
T_QIS,triplet,reverse,64,65537,2016,2016,0.1862,True,False
T_QMB,triplet,reverse,64,42,544,608,0.07,True,False
T_QMB,triplet,reverse,64,137,544,608,0.0879,True,False
T_QMB,triplet,reverse,64,1618,544,608,0.07,True,False
T_QMB,triplet,reverse,64,2718,544,608,0.0696,True,False
T_QMB,triplet,reverse,64,3141,544,608,0.07,True,False
T_QMB,triplet,reverse,64,9973,544,608,0.0695,True,False
T_QMB,triplet,reverse,64,31337,544,608,0.0776,True,False
T_QMB,triplet,reverse,64,65537,544,608,0.0693,True,False
T_QMI,triplet,reverse,64,42,544,608,0.0598,True,False
T_QMI,triplet,reverse,64,137,544,608,0.0588,True,False
T_QMI,triplet,reverse,64,1618,544,608,0.0596,True,False
T_QMI,triplet,reverse,64,2718,544,608,0.0594,True,False
T_QMI,triplet,reverse,64,3141,544,608,0.0591,True,False
T_QMI,triplet,reverse,64,9973,544,608,0.0633,True,False
T_QMI,triplet,reverse,64,31337,544,608,0.0593,True,False
T_QMI,triplet,reverse,64,65537,544,608,0.0588,True,False
T_QMS,triplet,reverse,64,42,544,160,0.0445,True,False
T_QMS,triplet,reverse,64,137,544,160,0.0437,True,False
T_QMS,triplet,reverse,64,1618,544,160,0.0437,True,False
T_QMS,triplet,reverse,64,2718,544,160,0.0435,True,False
T_QMS,triplet,reverse,64,3141,544,160,0.0438,True,False
T_QMS,triplet,reverse,64,9973,544,160,0.0438,True,False
T_QMS,triplet,reverse,64,31337,544,160,0.0438,True,False
T_QMS,triplet,reverse,64,65537,544,160,0.0437,True,False
T_QQB,triplet,reverse,64,42,568,98,0.0423,True,False
T_QQB,triplet,reverse,64,137,568,98,0.0417,True,False
T_QQB,triplet,reverse,64,1618,568,98,0.0413,True,False
T_QQB,triplet,reverse,64,2718,568,98,0.0414,True,False
T_QQB,triplet,reverse,64,3141,568,98,0.0418,True,False
T_QQB,triplet,reverse,64,9973,568,98,0.042,True,False
T_QQB,triplet,reverse,64,31337,568,98,0.0417,True,False
T_QQB,triplet,reverse,64,65537,568,98,0.0414,True,False
T_QQI,triplet,reverse,64,42,266,98,0.0224,True,False
T_QQI,triplet,reverse,64,137,266,98,0.0219,True,False
T_QQI,triplet,reverse,64,1618,266,98,0.0218,True,False
T_QQI,triplet,reverse,64,2718,266,98,0.0218,True,False
T_QQI,triplet,reverse,64,3141,266,98,0.0219,True,False
T_QQI,triplet,reverse,64,9973,266,98,0.0221,True,False
T_QQI,triplet,reverse,64,31337,266,98,0.0217,True,False
T_QQI,triplet,reverse,64,65537,266,98,0.0221,True,False
T_QQS,triplet,reverse,64,42,568,98,0.04,True,False
T_QQS,triplet,reverse,64,137,568,98,0.0405,True,False
T_QQS,triplet,reverse,64,1618,568,98,0.0406,True,False
T_QQS,triplet,reverse,64,2718,568,98,0.0401,True,False
T_QQS,triplet,reverse,64,3141,568,98,0.0399,True,False
T_QQS,triplet,reverse,64,9973,568,98,0.0397,True,False
T_QQS,triplet,reverse,64,31337,568,98,0.0396,True,False
T_QQS,triplet,reverse,64,65537,568,98,0.0402,True,False
T_QRB,triplet,reverse,64,42,0,128,0.0192,True,False
T_QRB,triplet,reverse,64,137,0,128,0.0189,True,False
T_QRB,triplet,reverse,64,1618,0,128,0.0191,True,False
T_QRB,triplet,reverse,64,2718,0,128,0.0188,True,False
T_QRB,triplet,reverse,64,3141,0,128,0.019,True,False
T_QRB,triplet,reverse,64,9973,0,128,0.0192,True,False
T_QRB,triplet,reverse,64,31337,0,128,0.0191,True,False
T_QRB,triplet,reverse,64,65537,0,128,0.0189,True,False
T_QRI,triplet,reverse,64,42,0,128,0.019,True,False
T_QRI,triplet,reverse,64,137,0,128,0.0192,True,False
T_QRI,triplet,reverse,64,1618,0,128,0.0189,True,False
T_QRI,triplet,reverse,64,2718,0,128,0.0191,True,False
T_QRI,triplet,reverse,64,3141,0,128,0.0188,True,False
T_QRI,triplet,reverse,64,9973,0,128,0.0189,True,False
T_QRI,triplet,reverse,64,31337,0,128,0.0188,True,False
T_QRI,triplet,reverse,64,65537,0,128,0.0189,True,False
T_QRS,triplet,reverse,64,42,0,128,0.0195,True,False
T_QRS,triplet,reverse,64,137,0,128,0.0189,True,False
T_QRS,triplet,reverse,64,1618,0,128,0.0186,True,False
T_QRS,triplet,reverse,64,2718,0,128,0.0187,True,False
T_QRS,triplet,reverse,64,3141,0,128,0.0189,True,False
T_QRS,triplet,reverse,64,9973,0,128,0.0188,True,False
T_QRS,triplet,reverse,64,31337,0,128,0.0189,True,False
T_QRS,triplet,reverse,64,65537,0,128,0.019,True,False
T_QSB,triplet,reverse,64,42,2016,32,0.1066,True,False
T_QSB,triplet,reverse,64,137,2016,32,0.1061,True,False
T_QSB,triplet,reverse,64,1618,2016,32,0.107,True,False
T_QSB,triplet,reverse,64,2718,2016,32,0.107,True,False
T_QSB,triplet,reverse,64,3141,2016,32,0.108,True,False
T_QSB,triplet,reverse,64,9973,2016,32,0.1067,True,False
T_QSB,triplet,reverse,64,31337,2016,32,0.1175,True,False
T_QSB,triplet,reverse,64,65537,2016,32,0.1071,True,False
T_QSI,triplet,reverse,64,42,2016,32,0.1071,True,False
T_QSI,triplet,reverse,64,137,2016,32,0.1249,True,False
T_QSI,triplet,reverse,64,1618,2016,32,0.118,True,False
T_QSI,triplet,reverse,64,2718,2016,32,0.1189,True,False
T_QSI,triplet,reverse,64,3141,2016,32,0.1209,True,False
T_QSI,triplet,reverse,64,9973,2016,32,0.1217,True,False
T_QSI,triplet,reverse,64,31337,2016,32,0.1198,True,False
T_QSI,triplet,reverse,64,65537,2016,32,0.1189,True,False
T_QSS,triplet,reverse,64,42,2016,32,0.1187,True,False
T_QSS,triplet,reverse,64,137,2016,32,0.1201,True,False
T_QSS,triplet,reverse,64,1618,2016,32,0.1194,True,False
T_QSS,triplet,reverse,64,2718,2016,32,0.1065,True,False
T_QSS,triplet,reverse,64,3141,2016,32,0.1074,True,False
T_QSS,triplet,reverse,64,9973,2016,32,0.1179,True,False
T_QSS,triplet,reverse,64,31337,2016,32,0.115,True,False
T_QSS,triplet,reverse,64,65537,2016,32,0.1055,True,False
TimCustom,base,reverse,64,42,1024,1118,0.0963,True,False
TimCustom,base,reverse,64,137,1024,1118,0.0945,True,False
TimCustom,base,reverse,64,1618,1024,1118,0.0993,True,False
TimCustom,base,reverse,64,2718,1024,1118,0.0993,True,False
TimCustom,base,reverse,64,3141,1024,1118,0.094,True,False
TimCustom,base,reverse,64,9973,1024,1118,0.095,True,False
TimCustom,base,reverse,64,31337,1024,1118,0.0938,True,False
TimCustom,base,reverse,64,65537,1024,1118,0.0943,True,False
Bubble,base,rotated,64,42,2016,768,0.1122,True,False
Bubble,base,rotated,64,137,2016,768,0.1028,True,False
Bubble,base,rotated,64,1618,2016,768,0.1026,True,False
Bubble,base,rotated,64,2718,2016,768,0.1023,True,False
Bubble,base,rotated,64,3141,2016,768,0.1015,True,False
Bubble,base,rotated,64,9973,2016,768,0.1055,True,False
Bubble,base,rotated,64,31337,2016,768,0.1045,True,False
Bubble,base,rotated,64,65537,2016,768,0.103,True,False
Heap,base,rotated,64,42,576,330,0.0444,True,False
Heap,base,rotated,64,137,576,330,0.0444,True,False
Heap,base,rotated,64,1618,576,330,0.0441,True,False
Heap,base,rotated,64,2718,576,330,0.0445,True,False
Heap,base,rotated,64,3141,576,330,0.0446,True,False
Heap,base,rotated,64,9973,576,330,0.0455,True,False
Heap,base,rotated,64,31337,576,330,0.0443,True,False
Heap,base,rotated,64,65537,576,330,0.044,True,False
Hybrid_Intro,hybrid,rotated,64,42,524,54,0.0432,True,False
Hybrid_Intro,hybrid,rotated,64,137,524,54,0.0384,True,False
Hybrid_Intro,hybrid,rotated,64,1618,524,54,0.0382,True,False
Hybrid_Intro,hybrid,rotated,64,2718,524,54,0.0382,True,False
Hybrid_Intro,hybrid,rotated,64,3141,524,54,0.038,True,False
Hybrid_Intro,hybrid,rotated,64,9973,524,54,0.0382,True,False
Hybrid_Intro,hybrid,rotated,64,31337,524,54,0.038,True,False
Hybrid_Intro,hybrid,rotated,64,65537,524,54,0.0386,True,False
Hybrid_MI,hybrid,rotated,64,42,140,128,0.0228,True,False
Hybrid_MI,hybrid,rotated,64,137,140,128,0.0208,True,False
Hybrid_MI,hybrid,rotated,64,1618,140,128,0.0205,True,False
Hybrid_MI,hybrid,rotated,64,2718,140,128,0.0179,True,False
Hybrid_MI,hybrid,rotated,64,3141,140,128,0.0201,True,False
Hybrid_MI,hybrid,rotated,64,9973,140,128,0.0192,True,False
Hybrid_MI,hybrid,rotated,64,31337,140,128,0.0176,True,False
Hybrid_MI,hybrid,rotated,64,65537,140,128,0.0179,True,False
Hybrid_QI,hybrid,rotated,64,42,524,54,0.0435,True,False
Hybrid_QI,hybrid,rotated,64,137,524,54,0.0426,True,False
Hybrid_QI,hybrid,rotated,64,1618,524,54,0.0464,True,False
Hybrid_QI,hybrid,rotated,64,2718,524,54,0.0385,True,False
Hybrid_QI,hybrid,rotated,64,3141,524,54,0.0383,True,False
Hybrid_QI,hybrid,rotated,64,9973,524,54,0.038,True,False
Hybrid_QI,hybrid,rotated,64,31337,524,54,0.0382,True,False
Hybrid_QI,hybrid,rotated,64,65537,524,54,0.0382,True,False
Hybrid_RI,hybrid,rotated,64,42,0,128,0.0173,True,False
Hybrid_RI,hybrid,rotated,64,137,0,128,0.0171,True,False
Hybrid_RI,hybrid,rotated,64,1618,0,128,0.0173,True,False
Hybrid_RI,hybrid,rotated,64,2718,0,128,0.017,True,False
Hybrid_RI,hybrid,rotated,64,3141,0,128,0.0193,True,False
Hybrid_RI,hybrid,rotated,64,9973,0,128,0.0172,True,False
Hybrid_RI,hybrid,rotated,64,31337,0,128,0.0191,True,False
Hybrid_RI,hybrid,rotated,64,65537,0,128,0.0192,True,False
Insertion,base,rotated,64,42,830,784,0.0588,True,False
Insertion,base,rotated,64,137,830,784,0.0581,True,False
Insertion,base,rotated,64,1618,830,784,0.0571,True,False
Insertion,base,rotated,64,2718,830,784,0.0566,True,False
Insertion,base,rotated,64,3141,830,784,0.0585,True,False
Insertion,base,rotated,64,9973,830,784,0.0591,True,False
Insertion,base,rotated,64,31337,830,784,0.058,True,False
Insertion,base,rotated,64,65537,830,784,0.0579,True,False
Merge,base,rotated,64,42,208,384,0.0568,True,False
Merge,base,rotated,64,137,208,384,0.0558,True,False
Merge,base,rotated,64,1618,208,384,0.057,True,False
Merge,base,rotated,64,2718,208,384,0.0558,True,False
Merge,base,rotated,64,3141,208,384,0.0556,True,False
Merge,base,rotated,64,9973,208,384,0.0556,True,False
Merge,base,rotated,64,31337,208,384,0.0559,True,False
Merge,base,rotated,64,65537,208,384,0.0557,True,False
Quick,base,rotated,64,42,346,147,0.0363,True,False
Quick,base,rotated,64,137,346,147,0.0359,True,False
Quick,base,rotated,64,1618,346,147,0.0354,True,False
Quick,base,rotated,64,2718,346,147,0.0357,True,False
Quick,base,rotated,64,3141,346,147,0.0359,True,False
Quick,base,rotated,64,9973,346,147,0.0358,True,False
Quick,base,rotated,64,31337,346,147,0.0355,True,False
Quick,base,rotated,64,65537,346,147,0.0356,True,False
Radix,base,rotated,64,42,0,128,0.0188,True,False
Radix,base,rotated,64,137,0,128,0.0187,True,False
Radix,base,rotated,64,1618,0,128,0.0187,True,False
Radix,base,rotated,64,2718,0,128,0.0188,True,False
Radix,base,rotated,64,3141,0,128,0.0186,True,False
Radix,base,rotated,64,9973,0,128,0.0188,True,False
Radix,base,rotated,64,31337,0,128,0.0187,True,False
Radix,base,rotated,64,65537,0,128,0.0187,True,False
Selection,base,rotated,64,42,2016,48,0.0794,True,False
Selection,base,rotated,64,137,2016,48,0.0776,True,False
Selection,base,rotated,64,1618,2016,48,0.0781,True,False
Selection,base,rotated,64,2718,2016,48,0.0763,True,False
Selection,base,rotated,64,3141,2016,48,0.0785,True,False
Selection,base,rotated,64,9973,2016,48,0.079,True,False
Selection,base,rotated,64,31337,2016,48,0.0766,True,False
Selection,base,rotated,64,65537,2016,48,0.0783,True,False
T_MHB,triplet,rotated,64,42,576,330,0.0675,True,False
T_MHB,triplet,rotated,64,137,576,330,0.0659,True,False
T_MHB,triplet,rotated,64,1618,576,330,0.0658,True,False
T_MHB,triplet,rotated,64,2718,576,330,0.0645,True,False
T_MHB,triplet,rotated,64,3141,576,330,0.0635,True,False
T_MHB,triplet,rotated,64,9973,576,330,0.0637,True,False
T_MHB,triplet,rotated,64,31337,576,330,0.0632,True,False
T_MHB,triplet,rotated,64,65537,576,330,0.0607,True,False
T_MHI,triplet,rotated,64,42,576,330,0.0566,True,False
T_MHI,triplet,rotated,64,137,576,330,0.0643,True,False
T_MHI,triplet,rotated,64,1618,576,330,0.0689,True,False
T_MHI,triplet,rotated,64,2718,576,330,0.07,True,False
T_MHI,triplet,rotated,64,3141,576,330,0.0683,True,False
T_MHI,triplet,rotated,64,9973,576,330,0.0669,True,False
T_MHI,triplet,rotated,64,31337,576,330,0.067,True,False
T_MHI,triplet,rotated,64,65537,576,330,0.0854,True,False
T_MHS,triplet,rotated,64,42,576,330,0.0647,True,False
T_MHS,triplet,rotated,64,137,576,330,0.0638,True,False
T_MHS,triplet,rotated,64,1618,576,330,0.0633,True,False
T_MHS,triplet,rotated,64,2718,576,330,0.0633,True,False
T_MHS,triplet,rotated,64,3141,576,330,0.0629,True,False
T_MHS,triplet,rotated,64,9973,576,330,0.0629,True,False
T_MHS,triplet,rotated,64,31337,576,330,0.063,True,False
T_MHS,triplet,rotated,64,65537,576,330,0.0629,True,False
T_MIB,triplet,rotated,64,42,830,768,0.0844,True,False
T_MIB,triplet,rotated,64,137,830,768,0.0842,True,False
T_MIB,triplet,rotated,64,1618,830,768,0.084,True,False
T_MIB,triplet,rotated,64,2718,830,768,0.0959,True,False
T_MIB,triplet,rotated,64,3141,830,768,0.0851,True,False
T_MIB,triplet,rotated,64,9973,830,768,0.0864,True,False
T_MIB,triplet,rotated,64,31337,830,768,0.0852,True,False
T_MIB,triplet,rotated,64,65537,830,768,0.0968,True,False
T_MII,triplet,rotated,64,42,830,768,0.0769,True,False
T_MII,triplet,rotated,64,137,830,768,0.0748,True,False
T_MII,triplet,rotated,64,1618,830,768,0.0749,True,False
T_MII,triplet,rotated,64,2718,830,768,0.0749,True,False
T_MII,triplet,rotated,64,3141,830,768,0.0753,True,False
T_MII,triplet,rotated,64,9973,830,768,0.0774,True,False
T_MII,triplet,rotated,64,31337,830,768,0.0759,True,False
T_MII,triplet,rotated,64,65537,830,768,0.0794,True,False
T_MIS,triplet,rotated,64,42,830,768,0.0848,True,False
T_MIS,triplet,rotated,64,137,830,768,0.0786,True,False
T_MIS,triplet,rotated,64,1618,830,768,0.0775,True,False
T_MIS,triplet,rotated,64,2718,830,768,0.0742,True,False
T_MIS,triplet,rotated,64,3141,830,768,0.0752,True,False
T_MIS,triplet,rotated,64,9973,830,768,0.0745,True,False
T_MIS,triplet,rotated,64,31337,830,768,0.1042,True,False
T_MIS,triplet,rotated,64,65537,830,768,0.0984,True,False
T_MMB,triplet,rotated,64,42,140,128,0.0197,True,False
T_MMB,triplet,rotated,64,137,140,128,0.0197,True,False
T_MMB,triplet,rotated,64,1618,140,128,0.0197,True,False
T_MMB,triplet,rotated,64,2718,140,128,0.0201,True,False
T_MMB,triplet,rotated,64,3141,140,128,0.0197,True,False
T_MMB,triplet,rotated,64,9973,140,128,0.0194,True,False
T_MMB,triplet,rotated,64,31337,140,128,0.0197,True,False
T_MMB,triplet,rotated,64,65537,140,128,0.0195,True,False
T_MMI,triplet,rotated,64,42,140,128,0.0212,True,False
T_MMI,triplet,rotated,64,137,140,128,0.0211,True,False
T_MMI,triplet,rotated,64,1618,140,128,0.021,True,False
T_MMI,triplet,rotated,64,2718,140,128,0.0213,True,False
T_MMI,triplet,rotated,64,3141,140,128,0.0211,True,False
T_MMI,triplet,rotated,64,9973,140,128,0.0208,True,False
T_MMI,triplet,rotated,64,31337,140,128,0.0209,True,False
T_MMI,triplet,rotated,64,65537,140,128,0.0211,True,False
T_MMS,triplet,rotated,64,42,560,128,0.047,True,False
T_MMS,triplet,rotated,64,137,560,128,0.0469,True,False
T_MMS,triplet,rotated,64,1618,560,128,0.0475,True,False
T_MMS,triplet,rotated,64,2718,560,128,0.0479,True,False
T_MMS,triplet,rotated,64,3141,560,128,0.0478,True,False
T_MMS,triplet,rotated,64,9973,560,128,0.047,True,False
T_MMS,triplet,rotated,64,31337,560,128,0.0475,True,False
T_MMS,triplet,rotated,64,65537,560,128,0.0473,True,False
T_MQB,triplet,rotated,64,42,579,424,0.0682,True,False
T_MQB,triplet,rotated,64,137,579,424,0.0694,True,False
T_MQB,triplet,rotated,64,1618,579,424,0.0674,True,False
T_MQB,triplet,rotated,64,2718,579,424,0.0669,True,False
T_MQB,triplet,rotated,64,3141,579,424,0.0665,True,False
T_MQB,triplet,rotated,64,9973,579,424,0.0668,True,False
T_MQB,triplet,rotated,64,31337,579,424,0.0599,True,False
T_MQB,triplet,rotated,64,65537,579,424,0.064,True,False
T_MQI,triplet,rotated,64,42,524,424,0.0498,True,False
T_MQI,triplet,rotated,64,137,524,424,0.0491,True,False
T_MQI,triplet,rotated,64,1618,524,424,0.0554,True,False
T_MQI,triplet,rotated,64,2718,524,424,0.0498,True,False
T_MQI,triplet,rotated,64,3141,524,424,0.0499,True,False
T_MQI,triplet,rotated,64,9973,524,424,0.0501,True,False
T_MQI,triplet,rotated,64,31337,524,424,0.0504,True,False
T_MQI,triplet,rotated,64,65537,524,424,0.054,True,False
T_MQS,triplet,rotated,64,42,580,96,0.044,True,False
T_MQS,triplet,rotated,64,137,580,96,0.0471,True,False
T_MQS,triplet,rotated,64,1618,580,96,0.047,True,False
T_MQS,triplet,rotated,64,2718,580,96,0.0469,True,False
T_MQS,triplet,rotated,64,3141,580,96,0.0478,True,False
T_MQS,triplet,rotated,64,9973,580,96,0.0519,True,False
T_MQS,triplet,rotated,64,31337,580,96,0.0488,True,False
T_MQS,triplet,rotated,64,65537,580,96,0.0475,True,False
T_MRB,triplet,rotated,64,42,0,128,0.0219,True,False
T_MRB,triplet,rotated,64,137,0,128,0.0218,True,False
T_MRB,triplet,rotated,64,1618,0,128,0.0215,True,False
T_MRB,triplet,rotated,64,2718,0,128,0.0219,True,False
T_MRB,triplet,rotated,64,3141,0,128,0.0215,True,False
T_MRB,triplet,rotated,64,9973,0,128,0.0212,True,False
T_MRB,triplet,rotated,64,31337,0,128,0.0217,True,False
T_MRB,triplet,rotated,64,65537,0,128,0.0219,True,False
T_MRI,triplet,rotated,64,42,0,128,0.0215,True,False
T_MRI,triplet,rotated,64,137,0,128,0.0212,True,False
T_MRI,triplet,rotated,64,1618,0,128,0.0212,True,False
T_MRI,triplet,rotated,64,2718,0,128,0.021,True,False
T_MRI,triplet,rotated,64,3141,0,128,0.0212,True,False
T_MRI,triplet,rotated,64,9973,0,128,0.0218,True,False
T_MRI,triplet,rotated,64,31337,0,128,0.0218,True,False
T_MRI,triplet,rotated,64,65537,0,128,0.0218,True,False
T_MRS,triplet,rotated,64,42,0,128,0.0214,True,False
T_MRS,triplet,rotated,64,137,0,128,0.0217,True,False
T_MRS,triplet,rotated,64,1618,0,128,0.0218,True,False
T_MRS,triplet,rotated,64,2718,0,128,0.0214,True,False
T_MRS,triplet,rotated,64,3141,0,128,0.0216,True,False
T_MRS,triplet,rotated,64,9973,0,128,0.0221,True,False
T_MRS,triplet,rotated,64,31337,0,128,0.0218,True,False
T_MRS,triplet,rotated,64,65537,0,128,0.0216,True,False
T_MSB,triplet,rotated,64,42,2016,48,0.1154,True,False
T_MSB,triplet,rotated,64,137,2016,48,0.1152,True,False
T_MSB,triplet,rotated,64,1618,2016,48,0.1148,True,False
T_MSB,triplet,rotated,64,2718,2016,48,0.1171,True,False
T_MSB,triplet,rotated,64,3141,2016,48,0.1167,True,False
T_MSB,triplet,rotated,64,9973,2016,48,0.1172,True,False
T_MSB,triplet,rotated,64,31337,2016,48,0.1174,True,False
T_MSB,triplet,rotated,64,65537,2016,48,0.1184,True,False
T_MSI,triplet,rotated,64,42,2016,48,0.1146,True,False
T_MSI,triplet,rotated,64,137,2016,48,0.1143,True,False
T_MSI,triplet,rotated,64,1618,2016,48,0.1138,True,False
T_MSI,triplet,rotated,64,2718,2016,48,0.1182,True,False
T_MSI,triplet,rotated,64,3141,2016,48,0.1172,True,False
T_MSI,triplet,rotated,64,9973,2016,48,0.1173,True,False
T_MSI,triplet,rotated,64,31337,2016,48,0.1181,True,False
T_MSI,triplet,rotated,64,65537,2016,48,0.1155,True,False
T_MSS,triplet,rotated,64,42,2016,48,0.1152,True,False
T_MSS,triplet,rotated,64,137,2016,48,0.1156,True,False
T_MSS,triplet,rotated,64,1618,2016,48,0.1211,True,False
T_MSS,triplet,rotated,64,2718,2016,48,0.1183,True,False
T_MSS,triplet,rotated,64,3141,2016,48,0.115,True,False
T_MSS,triplet,rotated,64,9973,2016,48,0.1157,True,False
T_MSS,triplet,rotated,64,31337,2016,48,0.116,True,False
T_MSS,triplet,rotated,64,65537,2016,48,0.1154,True,False
T_QHB,triplet,rotated,64,42,576,330,0.065,True,False
T_QHB,triplet,rotated,64,137,576,330,0.0636,True,False
T_QHB,triplet,rotated,64,1618,576,330,0.0636,True,False
T_QHB,triplet,rotated,64,2718,576,330,0.0626,True,False
T_QHB,triplet,rotated,64,3141,576,330,0.0625,True,False
T_QHB,triplet,rotated,64,9973,576,330,0.0634,True,False
T_QHB,triplet,rotated,64,31337,576,330,0.0636,True,False
T_QHB,triplet,rotated,64,65537,576,330,0.0633,True,False
T_QHI,triplet,rotated,64,42,576,330,0.0638,True,False
T_QHI,triplet,rotated,64,137,576,330,0.0653,True,False
T_QHI,triplet,rotated,64,1618,576,330,0.0655,True,False
T_QHI,triplet,rotated,64,2718,576,330,0.064,True,False
T_QHI,triplet,rotated,64,3141,576,330,0.0647,True,False
T_QHI,triplet,rotated,64,9973,576,330,0.0646,True,False
T_QHI,triplet,rotated,64,31337,576,330,0.0648,True,False
T_QHI,triplet,rotated,64,65537,576,330,0.0651,True,False
T_QHS,triplet,rotated,64,42,576,330,0.0694,True,False
T_QHS,triplet,rotated,64,137,576,330,0.0638,True,False
T_QHS,triplet,rotated,64,1618,576,330,0.0639,True,False
T_QHS,triplet,rotated,64,2718,576,330,0.0638,True,False
T_QHS,triplet,rotated,64,3141,576,330,0.0638,True,False
T_QHS,triplet,rotated,64,9973,576,330,0.0641,True,False
T_QHS,triplet,rotated,64,31337,576,330,0.0628,True,False
T_QHS,triplet,rotated,64,65537,576,330,0.0629,True,False
T_QIB,triplet,rotated,64,42,830,768,0.0835,True,False
T_QIB,triplet,rotated,64,137,830,768,0.084,True,False
T_QIB,triplet,rotated,64,1618,830,768,0.0834,True,False
T_QIB,triplet,rotated,64,2718,830,768,0.0836,True,False
T_QIB,triplet,rotated,64,3141,830,768,0.0834,True,False
T_QIB,triplet,rotated,64,9973,830,768,0.0836,True,False
T_QIB,triplet,rotated,64,31337,830,768,0.0842,True,False
T_QIB,triplet,rotated,64,65537,830,768,0.0839,True,False
T_QII,triplet,rotated,64,42,830,768,0.0859,True,False
T_QII,triplet,rotated,64,137,830,768,0.0853,True,False
T_QII,triplet,rotated,64,1618,830,768,0.0857,True,False
T_QII,triplet,rotated,64,2718,830,768,0.0835,True,False
T_QII,triplet,rotated,64,3141,830,768,0.0842,True,False
T_QII,triplet,rotated,64,9973,830,768,0.084,True,False
T_QII,triplet,rotated,64,31337,830,768,0.0854,True,False
T_QII,triplet,rotated,64,65537,830,768,0.0846,True,False
T_QIS,triplet,rotated,64,42,830,768,0.0851,True,False
T_QIS,triplet,rotated,64,137,830,768,0.0831,True,False
T_QIS,triplet,rotated,64,1618,830,768,0.0839,True,False
T_QIS,triplet,rotated,64,2718,830,768,0.0836,True,False
T_QIS,triplet,rotated,64,3141,830,768,0.0831,True,False
T_QIS,triplet,rotated,64,9973,830,768,0.0838,True,False
T_QIS,triplet,rotated,64,31337,830,768,0.0838,True,False
T_QIS,triplet,rotated,64,65537,830,768,0.0837,True,False
T_QMB,triplet,rotated,64,42,140,128,0.0198,True,False
T_QMB,triplet,rotated,64,137,140,128,0.0196,True,False
T_QMB,triplet,rotated,64,1618,140,128,0.0196,True,False
T_QMB,triplet,rotated,64,2718,140,128,0.0196,True,False
T_QMB,triplet,rotated,64,3141,140,128,0.021,True,False
T_QMB,triplet,rotated,64,9973,140,128,0.0197,True,False
T_QMB,triplet,rotated,64,31337,140,128,0.02,True,False
T_QMB,triplet,rotated,64,65537,140,128,0.0208,True,False
T_QMI,triplet,rotated,64,42,140,128,0.0213,True,False
T_QMI,triplet,rotated,64,137,140,128,0.0214,True,False
T_QMI,triplet,rotated,64,1618,140,128,0.021,True,False
T_QMI,triplet,rotated,64,2718,140,128,0.0211,True,False
T_QMI,triplet,rotated,64,3141,140,128,0.0212,True,False
T_QMI,triplet,rotated,64,9973,140,128,0.0211,True,False
T_QMI,triplet,rotated,64,31337,140,128,0.0214,True,False
T_QMI,triplet,rotated,64,65537,140,128,0.0213,True,False
T_QMS,triplet,rotated,64,42,560,128,0.0471,True,False
T_QMS,triplet,rotated,64,137,560,128,0.0469,True,False
T_QMS,triplet,rotated,64,1618,560,128,0.0471,True,False
T_QMS,triplet,rotated,64,2718,560,128,0.0479,True,False
T_QMS,triplet,rotated,64,3141,560,128,0.0471,True,False
T_QMS,triplet,rotated,64,9973,560,128,0.0465,True,False
T_QMS,triplet,rotated,64,31337,560,128,0.0469,True,False
T_QMS,triplet,rotated,64,65537,560,128,0.0467,True,False
T_QQB,triplet,rotated,64,42,579,424,0.0672,True,False
T_QQB,triplet,rotated,64,137,579,424,0.0667,True,False
T_QQB,triplet,rotated,64,1618,579,424,0.0668,True,False
T_QQB,triplet,rotated,64,2718,579,424,0.0666,True,False
T_QQB,triplet,rotated,64,3141,579,424,0.0667,True,False
T_QQB,triplet,rotated,64,9973,579,424,0.0675,True,False
T_QQB,triplet,rotated,64,31337,579,424,0.0675,True,False
T_QQB,triplet,rotated,64,65537,579,424,0.0673,True,False
T_QQI,triplet,rotated,64,42,524,424,0.0546,True,False
T_QQI,triplet,rotated,64,137,524,424,0.0561,True,False
T_QQI,triplet,rotated,64,1618,524,424,0.0554,True,False
T_QQI,triplet,rotated,64,2718,524,424,0.0551,True,False
T_QQI,triplet,rotated,64,3141,524,424,0.0551,True,False
T_QQI,triplet,rotated,64,9973,524,424,0.054,True,False
T_QQI,triplet,rotated,64,31337,524,424,0.0547,True,False
T_QQI,triplet,rotated,64,65537,524,424,0.0545,True,False
T_QQS,triplet,rotated,64,42,580,96,0.0474,True,False
T_QQS,triplet,rotated,64,137,580,96,0.047,True,False
T_QQS,triplet,rotated,64,1618,580,96,0.0472,True,False
T_QQS,triplet,rotated,64,2718,580,96,0.047,True,False
T_QQS,triplet,rotated,64,3141,580,96,0.0472,True,False
T_QQS,triplet,rotated,64,9973,580,96,0.0475,True,False
T_QQS,triplet,rotated,64,31337,580,96,0.047,True,False
T_QQS,triplet,rotated,64,65537,580,96,0.0481,True,False
T_QRB,triplet,rotated,64,42,0,128,0.0218,True,False
T_QRB,triplet,rotated,64,137,0,128,0.0216,True,False
T_QRB,triplet,rotated,64,1618,0,128,0.0214,True,False
T_QRB,triplet,rotated,64,2718,0,128,0.0213,True,False
T_QRB,triplet,rotated,64,3141,0,128,0.0216,True,False
T_QRB,triplet,rotated,64,9973,0,128,0.0216,True,False
T_QRB,triplet,rotated,64,31337,0,128,0.0212,True,False
T_QRB,triplet,rotated,64,65537,0,128,0.022,True,False
T_QRI,triplet,rotated,64,42,0,128,0.0215,True,False
T_QRI,triplet,rotated,64,137,0,128,0.0213,True,False
T_QRI,triplet,rotated,64,1618,0,128,0.0214,True,False
T_QRI,triplet,rotated,64,2718,0,128,0.0214,True,False
T_QRI,triplet,rotated,64,3141,0,128,0.0213,True,False
T_QRI,triplet,rotated,64,9973,0,128,0.0219,True,False
T_QRI,triplet,rotated,64,31337,0,128,0.0214,True,False
T_QRI,triplet,rotated,64,65537,0,128,0.0213,True,False
T_QRS,triplet,rotated,64,42,0,128,0.0216,True,False
T_QRS,triplet,rotated,64,137,0,128,0.0213,True,False
T_QRS,triplet,rotated,64,1618,0,128,0.0214,True,False
T_QRS,triplet,rotated,64,2718,0,128,0.0213,True,False
T_QRS,triplet,rotated,64,3141,0,128,0.0213,True,False
T_QRS,triplet,rotated,64,9973,0,128,0.0214,True,False
T_QRS,triplet,rotated,64,31337,0,128,0.0215,True,False
T_QRS,triplet,rotated,64,65537,0,128,0.0213,True,False
T_QSB,triplet,rotated,64,42,2016,48,0.1141,True,False
T_QSB,triplet,rotated,64,137,2016,48,0.116,True,False
T_QSB,triplet,rotated,64,1618,2016,48,0.1161,True,False
T_QSB,triplet,rotated,64,2718,2016,48,0.1029,True,False
T_QSB,triplet,rotated,64,3141,2016,48,0.1069,True,False
T_QSB,triplet,rotated,64,9973,2016,48,0.1061,True,False
T_QSB,triplet,rotated,64,31337,2016,48,0.1119,True,False
T_QSB,triplet,rotated,64,65537,2016,48,0.1043,True,False
T_QSI,triplet,rotated,64,42,2016,48,0.1041,True,False
T_QSI,triplet,rotated,64,137,2016,48,0.119,True,False
T_QSI,triplet,rotated,64,1618,2016,48,0.1044,True,False
T_QSI,triplet,rotated,64,2718,2016,48,0.1028,True,False
T_QSI,triplet,rotated,64,3141,2016,48,0.1075,True,False
T_QSI,triplet,rotated,64,9973,2016,48,0.1031,True,False
T_QSI,triplet,rotated,64,31337,2016,48,0.1027,True,False
T_QSI,triplet,rotated,64,65537,2016,48,0.115,True,False
T_QSS,triplet,rotated,64,42,2016,48,0.1029,True,False
T_QSS,triplet,rotated,64,137,2016,48,0.1151,True,False
T_QSS,triplet,rotated,64,1618,2016,48,0.1179,True,False
T_QSS,triplet,rotated,64,2718,2016,48,0.1167,True,False
T_QSS,triplet,rotated,64,3141,2016,48,0.1148,True,False
T_QSS,triplet,rotated,64,9973,2016,48,0.1143,True,False
T_QSS,triplet,rotated,64,31337,2016,48,0.1152,True,False
T_QSS,triplet,rotated,64,65537,2016,48,0.1174,True,False
TimCustom,base,rotated,64,42,365,336,0.037,True,False
TimCustom,base,rotated,64,137,365,336,0.037,True,False
TimCustom,base,rotated,64,1618,365,336,0.0374,True,False
TimCustom,base,rotated,64,2718,365,336,0.0373,True,False
TimCustom,base,rotated,64,3141,365,336,0.0374,True,False
TimCustom,base,rotated,64,9973,365,336,0.0372,True,False
TimCustom,base,rotated,64,31337,365,336,0.0372,True,False
TimCustom,base,rotated,64,65537,365,336,0.0417,True,False
Bubble,base,sawtooth,64,42,2016,815,0.1245,True,False
Bubble,base,sawtooth,64,137,2016,815,0.1252,True,False
Bubble,base,sawtooth,64,1618,2016,815,0.126,True,False
Bubble,base,sawtooth,64,2718,2016,815,0.1253,True,False
Bubble,base,sawtooth,64,3141,2016,815,0.1252,True,False
Bubble,base,sawtooth,64,9973,2016,815,0.1235,True,False
Bubble,base,sawtooth,64,31337,2016,815,0.1241,True,False
Bubble,base,sawtooth,64,65537,2016,815,0.1269,True,False
Heap,base,sawtooth,64,42,532,288,0.0456,True,False
Heap,base,sawtooth,64,137,532,288,0.045,True,False
Heap,base,sawtooth,64,1618,532,288,0.0454,True,False
Heap,base,sawtooth,64,2718,532,288,0.0449,True,False
Heap,base,sawtooth,64,3141,532,288,0.0451,True,False
Heap,base,sawtooth,64,9973,532,288,0.0448,True,False
Heap,base,sawtooth,64,31337,532,288,0.0451,True,False
Heap,base,sawtooth,64,65537,532,288,0.0453,True,False
Hybrid_Intro,hybrid,sawtooth,64,42,289,62,0.0259,True,False
Hybrid_Intro,hybrid,sawtooth,64,137,289,62,0.0255,True,False
Hybrid_Intro,hybrid,sawtooth,64,1618,289,62,0.0257,True,False
Hybrid_Intro,hybrid,sawtooth,64,2718,289,62,0.0253,True,False
Hybrid_Intro,hybrid,sawtooth,64,3141,289,62,0.0253,True,False
Hybrid_Intro,hybrid,sawtooth,64,9973,289,62,0.0257,True,False
Hybrid_Intro,hybrid,sawtooth,64,31337,289,62,0.0253,True,False
Hybrid_Intro,hybrid,sawtooth,64,65537,289,62,0.025,True,False
Hybrid_MI,hybrid,sawtooth,64,42,360,168,0.0367,True,False
Hybrid_MI,hybrid,sawtooth,64,137,360,168,0.0363,True,False
Hybrid_MI,hybrid,sawtooth,64,1618,360,168,0.0363,True,False
Hybrid_MI,hybrid,sawtooth,64,2718,360,168,0.0364,True,False
Hybrid_MI,hybrid,sawtooth,64,3141,360,168,0.0365,True,False
Hybrid_MI,hybrid,sawtooth,64,9973,360,168,0.0366,True,False
Hybrid_MI,hybrid,sawtooth,64,31337,360,168,0.0364,True,False
Hybrid_MI,hybrid,sawtooth,64,65537,360,168,0.0368,True,False
Hybrid_QI,hybrid,sawtooth,64,42,289,62,0.0251,True,False
Hybrid_QI,hybrid,sawtooth,64,137,289,62,0.0248,True,False
Hybrid_QI,hybrid,sawtooth,64,1618,289,62,0.0248,True,False
Hybrid_QI,hybrid,sawtooth,64,2718,289,62,0.025,True,False
Hybrid_QI,hybrid,sawtooth,64,3141,289,62,0.0249,True,False
Hybrid_QI,hybrid,sawtooth,64,9973,289,62,0.025,True,False
Hybrid_QI,hybrid,sawtooth,64,31337,289,62,0.0252,True,False
Hybrid_QI,hybrid,sawtooth,64,65537,289,62,0.0249,True,False
Hybrid_RI,hybrid,sawtooth,64,42,0,64,0.0106,True,False
Hybrid_RI,hybrid,sawtooth,64,137,0,64,0.0105,True,False
Hybrid_RI,hybrid,sawtooth,64,1618,0,64,0.0103,True,False
Hybrid_RI,hybrid,sawtooth,64,2718,0,64,0.0103,True,False
Hybrid_RI,hybrid,sawtooth,64,3141,0,64,0.0103,True,False
Hybrid_RI,hybrid,sawtooth,64,9973,0,64,0.0103,True,False
Hybrid_RI,hybrid,sawtooth,64,31337,0,64,0.0103,True,False
Hybrid_RI,hybrid,sawtooth,64,65537,0,64,0.0103,True,False
Insertion,base,sawtooth,64,42,878,864,0.0626,True,False
Insertion,base,sawtooth,64,137,878,864,0.0639,True,False
Insertion,base,sawtooth,64,1618,878,864,0.0627,True,False
Insertion,base,sawtooth,64,2718,878,864,0.0624,True,False
Insertion,base,sawtooth,64,3141,878,864,0.0619,True,False
Insertion,base,sawtooth,64,9973,878,864,0.062,True,False
Insertion,base,sawtooth,64,31337,878,864,0.0616,True,False
Insertion,base,sawtooth,64,65537,878,864,0.0615,True,False
Merge,base,sawtooth,64,42,291,384,0.0615,True,False
Merge,base,sawtooth,64,137,291,384,0.0605,True,False
Merge,base,sawtooth,64,1618,291,384,0.0602,True,False
Merge,base,sawtooth,64,2718,291,384,0.0602,True,False
Merge,base,sawtooth,64,3141,291,384,0.0604,True,False
Merge,base,sawtooth,64,9973,291,384,0.0604,True,False
Merge,base,sawtooth,64,31337,291,384,0.0607,True,False
Merge,base,sawtooth,64,65537,291,384,0.0602,True,False
Quick,base,sawtooth,64,42,316,115,0.0322,True,False
Quick,base,sawtooth,64,137,316,115,0.0323,True,False
Quick,base,sawtooth,64,1618,316,115,0.0325,True,False
Quick,base,sawtooth,64,2718,316,115,0.0323,True,False
Quick,base,sawtooth,64,3141,316,115,0.0319,True,False
Quick,base,sawtooth,64,9973,316,115,0.0319,True,False
Quick,base,sawtooth,64,31337,316,115,0.0321,True,False
Quick,base,sawtooth,64,65537,316,115,0.0322,True,False
Radix,base,sawtooth,64,42,0,64,0.01,True,False
Radix,base,sawtooth,64,137,0,64,0.0099,True,False
Radix,base,sawtooth,64,1618,0,64,0.01,True,False
Radix,base,sawtooth,64,2718,0,64,0.0098,True,False
Radix,base,sawtooth,64,3141,0,64,0.0099,True,False
Radix,base,sawtooth,64,9973,0,64,0.0099,True,False
Radix,base,sawtooth,64,31337,0,64,0.0099,True,False
Radix,base,sawtooth,64,65537,0,64,0.0101,True,False
Selection,base,sawtooth,64,42,2016,49,0.079,True,False
Selection,base,sawtooth,64,137,2016,49,0.0817,True,False
Selection,base,sawtooth,64,1618,2016,49,0.0774,True,False
Selection,base,sawtooth,64,2718,2016,49,0.0773,True,False
Selection,base,sawtooth,64,3141,2016,49,0.0772,True,False
Selection,base,sawtooth,64,9973,2016,49,0.0775,True,False
Selection,base,sawtooth,64,31337,2016,49,0.0781,True,False
Selection,base,sawtooth,64,65537,2016,49,0.0787,True,False
T_MHB,triplet,sawtooth,64,42,532,288,0.0583,True,False
T_MHB,triplet,sawtooth,64,137,532,288,0.0575,True,False
T_MHB,triplet,sawtooth,64,1618,532,288,0.0579,True,False
T_MHB,triplet,sawtooth,64,2718,532,288,0.0579,True,False
T_MHB,triplet,sawtooth,64,3141,532,288,0.0579,True,False
T_MHB,triplet,sawtooth,64,9973,532,288,0.0579,True,False
T_MHB,triplet,sawtooth,64,31337,532,288,0.0585,True,False
T_MHB,triplet,sawtooth,64,65537,532,288,0.0589,True,False
T_MHI,triplet,sawtooth,64,42,532,288,0.0575,True,False
T_MHI,triplet,sawtooth,64,137,532,288,0.0576,True,False
T_MHI,triplet,sawtooth,64,1618,532,288,0.0574,True,False
T_MHI,triplet,sawtooth,64,2718,532,288,0.0578,True,False
T_MHI,triplet,sawtooth,64,3141,532,288,0.062,True,False
T_MHI,triplet,sawtooth,64,9973,532,288,0.058,True,False
T_MHI,triplet,sawtooth,64,31337,532,288,0.0585,True,False
T_MHI,triplet,sawtooth,64,65537,532,288,0.0584,True,False
T_MHS,triplet,sawtooth,64,42,532,288,0.0574,True,False
T_MHS,triplet,sawtooth,64,137,532,288,0.0589,True,False
T_MHS,triplet,sawtooth,64,1618,532,288,0.0591,True,False
T_MHS,triplet,sawtooth,64,2718,532,288,0.0515,True,False
T_MHS,triplet,sawtooth,64,3141,532,288,0.0514,True,False
T_MHS,triplet,sawtooth,64,9973,532,288,0.0561,True,False
T_MHS,triplet,sawtooth,64,31337,532,288,0.052,True,False
T_MHS,triplet,sawtooth,64,65537,532,288,0.052,True,False
T_MIB,triplet,sawtooth,64,42,878,815,0.0819,True,False
T_MIB,triplet,sawtooth,64,137,878,815,0.0812,True,False
T_MIB,triplet,sawtooth,64,1618,878,815,0.0802,True,False
T_MIB,triplet,sawtooth,64,2718,878,815,0.0794,True,False
T_MIB,triplet,sawtooth,64,3141,878,815,0.0798,True,False
T_MIB,triplet,sawtooth,64,9973,878,815,0.0793,True,False
T_MIB,triplet,sawtooth,64,31337,878,815,0.0893,True,False
T_MIB,triplet,sawtooth,64,65537,878,815,0.0788,True,False
T_MII,triplet,sawtooth,64,42,878,815,0.0794,True,False
T_MII,triplet,sawtooth,64,137,878,815,0.0797,True,False
T_MII,triplet,sawtooth,64,1618,878,815,0.0796,True,False
T_MII,triplet,sawtooth,64,2718,878,815,0.0788,True,False
T_MII,triplet,sawtooth,64,3141,878,815,0.0794,True,False
T_MII,triplet,sawtooth,64,9973,878,815,0.0793,True,False
T_MII,triplet,sawtooth,64,31337,878,815,0.0795,True,False
T_MII,triplet,sawtooth,64,65537,878,815,0.0788,True,False
T_MIS,triplet,sawtooth,64,42,878,815,0.0792,True,False
T_MIS,triplet,sawtooth,64,137,878,815,0.1057,True,False
T_MIS,triplet,sawtooth,64,1618,878,815,0.0891,True,False
T_MIS,triplet,sawtooth,64,2718,878,815,0.0897,True,False
T_MIS,triplet,sawtooth,64,3141,878,815,0.089,True,False
T_MIS,triplet,sawtooth,64,9973,878,815,0.0892,True,False
T_MIS,triplet,sawtooth,64,31337,878,815,0.0898,True,False
T_MIS,triplet,sawtooth,64,65537,878,815,0.0906,True,False
T_MMB,triplet,sawtooth,64,42,560,312,0.0612,True,False
T_MMB,triplet,sawtooth,64,137,560,312,0.0608,True,False
T_MMB,triplet,sawtooth,64,1618,560,312,0.0646,True,False
T_MMB,triplet,sawtooth,64,2718,560,312,0.0611,True,False
T_MMB,triplet,sawtooth,64,3141,560,312,0.061,True,False
T_MMB,triplet,sawtooth,64,9973,560,312,0.0609,True,False
T_MMB,triplet,sawtooth,64,31337,560,312,0.0605,True,False
T_MMB,triplet,sawtooth,64,65537,560,312,0.0609,True,False
T_MMI,triplet,sawtooth,64,42,360,312,0.0419,True,False
T_MMI,triplet,sawtooth,64,137,360,312,0.0422,True,False
T_MMI,triplet,sawtooth,64,1618,360,312,0.0426,True,False
T_MMI,triplet,sawtooth,64,2718,360,312,0.0422,True,False
T_MMI,triplet,sawtooth,64,3141,360,312,0.0417,True,False
T_MMI,triplet,sawtooth,64,9973,360,312,0.0427,True,False
T_MMI,triplet,sawtooth,64,31337,360,312,0.0427,True,False
T_MMI,triplet,sawtooth,64,65537,360,312,0.0418,True,False
T_MMS,triplet,sawtooth,64,42,598,172,0.0569,True,False
T_MMS,triplet,sawtooth,64,137,598,172,0.0542,True,False
T_MMS,triplet,sawtooth,64,1618,598,172,0.0541,True,False
T_MMS,triplet,sawtooth,64,2718,598,172,0.0534,True,False
T_MMS,triplet,sawtooth,64,3141,598,172,0.0535,True,False
T_MMS,triplet,sawtooth,64,9973,598,172,0.0536,True,False
T_MMS,triplet,sawtooth,64,31337,598,172,0.0535,True,False
T_MMS,triplet,sawtooth,64,65537,598,172,0.0539,True,False
T_MQB,triplet,sawtooth,64,42,403,124,0.0397,True,False
T_MQB,triplet,sawtooth,64,137,403,124,0.0383,True,False
T_MQB,triplet,sawtooth,64,1618,403,124,0.0383,True,False
T_MQB,triplet,sawtooth,64,2718,403,124,0.0384,True,False
T_MQB,triplet,sawtooth,64,3141,403,124,0.0387,True,False
T_MQB,triplet,sawtooth,64,9973,403,124,0.0385,True,False
T_MQB,triplet,sawtooth,64,31337,403,124,0.0384,True,False
T_MQB,triplet,sawtooth,64,65537,403,124,0.0411,True,False
T_MQI,triplet,sawtooth,64,42,289,124,0.029,True,False
T_MQI,triplet,sawtooth,64,137,289,124,0.0292,True,False
T_MQI,triplet,sawtooth,64,1618,289,124,0.0292,True,False
T_MQI,triplet,sawtooth,64,2718,289,124,0.0286,True,False
T_MQI,triplet,sawtooth,64,3141,289,124,0.0295,True,False
T_MQI,triplet,sawtooth,64,9973,289,124,0.0305,True,False
T_MQI,triplet,sawtooth,64,31337,289,124,0.029,True,False
T_MQI,triplet,sawtooth,64,65537,289,124,0.029,True,False
T_MQS,triplet,sawtooth,64,42,463,81,0.0407,True,False
T_MQS,triplet,sawtooth,64,137,463,81,0.0422,True,False
T_MQS,triplet,sawtooth,64,1618,463,81,0.041,True,False
T_MQS,triplet,sawtooth,64,2718,463,81,0.0404,True,False
T_MQS,triplet,sawtooth,64,3141,463,81,0.0411,True,False
T_MQS,triplet,sawtooth,64,9973,463,81,0.041,True,False
T_MQS,triplet,sawtooth,64,31337,463,81,0.0415,True,False
T_MQS,triplet,sawtooth,64,65537,463,81,0.0413,True,False
T_MRB,triplet,sawtooth,64,42,0,64,0.0121,True,False
T_MRB,triplet,sawtooth,64,137,0,64,0.012,True,False
T_MRB,triplet,sawtooth,64,1618,0,64,0.0124,True,False
T_MRB,triplet,sawtooth,64,2718,0,64,0.0122,True,False
T_MRB,triplet,sawtooth,64,3141,0,64,0.0119,True,False
T_MRB,triplet,sawtooth,64,9973,0,64,0.0158,True,False
T_MRB,triplet,sawtooth,64,31337,0,64,0.0119,True,False
T_MRB,triplet,sawtooth,64,65537,0,64,0.0121,True,False
T_MRI,triplet,sawtooth,64,42,0,64,0.0121,True,False
T_MRI,triplet,sawtooth,64,137,0,64,0.0119,True,False
T_MRI,triplet,sawtooth,64,1618,0,64,0.012,True,False
T_MRI,triplet,sawtooth,64,2718,0,64,0.012,True,False
T_MRI,triplet,sawtooth,64,3141,0,64,0.0123,True,False
T_MRI,triplet,sawtooth,64,9973,0,64,0.012,True,False
T_MRI,triplet,sawtooth,64,31337,0,64,0.0119,True,False
T_MRI,triplet,sawtooth,64,65537,0,64,0.0121,True,False
T_MRS,triplet,sawtooth,64,42,0,64,0.012,True,False
T_MRS,triplet,sawtooth,64,137,0,64,0.0119,True,False
T_MRS,triplet,sawtooth,64,1618,0,64,0.012,True,False
T_MRS,triplet,sawtooth,64,2718,0,64,0.0121,True,False
T_MRS,triplet,sawtooth,64,3141,0,64,0.0123,True,False
T_MRS,triplet,sawtooth,64,9973,0,64,0.0119,True,False
T_MRS,triplet,sawtooth,64,31337,0,64,0.0121,True,False
T_MRS,triplet,sawtooth,64,65537,0,64,0.0121,True,False
T_MSB,triplet,sawtooth,64,42,2016,49,0.1181,True,False
T_MSB,triplet,sawtooth,64,137,2016,49,0.117,True,False
T_MSB,triplet,sawtooth,64,1618,2016,49,0.117,True,False
T_MSB,triplet,sawtooth,64,2718,2016,49,0.1237,True,False
T_MSB,triplet,sawtooth,64,3141,2016,49,0.1182,True,False
T_MSB,triplet,sawtooth,64,9973,2016,49,0.1178,True,False
T_MSB,triplet,sawtooth,64,31337,2016,49,0.1294,True,False
T_MSB,triplet,sawtooth,64,65537,2016,49,0.1054,True,False
T_MSI,triplet,sawtooth,64,42,2016,49,0.1062,True,False
T_MSI,triplet,sawtooth,64,137,2016,49,0.1334,True,False
T_MSI,triplet,sawtooth,64,1618,2016,49,0.1206,True,False
T_MSI,triplet,sawtooth,64,2718,2016,49,0.1191,True,False
T_MSI,triplet,sawtooth,64,3141,2016,49,0.1198,True,False
T_MSI,triplet,sawtooth,64,9973,2016,49,0.1197,True,False
T_MSI,triplet,sawtooth,64,31337,2016,49,0.1193,True,False
T_MSI,triplet,sawtooth,64,65537,2016,49,0.1198,True,False
T_MSS,triplet,sawtooth,64,42,2016,49,0.1548,True,False
T_MSS,triplet,sawtooth,64,137,2016,49,0.1247,True,False
T_MSS,triplet,sawtooth,64,1618,2016,49,0.1112,True,False
T_MSS,triplet,sawtooth,64,2718,2016,49,0.1084,True,False
T_MSS,triplet,sawtooth,64,3141,2016,49,0.105,True,False
T_MSS,triplet,sawtooth,64,9973,2016,49,0.1142,True,False
T_MSS,triplet,sawtooth,64,31337,2016,49,0.1061,True,False
T_MSS,triplet,sawtooth,64,65537,2016,49,0.1048,True,False
T_QHB,triplet,sawtooth,64,42,532,288,0.052,True,False
T_QHB,triplet,sawtooth,64,137,532,288,0.0518,True,False
T_QHB,triplet,sawtooth,64,1618,532,288,0.0516,True,False
T_QHB,triplet,sawtooth,64,2718,532,288,0.0522,True,False
T_QHB,triplet,sawtooth,64,3141,532,288,0.058,True,False
T_QHB,triplet,sawtooth,64,9973,532,288,0.0519,True,False
T_QHB,triplet,sawtooth,64,31337,532,288,0.051,True,False
T_QHB,triplet,sawtooth,64,65537,532,288,0.0513,True,False
T_QHI,triplet,sawtooth,64,42,532,288,0.0541,True,False
T_QHI,triplet,sawtooth,64,137,532,288,0.051,True,False
T_QHI,triplet,sawtooth,64,1618,532,288,0.0511,True,False
T_QHI,triplet,sawtooth,64,2718,532,288,0.0514,True,False
T_QHI,triplet,sawtooth,64,3141,532,288,0.0511,True,False
T_QHI,triplet,sawtooth,64,9973,532,288,0.0575,True,False
T_QHI,triplet,sawtooth,64,31337,532,288,0.0513,True,False
T_QHI,triplet,sawtooth,64,65537,532,288,0.0539,True,False
T_QHS,triplet,sawtooth,64,42,532,288,0.0514,True,False
T_QHS,triplet,sawtooth,64,137,532,288,0.0519,True,False
T_QHS,triplet,sawtooth,64,1618,532,288,0.0513,True,False
T_QHS,triplet,sawtooth,64,2718,532,288,0.0516,True,False
T_QHS,triplet,sawtooth,64,3141,532,288,0.0515,True,False
T_QHS,triplet,sawtooth,64,9973,532,288,0.0516,True,False
T_QHS,triplet,sawtooth,64,31337,532,288,0.0517,True,False
T_QHS,triplet,sawtooth,64,65537,532,288,0.0518,True,False
T_QIB,triplet,sawtooth,64,42,878,815,0.0794,True,False
T_QIB,triplet,sawtooth,64,137,878,815,0.0789,True,False
T_QIB,triplet,sawtooth,64,1618,878,815,0.0787,True,False
T_QIB,triplet,sawtooth,64,2718,878,815,0.0792,True,False
T_QIB,triplet,sawtooth,64,3141,878,815,0.0784,True,False
T_QIB,triplet,sawtooth,64,9973,878,815,0.0785,True,False
T_QIB,triplet,sawtooth,64,31337,878,815,0.0808,True,False
T_QIB,triplet,sawtooth,64,65537,878,815,0.0895,True,False
T_QII,triplet,sawtooth,64,42,878,815,0.0886,True,False
T_QII,triplet,sawtooth,64,137,878,815,0.0898,True,False
T_QII,triplet,sawtooth,64,1618,878,815,0.0886,True,False
T_QII,triplet,sawtooth,64,2718,878,815,0.0891,True,False
T_QII,triplet,sawtooth,64,3141,878,815,0.0902,True,False
T_QII,triplet,sawtooth,64,9973,878,815,0.0903,True,False
T_QII,triplet,sawtooth,64,31337,878,815,0.0892,True,False
T_QII,triplet,sawtooth,64,65537,878,815,0.0893,True,False
T_QIS,triplet,sawtooth,64,42,878,815,0.0891,True,False
T_QIS,triplet,sawtooth,64,137,878,815,0.0881,True,False
T_QIS,triplet,sawtooth,64,1618,878,815,0.0889,True,False
T_QIS,triplet,sawtooth,64,2718,878,815,0.0877,True,False
T_QIS,triplet,sawtooth,64,3141,878,815,0.0879,True,False
T_QIS,triplet,sawtooth,64,9973,878,815,0.0882,True,False
T_QIS,triplet,sawtooth,64,31337,878,815,0.0928,True,False
T_QIS,triplet,sawtooth,64,65537,878,815,0.0873,True,False
T_QMB,triplet,sawtooth,64,42,560,312,0.0605,True,False
T_QMB,triplet,sawtooth,64,137,560,312,0.0604,True,False
T_QMB,triplet,sawtooth,64,1618,560,312,0.0603,True,False
T_QMB,triplet,sawtooth,64,2718,560,312,0.0635,True,False
T_QMB,triplet,sawtooth,64,3141,560,312,0.0605,True,False
T_QMB,triplet,sawtooth,64,9973,560,312,0.0604,True,False
T_QMB,triplet,sawtooth,64,31337,560,312,0.0598,True,False
T_QMB,triplet,sawtooth,64,65537,560,312,0.0599,True,False
T_QMI,triplet,sawtooth,64,42,360,312,0.0421,True,False
T_QMI,triplet,sawtooth,64,137,360,312,0.042,True,False
T_QMI,triplet,sawtooth,64,1618,360,312,0.0415,True,False
T_QMI,triplet,sawtooth,64,2718,360,312,0.042,True,False
T_QMI,triplet,sawtooth,64,3141,360,312,0.0426,True,False
T_QMI,triplet,sawtooth,64,9973,360,312,0.0423,True,False
T_QMI,triplet,sawtooth,64,31337,360,312,0.0417,True,False
T_QMI,triplet,sawtooth,64,65537,360,312,0.0416,True,False
T_QMS,triplet,sawtooth,64,42,598,172,0.053,True,False
T_QMS,triplet,sawtooth,64,137,598,172,0.053,True,False
T_QMS,triplet,sawtooth,64,1618,598,172,0.0532,True,False
T_QMS,triplet,sawtooth,64,2718,598,172,0.0531,True,False
T_QMS,triplet,sawtooth,64,3141,598,172,0.053,True,False
T_QMS,triplet,sawtooth,64,9973,598,172,0.053,True,False
T_QMS,triplet,sawtooth,64,31337,598,172,0.0528,True,False
T_QMS,triplet,sawtooth,64,65537,598,172,0.0532,True,False
T_QQB,triplet,sawtooth,64,42,403,124,0.0385,True,False
T_QQB,triplet,sawtooth,64,137,403,124,0.0379,True,False
T_QQB,triplet,sawtooth,64,1618,403,124,0.0379,True,False
T_QQB,triplet,sawtooth,64,2718,403,124,0.0381,True,False
T_QQB,triplet,sawtooth,64,3141,403,124,0.0383,True,False
T_QQB,triplet,sawtooth,64,9973,403,124,0.0382,True,False
T_QQB,triplet,sawtooth,64,31337,403,124,0.038,True,False
T_QQB,triplet,sawtooth,64,65537,403,124,0.0383,True,False
T_QQI,triplet,sawtooth,64,42,289,124,0.0291,True,False
T_QQI,triplet,sawtooth,64,137,289,124,0.0288,True,False
T_QQI,triplet,sawtooth,64,1618,289,124,0.0288,True,False
T_QQI,triplet,sawtooth,64,2718,289,124,0.0286,True,False
T_QQI,triplet,sawtooth,64,3141,289,124,0.0284,True,False
T_QQI,triplet,sawtooth,64,9973,289,124,0.0286,True,False
T_QQI,triplet,sawtooth,64,31337,289,124,0.0287,True,False
T_QQI,triplet,sawtooth,64,65537,289,124,0.0285,True,False
T_QQS,triplet,sawtooth,64,42,463,81,0.0403,True,False
T_QQS,triplet,sawtooth,64,137,463,81,0.0402,True,False
T_QQS,triplet,sawtooth,64,1618,463,81,0.04,True,False
T_QQS,triplet,sawtooth,64,2718,463,81,0.0402,True,False
T_QQS,triplet,sawtooth,64,3141,463,81,0.0406,True,False
T_QQS,triplet,sawtooth,64,9973,463,81,0.0402,True,False
T_QQS,triplet,sawtooth,64,31337,463,81,0.0403,True,False
T_QQS,triplet,sawtooth,64,65537,463,81,0.0407,True,False
T_QRB,triplet,sawtooth,64,42,0,64,0.0121,True,False
T_QRB,triplet,sawtooth,64,137,0,64,0.0119,True,False
T_QRB,triplet,sawtooth,64,1618,0,64,0.0117,True,False
T_QRB,triplet,sawtooth,64,2718,0,64,0.012,True,False
T_QRB,triplet,sawtooth,64,3141,0,64,0.0117,True,False
T_QRB,triplet,sawtooth,64,9973,0,64,0.0118,True,False
T_QRB,triplet,sawtooth,64,31337,0,64,0.012,True,False
T_QRB,triplet,sawtooth,64,65537,0,64,0.0122,True,False
T_QRI,triplet,sawtooth,64,42,0,64,0.0117,True,False
T_QRI,triplet,sawtooth,64,137,0,64,0.0119,True,False
T_QRI,triplet,sawtooth,64,1618,0,64,0.0118,True,False
T_QRI,triplet,sawtooth,64,2718,0,64,0.0118,True,False
T_QRI,triplet,sawtooth,64,3141,0,64,0.0119,True,False
T_QRI,triplet,sawtooth,64,9973,0,64,0.012,True,False
T_QRI,triplet,sawtooth,64,31337,0,64,0.012,True,False
T_QRI,triplet,sawtooth,64,65537,0,64,0.0119,True,False
T_QRS,triplet,sawtooth,64,42,0,64,0.012,True,False
T_QRS,triplet,sawtooth,64,137,0,64,0.0117,True,False
T_QRS,triplet,sawtooth,64,1618,0,64,0.0123,True,False
T_QRS,triplet,sawtooth,64,2718,0,64,0.0119,True,False
T_QRS,triplet,sawtooth,64,3141,0,64,0.0119,True,False
T_QRS,triplet,sawtooth,64,9973,0,64,0.0118,True,False
T_QRS,triplet,sawtooth,64,31337,0,64,0.0119,True,False
T_QRS,triplet,sawtooth,64,65537,0,64,0.012,True,False
T_QSB,triplet,sawtooth,64,42,2016,49,0.1185,True,False
T_QSB,triplet,sawtooth,64,137,2016,49,0.1178,True,False
T_QSB,triplet,sawtooth,64,1618,2016,49,0.1172,True,False
T_QSB,triplet,sawtooth,64,2718,2016,49,0.1178,True,False
T_QSB,triplet,sawtooth,64,3141,2016,49,0.121,True,False
T_QSB,triplet,sawtooth,64,9973,2016,49,0.1159,True,False
T_QSB,triplet,sawtooth,64,31337,2016,49,0.1185,True,False
T_QSB,triplet,sawtooth,64,65537,2016,49,0.1201,True,False
T_QSI,triplet,sawtooth,64,42,2016,49,0.1184,True,False
T_QSI,triplet,sawtooth,64,137,2016,49,0.1166,True,False
T_QSI,triplet,sawtooth,64,1618,2016,49,0.1138,True,False
T_QSI,triplet,sawtooth,64,2718,2016,49,0.1063,True,False
T_QSI,triplet,sawtooth,64,3141,2016,49,0.105,True,False
T_QSI,triplet,sawtooth,64,9973,2016,49,0.1058,True,False
T_QSI,triplet,sawtooth,64,31337,2016,49,0.1038,True,False
T_QSI,triplet,sawtooth,64,65537,2016,49,0.1046,True,False
T_QSS,triplet,sawtooth,64,42,2016,49,0.1046,True,False
T_QSS,triplet,sawtooth,64,137,2016,49,0.1051,True,False
T_QSS,triplet,sawtooth,64,1618,2016,49,0.1061,True,False
T_QSS,triplet,sawtooth,64,2718,2016,49,0.106,True,False
T_QSS,triplet,sawtooth,64,3141,2016,49,0.1056,True,False
T_QSS,triplet,sawtooth,64,9973,2016,49,0.1042,True,False
T_QSS,triplet,sawtooth,64,31337,2016,49,0.104,True,False
T_QSS,triplet,sawtooth,64,65537,2016,49,0.1047,True,False
TimCustom,base,sawtooth,64,42,530,520,0.0481,True,False
TimCustom,base,sawtooth,64,137,530,520,0.0482,True,False
TimCustom,base,sawtooth,64,1618,530,520,0.0471,True,False
TimCustom,base,sawtooth,64,2718,530,520,0.0473,True,False
TimCustom,base,sawtooth,64,3141,530,520,0.0473,True,False
TimCustom,base,sawtooth,64,9973,530,520,0.0471,True,False
TimCustom,base,sawtooth,64,31337,530,520,0.0468,True,False
TimCustom,base,sawtooth,64,65537,530,520,0.0473,True,False
Bubble,base,sorted,64,42,2016,0,0.0726,True,False
Bubble,base,sorted,64,137,2016,0,0.0723,True,False
Bubble,base,sorted,64,1618,2016,0,0.073,True,False
Bubble,base,sorted,64,2718,2016,0,0.0719,True,False
Bubble,base,sorted,64,3141,2016,0,0.0731,True,False
Bubble,base,sorted,64,9973,2016,0,0.0732,True,False
Bubble,base,sorted,64,31337,2016,0,0.0734,True,False
Bubble,base,sorted,64,65537,2016,0,0.0732,True,False
Heap,base,sorted,64,42,593,362,0.0472,True,False
Heap,base,sorted,64,137,593,362,0.0468,True,False
Heap,base,sorted,64,1618,593,362,0.047,True,False
Heap,base,sorted,64,2718,593,362,0.0469,True,False
Heap,base,sorted,64,3141,593,362,0.0476,True,False
Heap,base,sorted,64,9973,593,362,0.053,True,False
Heap,base,sorted,64,31337,593,362,0.0534,True,False
Heap,base,sorted,64,65537,593,362,0.0478,True,False
Hybrid_Intro,hybrid,sorted,64,42,187,6,0.0128,True,False
Hybrid_Intro,hybrid,sorted,64,137,187,6,0.0127,True,False
Hybrid_Intro,hybrid,sorted,64,1618,187,6,0.013,True,False
Hybrid_Intro,hybrid,sorted,64,2718,187,6,0.0126,True,False
Hybrid_Intro,hybrid,sorted,64,3141,187,6,0.0234,True,False
Hybrid_Intro,hybrid,sorted,64,9973,187,6,0.0144,True,False
Hybrid_Intro,hybrid,sorted,64,31337,187,6,0.0145,True,False
Hybrid_Intro,hybrid,sorted,64,65537,187,6,0.0146,True,False
Hybrid_MI,hybrid,sorted,64,42,124,128,0.0176,True,False
Hybrid_MI,hybrid,sorted,64,137,124,128,0.0205,True,False
Hybrid_MI,hybrid,sorted,64,1618,124,128,0.0278,True,False
Hybrid_MI,hybrid,sorted,64,2718,124,128,0.0287,True,False
Hybrid_MI,hybrid,sorted,64,3141,124,128,0.0206,True,False
Hybrid_MI,hybrid,sorted,64,9973,124,128,0.0194,True,False
Hybrid_MI,hybrid,sorted,64,31337,124,128,0.0194,True,False
Hybrid_MI,hybrid,sorted,64,65537,124,128,0.0193,True,False
Hybrid_QI,hybrid,sorted,64,42,187,6,0.0144,True,False
Hybrid_QI,hybrid,sorted,64,137,187,6,0.0141,True,False
Hybrid_QI,hybrid,sorted,64,1618,187,6,0.0138,True,False
Hybrid_QI,hybrid,sorted,64,2718,187,6,0.0139,True,False
Hybrid_QI,hybrid,sorted,64,3141,187,6,0.0135,True,False
Hybrid_QI,hybrid,sorted,64,9973,187,6,0.0139,True,False
Hybrid_QI,hybrid,sorted,64,31337,187,6,0.0124,True,False
Hybrid_QI,hybrid,sorted,64,65537,187,6,0.0139,True,False
Hybrid_RI,hybrid,sorted,64,42,0,128,0.0193,True,False
Hybrid_RI,hybrid,sorted,64,137,0,128,0.0195,True,False
Hybrid_RI,hybrid,sorted,64,1618,0,128,0.0195,True,False
Hybrid_RI,hybrid,sorted,64,2718,0,128,0.0184,True,False
Hybrid_RI,hybrid,sorted,64,3141,0,128,0.0173,True,False
Hybrid_RI,hybrid,sorted,64,9973,0,128,0.0192,True,False
Hybrid_RI,hybrid,sorted,64,31337,0,128,0.0191,True,False
Hybrid_RI,hybrid,sorted,64,65537,0,128,0.0171,True,False
Insertion,base,sorted,64,42,63,0,0.0046,True,False
Insertion,base,sorted,64,137,63,0,0.0045,True,False
Insertion,base,sorted,64,1618,63,0,0.0045,True,False
Insertion,base,sorted,64,2718,63,0,0.0045,True,False
Insertion,base,sorted,64,3141,63,0,0.0045,True,False
Insertion,base,sorted,64,9973,63,0,0.0045,True,False
Insertion,base,sorted,64,31337,63,0,0.0045,True,False
Insertion,base,sorted,64,65537,63,0,0.0044,True,False
Merge,base,sorted,64,42,192,384,0.0506,True,False
Merge,base,sorted,64,137,192,384,0.0591,True,False
Merge,base,sorted,64,1618,192,384,0.0563,True,False
Merge,base,sorted,64,2718,192,384,0.056,True,False
Merge,base,sorted,64,3141,192,384,0.0558,True,False
Merge,base,sorted,64,9973,192,384,0.0559,True,False
Merge,base,sorted,64,31337,192,384,0.05,True,False
Merge,base,sorted,64,65537,192,384,0.0498,True,False
Quick,base,sorted,64,42,296,32,0.023,True,False
Quick,base,sorted,64,137,296,32,0.0226,True,False
Quick,base,sorted,64,1618,296,32,0.0226,True,False
Quick,base,sorted,64,2718,296,32,0.0259,True,False
Quick,base,sorted,64,3141,296,32,0.0256,True,False
Quick,base,sorted,64,9973,296,32,0.0253,True,False
Quick,base,sorted,64,31337,296,32,0.0257,True,False
Quick,base,sorted,64,65537,296,32,0.0258,True,False
Radix,base,sorted,64,42,0,128,0.0188,True,False
Radix,base,sorted,64,137,0,128,0.0186,True,False
Radix,base,sorted,64,1618,0,128,0.0184,True,False
Radix,base,sorted,64,2718,0,128,0.0187,True,False
Radix,base,sorted,64,3141,0,128,0.0184,True,False
Radix,base,sorted,64,9973,0,128,0.0187,True,False
Radix,base,sorted,64,31337,0,128,0.0184,True,False
Radix,base,sorted,64,65537,0,128,0.0183,True,False
Selection,base,sorted,64,42,2016,0,0.073,True,False
Selection,base,sorted,64,137,2016,0,0.0721,True,False
Selection,base,sorted,64,1618,2016,0,0.0736,True,False
Selection,base,sorted,64,2718,2016,0,0.0706,True,False
Selection,base,sorted,64,3141,2016,0,0.0711,True,False
Selection,base,sorted,64,9973,2016,0,0.0706,True,False
Selection,base,sorted,64,31337,2016,0,0.0717,True,False
Selection,base,sorted,64,65537,2016,0,0.072,True,False
T_MHB,triplet,sorted,64,42,593,362,0.0668,True,False
T_MHB,triplet,sorted,64,137,593,362,0.0679,True,False
T_MHB,triplet,sorted,64,1618,593,362,0.0671,True,False
T_MHB,triplet,sorted,64,2718,593,362,0.0663,True,False
T_MHB,triplet,sorted,64,3141,593,362,0.0669,True,False
T_MHB,triplet,sorted,64,9973,593,362,0.0668,True,False
T_MHB,triplet,sorted,64,31337,593,362,0.0666,True,False
T_MHB,triplet,sorted,64,65537,593,362,0.0668,True,False
T_MHI,triplet,sorted,64,42,593,362,0.0668,True,False
T_MHI,triplet,sorted,64,137,593,362,0.067,True,False
T_MHI,triplet,sorted,64,1618,593,362,0.0668,True,False
T_MHI,triplet,sorted,64,2718,593,362,0.0669,True,False
T_MHI,triplet,sorted,64,3141,593,362,0.0655,True,False
T_MHI,triplet,sorted,64,9973,593,362,0.0685,True,False
T_MHI,triplet,sorted,64,31337,593,362,0.0668,True,False
T_MHI,triplet,sorted,64,65537,593,362,0.0667,True,False
T_MHS,triplet,sorted,64,42,593,362,0.0668,True,False
T_MHS,triplet,sorted,64,137,593,362,0.0664,True,False
T_MHS,triplet,sorted,64,1618,593,362,0.0665,True,False
T_MHS,triplet,sorted,64,2718,593,362,0.0668,True,False
T_MHS,triplet,sorted,64,3141,593,362,0.0664,True,False
T_MHS,triplet,sorted,64,9973,593,362,0.0667,True,False
T_MHS,triplet,sorted,64,31337,593,362,0.0663,True,False
T_MHS,triplet,sorted,64,65537,593,362,0.0664,True,False
T_MIB,triplet,sorted,64,42,63,0,0.0062,True,False
T_MIB,triplet,sorted,64,137,63,0,0.0064,True,False
T_MIB,triplet,sorted,64,1618,63,0,0.0064,True,False
T_MIB,triplet,sorted,64,2718,63,0,0.0065,True,False
T_MIB,triplet,sorted,64,3141,63,0,0.0179,True,False
T_MIB,triplet,sorted,64,9973,63,0,0.0065,True,False
T_MIB,triplet,sorted,64,31337,63,0,0.0063,True,False
T_MIB,triplet,sorted,64,65537,63,0,0.0062,True,False
T_MII,triplet,sorted,64,42,63,0,0.0063,True,False
T_MII,triplet,sorted,64,137,63,0,0.0063,True,False
T_MII,triplet,sorted,64,1618,63,0,0.0061,True,False
T_MII,triplet,sorted,64,2718,63,0,0.0067,True,False
T_MII,triplet,sorted,64,3141,63,0,0.0063,True,False
T_MII,triplet,sorted,64,9973,63,0,0.0063,True,False
T_MII,triplet,sorted,64,31337,63,0,0.0063,True,False
T_MII,triplet,sorted,64,65537,63,0,0.0063,True,False
T_MIS,triplet,sorted,64,42,63,0,0.0063,True,False
T_MIS,triplet,sorted,64,137,63,0,0.0063,True,False
T_MIS,triplet,sorted,64,1618,63,0,0.0077,True,False
T_MIS,triplet,sorted,64,2718,63,0,0.0065,True,False
T_MIS,triplet,sorted,64,3141,63,0,0.0064,True,False
T_MIS,triplet,sorted,64,9973,63,0,0.0064,True,False
T_MIS,triplet,sorted,64,31337,63,0,0.0065,True,False
T_MIS,triplet,sorted,64,65537,63,0,0.0063,True,False
T_MMB,triplet,sorted,64,42,124,128,0.0189,True,False
T_MMB,triplet,sorted,64,137,124,128,0.0189,True,False
T_MMB,triplet,sorted,64,1618,124,128,0.0193,True,False
T_MMB,triplet,sorted,64,2718,124,128,0.0245,True,False
T_MMB,triplet,sorted,64,3141,124,128,0.0196,True,False
T_MMB,triplet,sorted,64,9973,124,128,0.0194,True,False
T_MMB,triplet,sorted,64,31337,124,128,0.0197,True,False
T_MMB,triplet,sorted,64,65537,124,128,0.0192,True,False
T_MMI,triplet,sorted,64,42,124,128,0.0207,True,False
T_MMI,triplet,sorted,64,137,124,128,0.0204,True,False
T_MMI,triplet,sorted,64,1618,124,128,0.0206,True,False
T_MMI,triplet,sorted,64,2718,124,128,0.0215,True,False
T_MMI,triplet,sorted,64,3141,124,128,0.0207,True,False
T_MMI,triplet,sorted,64,9973,124,128,0.0213,True,False
T_MMI,triplet,sorted,64,31337,124,128,0.0206,True,False
T_MMI,triplet,sorted,64,65537,124,128,0.0208,True,False
T_MMS,triplet,sorted,64,42,544,128,0.0502,True,False
T_MMS,triplet,sorted,64,137,544,128,0.047,True,False
T_MMS,triplet,sorted,64,1618,544,128,0.0479,True,False
T_MMS,triplet,sorted,64,2718,544,128,0.0477,True,False
T_MMS,triplet,sorted,64,3141,544,128,0.0455,True,False
T_MMS,triplet,sorted,64,9973,544,128,0.0475,True,False
T_MMS,triplet,sorted,64,31337,544,128,0.0492,True,False
T_MMS,triplet,sorted,64,65537,544,128,0.0493,True,False
T_MQB,triplet,sorted,64,42,187,6,0.0125,True,False
T_MQB,triplet,sorted,64,137,187,6,0.0137,True,False
T_MQB,triplet,sorted,64,1618,187,6,0.014,True,False
T_MQB,triplet,sorted,64,2718,187,6,0.014,True,False
T_MQB,triplet,sorted,64,3141,187,6,0.0138,True,False
T_MQB,triplet,sorted,64,9973,187,6,0.0139,True,False
T_MQB,triplet,sorted,64,31337,187,6,0.0123,True,False
T_MQB,triplet,sorted,64,65537,187,6,0.0123,True,False
T_MQI,triplet,sorted,64,42,187,6,0.0137,True,False
T_MQI,triplet,sorted,64,137,187,6,0.0136,True,False
T_MQI,triplet,sorted,64,1618,187,6,0.0135,True,False
T_MQI,triplet,sorted,64,2718,187,6,0.0138,True,False
T_MQI,triplet,sorted,64,3141,187,6,0.0134,True,False
T_MQI,triplet,sorted,64,9973,187,6,0.0136,True,False
T_MQI,triplet,sorted,64,31337,187,6,0.0197,True,False
T_MQI,triplet,sorted,64,65537,187,6,0.0139,True,False
T_MQS,triplet,sorted,64,42,565,6,0.0343,True,False
T_MQS,triplet,sorted,64,137,565,6,0.0342,True,False
T_MQS,triplet,sorted,64,1618,565,6,0.0347,True,False
T_MQS,triplet,sorted,64,2718,565,6,0.0342,True,False
T_MQS,triplet,sorted,64,3141,565,6,0.0342,True,False
T_MQS,triplet,sorted,64,9973,565,6,0.0361,True,False
T_MQS,triplet,sorted,64,31337,565,6,0.0344,True,False
T_MQS,triplet,sorted,64,65537,565,6,0.0344,True,False
T_MRB,triplet,sorted,64,42,0,128,0.0192,True,False
T_MRB,triplet,sorted,64,137,0,128,0.0191,True,False
T_MRB,triplet,sorted,64,1618,0,128,0.0192,True,False
T_MRB,triplet,sorted,64,2718,0,128,0.0212,True,False
T_MRB,triplet,sorted,64,3141,0,128,0.0213,True,False
T_MRB,triplet,sorted,64,9973,0,128,0.0188,True,False
T_MRB,triplet,sorted,64,31337,0,128,0.0189,True,False
T_MRB,triplet,sorted,64,65537,0,128,0.0191,True,False
T_MRI,triplet,sorted,64,42,0,128,0.0187,True,False
T_MRI,triplet,sorted,64,137,0,128,0.0188,True,False
T_MRI,triplet,sorted,64,1618,0,128,0.0188,True,False
T_MRI,triplet,sorted,64,2718,0,128,0.0186,True,False
T_MRI,triplet,sorted,64,3141,0,128,0.0189,True,False
T_MRI,triplet,sorted,64,9973,0,128,0.0191,True,False
T_MRI,triplet,sorted,64,31337,0,128,0.0187,True,False
T_MRI,triplet,sorted,64,65537,0,128,0.0188,True,False
T_MRS,triplet,sorted,64,42,0,128,0.019,True,False
T_MRS,triplet,sorted,64,137,0,128,0.0187,True,False
T_MRS,triplet,sorted,64,1618,0,128,0.0187,True,False
T_MRS,triplet,sorted,64,2718,0,128,0.0191,True,False
T_MRS,triplet,sorted,64,3141,0,128,0.0187,True,False
T_MRS,triplet,sorted,64,9973,0,128,0.0187,True,False
T_MRS,triplet,sorted,64,31337,0,128,0.0187,True,False
T_MRS,triplet,sorted,64,65537,0,128,0.0189,True,False
T_MSB,triplet,sorted,64,42,2016,0,0.1022,True,False
T_MSB,triplet,sorted,64,137,2016,0,0.0994,True,False
T_MSB,triplet,sorted,64,1618,2016,0,0.1131,True,False
T_MSB,triplet,sorted,64,2718,2016,0,0.0981,True,False
T_MSB,triplet,sorted,64,3141,2016,0,0.0985,True,False
T_MSB,triplet,sorted,64,9973,2016,0,0.1064,True,False
T_MSB,triplet,sorted,64,31337,2016,0,0.0991,True,False
T_MSB,triplet,sorted,64,65537,2016,0,0.1062,True,False
T_MSI,triplet,sorted,64,42,2016,0,0.0992,True,False
T_MSI,triplet,sorted,64,137,2016,0,0.0997,True,False
T_MSI,triplet,sorted,64,1618,2016,0,0.1016,True,False
T_MSI,triplet,sorted,64,2718,2016,0,0.105,True,False
T_MSI,triplet,sorted,64,3141,2016,0,0.1403,True,False
T_MSI,triplet,sorted,64,9973,2016,0,0.1057,True,False
T_MSI,triplet,sorted,64,31337,2016,0,0.1001,True,False
T_MSI,triplet,sorted,64,65537,2016,0,0.1,True,False
T_MSS,triplet,sorted,64,42,2016,0,0.1033,True,False
T_MSS,triplet,sorted,64,137,2016,0,0.1141,True,False
T_MSS,triplet,sorted,64,1618,2016,0,0.1074,True,False
T_MSS,triplet,sorted,64,2718,2016,0,0.1106,True,False
T_MSS,triplet,sorted,64,3141,2016,0,0.1126,True,False
T_MSS,triplet,sorted,64,9973,2016,0,0.1155,True,False
T_MSS,triplet,sorted,64,31337,2016,0,0.113,True,False
T_MSS,triplet,sorted,64,65537,2016,0,0.1132,True,False
T_QHB,triplet,sorted,64,42,593,362,0.0681,True,False
T_QHB,triplet,sorted,64,137,593,362,0.0672,True,False
T_QHB,triplet,sorted,64,1618,593,362,0.0673,True,False
T_QHB,triplet,sorted,64,2718,593,362,0.0685,True,False
T_QHB,triplet,sorted,64,3141,593,362,0.0673,True,False
T_QHB,triplet,sorted,64,9973,593,362,0.0667,True,False
T_QHB,triplet,sorted,64,31337,593,362,0.0671,True,False
T_QHB,triplet,sorted,64,65537,593,362,0.0671,True,False
T_QHI,triplet,sorted,64,42,593,362,0.0662,True,False
T_QHI,triplet,sorted,64,137,593,362,0.0659,True,False
T_QHI,triplet,sorted,64,1618,593,362,0.0675,True,False
T_QHI,triplet,sorted,64,2718,593,362,0.067,True,False
T_QHI,triplet,sorted,64,3141,593,362,0.0671,True,False
T_QHI,triplet,sorted,64,9973,593,362,0.0669,True,False
T_QHI,triplet,sorted,64,31337,593,362,0.0686,True,False
T_QHI,triplet,sorted,64,65537,593,362,0.0668,True,False
T_QHS,triplet,sorted,64,42,593,362,0.0668,True,False
T_QHS,triplet,sorted,64,137,593,362,0.0684,True,False
T_QHS,triplet,sorted,64,1618,593,362,0.0666,True,False
T_QHS,triplet,sorted,64,2718,593,362,0.0668,True,False
T_QHS,triplet,sorted,64,3141,593,362,0.0658,True,False
T_QHS,triplet,sorted,64,9973,593,362,0.0671,True,False
T_QHS,triplet,sorted,64,31337,593,362,0.0669,True,False
T_QHS,triplet,sorted,64,65537,593,362,0.0668,True,False
T_QIB,triplet,sorted,64,42,63,0,0.0065,True,False
T_QIB,triplet,sorted,64,137,63,0,0.0065,True,False
T_QIB,triplet,sorted,64,1618,63,0,0.0065,True,False
T_QIB,triplet,sorted,64,2718,63,0,0.0066,True,False
T_QIB,triplet,sorted,64,3141,63,0,0.0066,True,False
T_QIB,triplet,sorted,64,9973,63,0,0.0066,True,False
T_QIB,triplet,sorted,64,31337,63,0,0.0064,True,False
T_QIB,triplet,sorted,64,65537,63,0,0.0062,True,False
T_QII,triplet,sorted,64,42,63,0,0.0062,True,False
T_QII,triplet,sorted,64,137,63,0,0.0063,True,False
T_QII,triplet,sorted,64,1618,63,0,0.0065,True,False
T_QII,triplet,sorted,64,2718,63,0,0.0064,True,False
T_QII,triplet,sorted,64,3141,63,0,0.0064,True,False
T_QII,triplet,sorted,64,9973,63,0,0.0064,True,False
T_QII,triplet,sorted,64,31337,63,0,0.0063,True,False
T_QII,triplet,sorted,64,65537,63,0,0.0063,True,False
T_QIS,triplet,sorted,64,42,63,0,0.0063,True,False
T_QIS,triplet,sorted,64,137,63,0,0.0063,True,False
T_QIS,triplet,sorted,64,1618,63,0,0.0063,True,False
T_QIS,triplet,sorted,64,2718,63,0,0.0063,True,False
T_QIS,triplet,sorted,64,3141,63,0,0.0064,True,False
T_QIS,triplet,sorted,64,9973,63,0,0.0064,True,False
T_QIS,triplet,sorted,64,31337,63,0,0.0063,True,False
T_QIS,triplet,sorted,64,65537,63,0,0.0063,True,False
T_QMB,triplet,sorted,64,42,124,128,0.0188,True,False
T_QMB,triplet,sorted,64,137,124,128,0.0188,True,False
T_QMB,triplet,sorted,64,1618,124,128,0.0201,True,False
T_QMB,triplet,sorted,64,2718,124,128,0.0189,True,False
T_QMB,triplet,sorted,64,3141,124,128,0.0189,True,False
T_QMB,triplet,sorted,64,9973,124,128,0.0188,True,False
T_QMB,triplet,sorted,64,31337,124,128,0.0187,True,False
T_QMB,triplet,sorted,64,65537,124,128,0.0188,True,False
T_QMI,triplet,sorted,64,42,124,128,0.0203,True,False
T_QMI,triplet,sorted,64,137,124,128,0.0202,True,False
T_QMI,triplet,sorted,64,1618,124,128,0.0204,True,False
T_QMI,triplet,sorted,64,2718,124,128,0.0203,True,False
T_QMI,triplet,sorted,64,3141,124,128,0.0202,True,False
T_QMI,triplet,sorted,64,9973,124,128,0.0206,True,False
T_QMI,triplet,sorted,64,31337,124,128,0.0204,True,False
T_QMI,triplet,sorted,64,65537,124,128,0.0205,True,False
T_QMS,triplet,sorted,64,42,544,128,0.0458,True,False
T_QMS,triplet,sorted,64,137,544,128,0.0472,True,False
T_QMS,triplet,sorted,64,1618,544,128,0.0451,True,False
T_QMS,triplet,sorted,64,2718,544,128,0.0462,True,False
T_QMS,triplet,sorted,64,3141,544,128,0.0456,True,False
T_QMS,triplet,sorted,64,9973,544,128,0.0454,True,False
T_QMS,triplet,sorted,64,31337,544,128,0.0463,True,False
T_QMS,triplet,sorted,64,65537,544,128,0.0459,True,False
T_QQB,triplet,sorted,64,42,187,6,0.0142,True,False
T_QQB,triplet,sorted,64,137,187,6,0.0142,True,False
T_QQB,triplet,sorted,64,1618,187,6,0.0139,True,False
T_QQB,triplet,sorted,64,2718,187,6,0.0141,True,False
T_QQB,triplet,sorted,64,3141,187,6,0.014,True,False
T_QQB,triplet,sorted,64,9973,187,6,0.0141,True,False
T_QQB,triplet,sorted,64,31337,187,6,0.0141,True,False
T_QQB,triplet,sorted,64,65537,187,6,0.0141,True,False
T_QQI,triplet,sorted,64,42,187,6,0.0155,True,False
T_QQI,triplet,sorted,64,137,187,6,0.0155,True,False
T_QQI,triplet,sorted,64,1618,187,6,0.0156,True,False
T_QQI,triplet,sorted,64,2718,187,6,0.0154,True,False
T_QQI,triplet,sorted,64,3141,187,6,0.0153,True,False
T_QQI,triplet,sorted,64,9973,187,6,0.0154,True,False
T_QQI,triplet,sorted,64,31337,187,6,0.0155,True,False
T_QQI,triplet,sorted,64,65537,187,6,0.0158,True,False
T_QQS,triplet,sorted,64,42,565,6,0.0391,True,False
T_QQS,triplet,sorted,64,137,565,6,0.0391,True,False
T_QQS,triplet,sorted,64,1618,565,6,0.0419,True,False
T_QQS,triplet,sorted,64,2718,565,6,0.0392,True,False
T_QQS,triplet,sorted,64,3141,565,6,0.0394,True,False
T_QQS,triplet,sorted,64,9973,565,6,0.0401,True,False
T_QQS,triplet,sorted,64,31337,565,6,0.0403,True,False
T_QQS,triplet,sorted,64,65537,565,6,0.0392,True,False
T_QRB,triplet,sorted,64,42,0,128,0.0215,True,False
T_QRB,triplet,sorted,64,137,0,128,0.0213,True,False
T_QRB,triplet,sorted,64,1618,0,128,0.0215,True,False
T_QRB,triplet,sorted,64,2718,0,128,0.0215,True,False
T_QRB,triplet,sorted,64,3141,0,128,0.0212,True,False
T_QRB,triplet,sorted,64,9973,0,128,0.0212,True,False
T_QRB,triplet,sorted,64,31337,0,128,0.0214,True,False
T_QRB,triplet,sorted,64,65537,0,128,0.0217,True,False
T_QRI,triplet,sorted,64,42,0,128,0.0214,True,False
T_QRI,triplet,sorted,64,137,0,128,0.0215,True,False
T_QRI,triplet,sorted,64,1618,0,128,0.0214,True,False
T_QRI,triplet,sorted,64,2718,0,128,0.0213,True,False
T_QRI,triplet,sorted,64,3141,0,128,0.0214,True,False
T_QRI,triplet,sorted,64,9973,0,128,0.0214,True,False
T_QRI,triplet,sorted,64,31337,0,128,0.0234,True,False
T_QRI,triplet,sorted,64,65537,0,128,0.0215,True,False
T_QRS,triplet,sorted,64,42,0,128,0.0216,True,False
T_QRS,triplet,sorted,64,137,0,128,0.0217,True,False
T_QRS,triplet,sorted,64,1618,0,128,0.0212,True,False
T_QRS,triplet,sorted,64,2718,0,128,0.0215,True,False
T_QRS,triplet,sorted,64,3141,0,128,0.0215,True,False
T_QRS,triplet,sorted,64,9973,0,128,0.0214,True,False
T_QRS,triplet,sorted,64,31337,0,128,0.0212,True,False
T_QRS,triplet,sorted,64,65537,0,128,0.0214,True,False
T_QSB,triplet,sorted,64,42,2016,0,0.1121,True,False
T_QSB,triplet,sorted,64,137,2016,0,0.112,True,False
T_QSB,triplet,sorted,64,1618,2016,0,0.1124,True,False
T_QSB,triplet,sorted,64,2718,2016,0,0.114,True,False
T_QSB,triplet,sorted,64,3141,2016,0,0.1137,True,False
T_QSB,triplet,sorted,64,9973,2016,0,0.1098,True,False
T_QSB,triplet,sorted,64,31337,2016,0,0.1095,True,False
T_QSB,triplet,sorted,64,65537,2016,0,0.1104,True,False
T_QSI,triplet,sorted,64,42,2016,0,0.1145,True,False
T_QSI,triplet,sorted,64,137,2016,0,0.1116,True,False
T_QSI,triplet,sorted,64,1618,2016,0,0.1109,True,False
T_QSI,triplet,sorted,64,2718,2016,0,0.1111,True,False
T_QSI,triplet,sorted,64,3141,2016,0,0.1109,True,False
T_QSI,triplet,sorted,64,9973,2016,0,0.1109,True,False
T_QSI,triplet,sorted,64,31337,2016,0,0.1091,True,False
T_QSI,triplet,sorted,64,65537,2016,0,0.1134,True,False
T_QSS,triplet,sorted,64,42,2016,0,0.1123,True,False
T_QSS,triplet,sorted,64,137,2016,0,0.1131,True,False
T_QSS,triplet,sorted,64,1618,2016,0,0.1149,True,False
T_QSS,triplet,sorted,64,2718,2016,0,0.1111,True,False
T_QSS,triplet,sorted,64,3141,2016,0,0.1142,True,False
T_QSS,triplet,sorted,64,9973,2016,0,0.1118,True,False
T_QSS,triplet,sorted,64,31337,2016,0,0.1112,True,False
T_QSS,triplet,sorted,64,65537,2016,0,0.1105,True,False
TimCustom,base,sorted,64,42,94,64,0.0129,True,False
TimCustom,base,sorted,64,137,94,64,0.0127,True,False
TimCustom,base,sorted,64,1618,94,64,0.0126,True,False
TimCustom,base,sorted,64,2718,94,64,0.0123,True,False
TimCustom,base,sorted,64,3141,94,64,0.0126,True,False
TimCustom,base,sorted,64,9973,94,64,0.0124,True,False
TimCustom,base,sorted,64,31337,94,64,0.0124,True,False
TimCustom,base,sorted,64,65537,94,64,0.0125,True,False
Bubble,base,two_values,64,42,2016,386,0.0998,True,False
Bubble,base,two_values,64,137,2016,571,0.1151,True,False
Bubble,base,two_values,64,1618,2016,553,0.1138,True,False
Bubble,base,two_values,64,2718,2016,435,0.1031,True,False
Bubble,base,two_values,64,3141,2016,499,0.1093,True,False
Bubble,base,two_values,64,9973,2016,558,0.1097,True,False
Bubble,base,two_values,64,31337,2016,519,0.1059,True,False
Bubble,base,two_values,64,65537,2016,459,0.104,True,False
Heap,base,two_values,64,42,378,180,0.0315,True,False
Heap,base,two_values,64,137,362,166,0.0299,True,False
Heap,base,two_values,64,1618,397,189,0.0323,True,False
Heap,base,two_values,64,2718,354,164,0.0292,True,False
Heap,base,two_values,64,3141,395,191,0.0325,True,False
Heap,base,two_values,64,9973,369,173,0.0314,True,False
Heap,base,two_values,64,31337,368,170,0.0299,True,False
Heap,base,two_values,64,65537,373,177,0.031,True,False
Hybrid_Intro,hybrid,two_values,64,42,209,59,0.0201,True,False
Hybrid_Intro,hybrid,two_values,64,137,244,71,0.0228,True,False
Hybrid_Intro,hybrid,two_values,64,1618,241,73,0.0224,True,False
Hybrid_Intro,hybrid,two_values,64,2718,243,60,0.021,True,False
Hybrid_Intro,hybrid,two_values,64,3141,241,63,0.0217,True,False
Hybrid_Intro,hybrid,two_values,64,9973,248,75,0.0233,True,False
Hybrid_Intro,hybrid,two_values,64,31337,222,70,0.0206,True,False
Hybrid_Intro,hybrid,two_values,64,65537,230,67,0.0213,True,False
Hybrid_MI,hybrid,two_values,64,42,300,162,0.0325,True,False
Hybrid_MI,hybrid,two_values,64,137,267,153,0.0294,True,False
Hybrid_MI,hybrid,two_values,64,1618,282,155,0.0309,True,False
Hybrid_MI,hybrid,two_values,64,2718,249,158,0.0285,True,False
Hybrid_MI,hybrid,two_values,64,3141,278,151,0.0306,True,False
Hybrid_MI,hybrid,two_values,64,9973,302,158,0.0326,True,False
Hybrid_MI,hybrid,two_values,64,31337,283,160,0.0316,True,False
Hybrid_MI,hybrid,two_values,64,65537,274,158,0.0308,True,False
Hybrid_QI,hybrid,two_values,64,42,209,59,0.0184,True,False
Hybrid_QI,hybrid,two_values,64,137,244,71,0.0219,True,False
Hybrid_QI,hybrid,two_values,64,1618,241,73,0.0214,True,False
Hybrid_QI,hybrid,two_values,64,2718,243,60,0.0209,True,False
Hybrid_QI,hybrid,two_values,64,3141,241,63,0.0211,True,False
Hybrid_QI,hybrid,two_values,64,9973,248,75,0.0224,True,False
Hybrid_QI,hybrid,two_values,64,31337,222,70,0.0197,True,False
Hybrid_QI,hybrid,two_values,64,65537,230,67,0.0204,True,False
Hybrid_RI,hybrid,two_values,64,42,0,64,0.011,True,False
Hybrid_RI,hybrid,two_values,64,137,0,64,0.011,True,False
Hybrid_RI,hybrid,two_values,64,1618,0,64,0.0109,True,False
Hybrid_RI,hybrid,two_values,64,2718,0,64,0.0109,True,False
Hybrid_RI,hybrid,two_values,64,3141,0,64,0.0108,True,False
Hybrid_RI,hybrid,two_values,64,9973,0,64,0.0109,True,False
Hybrid_RI,hybrid,two_values,64,31337,0,64,0.0108,True,False
Hybrid_RI,hybrid,two_values,64,65537,0,64,0.0109,True,False
Insertion,base,two_values,64,42,449,422,0.0315,True,False
Insertion,base,two_values,64,137,634,600,0.0443,True,False
Insertion,base,two_values,64,1618,616,581,0.0432,True,False
Insertion,base,two_values,64,2718,498,471,0.0346,True,False
Insertion,base,two_values,64,3141,561,526,0.0388,True,False
Insertion,base,two_values,64,9973,620,589,0.0429,True,False
Insertion,base,two_values,64,31337,582,554,0.0401,True,False
Insertion,base,two_values,64,65537,521,491,0.0362,True,False
Merge,base,two_values,64,42,272,384,0.0599,True,False
Merge,base,two_values,64,137,262,384,0.0591,True,False
Merge,base,two_values,64,1618,259,384,0.0589,True,False
Merge,base,two_values,64,2718,271,384,0.0592,True,False
Merge,base,two_values,64,3141,259,384,0.0588,True,False
Merge,base,two_values,64,9973,261,384,0.0591,True,False
Merge,base,two_values,64,31337,271,384,0.0599,True,False
Merge,base,two_values,64,65537,264,384,0.0599,True,False
Quick,base,two_values,64,42,301,121,0.0307,True,False
Quick,base,two_values,64,137,306,129,0.0316,True,False
Quick,base,two_values,64,1618,308,131,0.0321,True,False
Quick,base,two_values,64,2718,310,122,0.032,True,False
Quick,base,two_values,64,3141,308,126,0.0319,True,False
Quick,base,two_values,64,9973,308,124,0.0319,True,False
Quick,base,two_values,64,31337,308,130,0.0323,True,False
Quick,base,two_values,64,65537,303,124,0.0313,True,False
Radix,base,two_values,64,42,0,64,0.0105,True,False
Radix,base,two_values,64,137,0,64,0.0105,True,False
Radix,base,two_values,64,1618,0,64,0.0105,True,False
Radix,base,two_values,64,2718,0,64,0.0103,True,False
Radix,base,two_values,64,3141,0,64,0.0105,True,False
Radix,base,two_values,64,9973,0,64,0.0104,True,False
Radix,base,two_values,64,31337,0,64,0.0104,True,False
Radix,base,two_values,64,65537,0,64,0.0105,True,False
Selection,base,two_values,64,42,2016,36,0.0798,True,False
Selection,base,two_values,64,137,2016,29,0.0747,True,False
Selection,base,two_values,64,1618,2016,28,0.0747,True,False
Selection,base,two_values,64,2718,2016,36,0.0754,True,False
Selection,base,two_values,64,3141,2016,27,0.0732,True,False
Selection,base,two_values,64,9973,2016,31,0.0719,True,False
Selection,base,two_values,64,31337,2016,35,0.0777,True,False
Selection,base,two_values,64,65537,2016,32,0.0748,True,False
T_MHB,triplet,two_values,64,42,378,180,0.04,True,False
T_MHB,triplet,two_values,64,137,362,166,0.0376,True,False
T_MHB,triplet,two_values,64,1618,397,189,0.0413,True,False
T_MHB,triplet,two_values,64,2718,354,164,0.0377,True,False
T_MHB,triplet,two_values,64,3141,395,191,0.0416,True,False
T_MHB,triplet,two_values,64,9973,369,173,0.0389,True,False
T_MHB,triplet,two_values,64,31337,368,170,0.0383,True,False
T_MHB,triplet,two_values,64,65537,373,177,0.0394,True,False
T_MHI,triplet,two_values,64,42,378,180,0.0397,True,False
T_MHI,triplet,two_values,64,137,362,166,0.0387,True,False
T_MHI,triplet,two_values,64,1618,397,189,0.0417,True,False
T_MHI,triplet,two_values,64,2718,354,164,0.0371,True,False
T_MHI,triplet,two_values,64,3141,395,191,0.0431,True,False
T_MHI,triplet,two_values,64,9973,369,173,0.0384,True,False
T_MHI,triplet,two_values,64,31337,368,170,0.0384,True,False
T_MHI,triplet,two_values,64,65537,373,177,0.0392,True,False
T_MHS,triplet,two_values,64,42,378,180,0.0396,True,False
T_MHS,triplet,two_values,64,137,362,166,0.0376,True,False
T_MHS,triplet,two_values,64,1618,397,189,0.0414,True,False
T_MHS,triplet,two_values,64,2718,354,164,0.0368,True,False
T_MHS,triplet,two_values,64,3141,395,191,0.0415,True,False
T_MHS,triplet,two_values,64,9973,369,173,0.0387,True,False
T_MHS,triplet,two_values,64,31337,368,170,0.038,True,False
T_MHS,triplet,two_values,64,65537,373,177,0.0392,True,False
T_MIB,triplet,two_values,64,42,449,386,0.0454,True,False
T_MIB,triplet,two_values,64,137,634,571,0.0629,True,False
T_MIB,triplet,two_values,64,1618,616,553,0.0612,True,False
T_MIB,triplet,two_values,64,2718,498,435,0.05,True,False
T_MIB,triplet,two_values,64,3141,561,499,0.0571,True,False
T_MIB,triplet,two_values,64,9973,620,558,0.0632,True,False
T_MIB,triplet,two_values,64,31337,582,519,0.059,True,False
T_MIB,triplet,two_values,64,65537,521,459,0.0525,True,False
T_MII,triplet,two_values,64,42,449,386,0.0449,True,False
T_MII,triplet,two_values,64,137,634,571,0.0638,True,False
T_MII,triplet,two_values,64,1618,616,553,0.0613,True,False
T_MII,triplet,two_values,64,2718,498,435,0.0496,True,False
T_MII,triplet,two_values,64,3141,561,499,0.0562,True,False
T_MII,triplet,two_values,64,9973,620,558,0.0619,True,False
T_MII,triplet,two_values,64,31337,582,519,0.0578,True,False
T_MII,triplet,two_values,64,65537,521,459,0.0515,True,False
T_MIS,triplet,two_values,64,42,449,386,0.0445,True,False
T_MIS,triplet,two_values,64,137,634,571,0.0651,True,False
T_MIS,triplet,two_values,64,1618,616,553,0.0612,True,False
T_MIS,triplet,two_values,64,2718,498,435,0.0492,True,False
T_MIS,triplet,two_values,64,3141,561,499,0.0563,True,False
T_MIS,triplet,two_values,64,9973,620,558,0.0622,True,False
T_MIS,triplet,two_values,64,31337,582,519,0.058,True,False
T_MIS,triplet,two_values,64,65537,521,459,0.0525,True,False
T_MMB,triplet,two_values,64,42,428,274,0.0484,True,False
T_MMB,triplet,two_values,64,137,475,239,0.0487,True,False
T_MMB,triplet,two_values,64,1618,485,258,0.0511,True,False
T_MMB,triplet,two_values,64,2718,401,216,0.0416,True,False
T_MMB,triplet,two_values,64,3141,498,256,0.0514,True,False
T_MMB,triplet,two_values,64,9973,461,277,0.0504,True,False
T_MMB,triplet,two_values,64,31337,443,252,0.0476,True,False
T_MMB,triplet,two_values,64,65537,450,250,0.0479,True,False
T_MMI,triplet,two_values,64,42,300,274,0.0368,True,False
T_MMI,triplet,two_values,64,137,267,239,0.0331,True,False
T_MMI,triplet,two_values,64,1618,282,258,0.0348,True,False
T_MMI,triplet,two_values,64,2718,249,216,0.0311,True,False
T_MMI,triplet,two_values,64,3141,278,256,0.0339,True,False
T_MMI,triplet,two_values,64,9973,302,277,0.0366,True,False
T_MMI,triplet,two_values,64,31337,283,252,0.0341,True,False
T_MMI,triplet,two_values,64,65537,274,250,0.0435,True,False
T_MMS,triplet,two_values,64,42,576,162,0.0503,True,False
T_MMS,triplet,two_values,64,137,577,153,0.0503,True,False
T_MMS,triplet,two_values,64,1618,574,155,0.0499,True,False
T_MMS,triplet,two_values,64,2718,582,158,0.0512,True,False
T_MMS,triplet,two_values,64,3141,572,151,0.0497,True,False
T_MMS,triplet,two_values,64,9973,576,158,0.0497,True,False
T_MMS,triplet,two_values,64,31337,580,160,0.051,True,False
T_MMS,triplet,two_values,64,65537,574,158,0.0499,True,False
T_MQB,triplet,two_values,64,42,209,59,0.0193,True,False
T_MQB,triplet,two_values,64,137,314,92,0.0293,True,False
T_MQB,triplet,two_values,64,1618,259,89,0.0249,True,False
T_MQB,triplet,two_values,64,2718,315,88,0.0285,True,False
T_MQB,triplet,two_values,64,3141,256,94,0.0244,True,False
T_MQB,triplet,two_values,64,9973,263,87,0.0257,True,False
T_MQB,triplet,two_values,64,31337,222,70,0.0217,True,False
T_MQB,triplet,two_values,64,65537,236,74,0.0228,True,False
T_MQI,triplet,two_values,64,42,209,59,0.0206,True,False
T_MQI,triplet,two_values,64,137,244,92,0.0248,True,False
T_MQI,triplet,two_values,64,1618,241,89,0.0245,True,False
T_MQI,triplet,two_values,64,2718,243,88,0.0238,True,False
T_MQI,triplet,two_values,64,3141,241,94,0.0242,True,False
T_MQI,triplet,two_values,64,9973,248,87,0.0255,True,False
T_MQI,triplet,two_values,64,31337,222,70,0.0227,True,False
T_MQI,triplet,two_values,64,65537,230,74,0.0231,True,False
T_MQS,triplet,two_values,64,42,512,59,0.0401,True,False
T_MQS,triplet,two_values,64,137,453,73,0.0381,True,False
T_MQS,triplet,two_values,64,1618,436,78,0.038,True,False
T_MQS,triplet,two_values,64,2718,507,65,0.04,True,False
T_MQS,triplet,two_values,64,3141,503,73,0.0453,True,False
T_MQS,triplet,two_values,64,9973,412,81,0.0333,True,False
T_MQS,triplet,two_values,64,31337,467,70,0.0351,True,False
T_MQS,triplet,two_values,64,65537,448,74,0.0345,True,False
T_MRB,triplet,two_values,64,42,0,64,0.0111,True,False
T_MRB,triplet,two_values,64,137,0,64,0.011,True,False
T_MRB,triplet,two_values,64,1618,0,64,0.011,True,False
T_MRB,triplet,two_values,64,2718,0,64,0.0114,True,False
T_MRB,triplet,two_values,64,3141,0,64,0.0111,True,False
T_MRB,triplet,two_values,64,9973,0,64,0.0111,True,False
T_MRB,triplet,two_values,64,31337,0,64,0.011,True,False
T_MRB,triplet,two_values,64,65537,0,64,0.0108,True,False
T_MRI,triplet,two_values,64,42,0,64,0.0112,True,False
T_MRI,triplet,two_values,64,137,0,64,0.0109,True,False
T_MRI,triplet,two_values,64,1618,0,64,0.0109,True,False
T_MRI,triplet,two_values,64,2718,0,64,0.011,True,False
T_MRI,triplet,two_values,64,3141,0,64,0.0111,True,False
T_MRI,triplet,two_values,64,9973,0,64,0.0123,True,False
T_MRI,triplet,two_values,64,31337,0,64,0.0125,True,False
T_MRI,triplet,two_values,64,65537,0,64,0.0114,True,False
T_MRS,triplet,two_values,64,42,0,64,0.011,True,False
T_MRS,triplet,two_values,64,137,0,64,0.011,True,False
T_MRS,triplet,two_values,64,1618,0,64,0.0113,True,False
T_MRS,triplet,two_values,64,2718,0,64,0.0121,True,False
T_MRS,triplet,two_values,64,3141,0,64,0.0125,True,False
T_MRS,triplet,two_values,64,9973,0,64,0.0126,True,False
T_MRS,triplet,two_values,64,31337,0,64,0.0111,True,False
T_MRS,triplet,two_values,64,65537,0,64,0.011,True,False
T_MSB,triplet,two_values,64,42,2016,36,0.118,True,False
T_MSB,triplet,two_values,64,137,2016,29,0.1052,True,False
T_MSB,triplet,two_values,64,1618,2016,28,0.1169,True,False
T_MSB,triplet,two_values,64,2718,2016,36,0.1042,True,False
T_MSB,triplet,two_values,64,3141,2016,27,0.1145,True,False
T_MSB,triplet,two_values,64,9973,2016,31,0.1026,True,False
T_MSB,triplet,two_values,64,31337,2016,35,0.1054,True,False
T_MSB,triplet,two_values,64,65537,2016,32,0.1277,True,False
T_MSI,triplet,two_values,64,42,2016,36,0.1207,True,False
T_MSI,triplet,two_values,64,137,2016,29,0.1183,True,False
T_MSI,triplet,two_values,64,1618,2016,28,0.1087,True,False
T_MSI,triplet,two_values,64,2718,2016,36,0.105,True,False
T_MSI,triplet,two_values,64,3141,2016,27,0.1026,True,False
T_MSI,triplet,two_values,64,9973,2016,31,0.1028,True,False
T_MSI,triplet,two_values,64,31337,2016,35,0.1045,True,False
T_MSI,triplet,two_values,64,65537,2016,32,0.1041,True,False
T_MSS,triplet,two_values,64,42,2016,36,0.1053,True,False
T_MSS,triplet,two_values,64,137,2016,29,0.1037,True,False
T_MSS,triplet,two_values,64,1618,2016,28,0.1032,True,False
T_MSS,triplet,two_values,64,2718,2016,36,0.1045,True,False
T_MSS,triplet,two_values,64,3141,2016,27,0.104,True,False
T_MSS,triplet,two_values,64,9973,2016,31,0.1045,True,False
T_MSS,triplet,two_values,64,31337,2016,35,0.1057,True,False
T_MSS,triplet,two_values,64,65537,2016,32,0.1049,True,False
T_QHB,triplet,two_values,64,42,378,180,0.0353,True,False
T_QHB,triplet,two_values,64,137,362,166,0.0332,True,False
T_QHB,triplet,two_values,64,1618,397,189,0.0369,True,False
T_QHB,triplet,two_values,64,2718,354,164,0.0327,True,False
T_QHB,triplet,two_values,64,3141,395,191,0.0367,True,False
T_QHB,triplet,two_values,64,9973,369,173,0.0342,True,False
T_QHB,triplet,two_values,64,31337,368,170,0.0384,True,False
T_QHB,triplet,two_values,64,65537,373,177,0.0346,True,False
T_QHI,triplet,two_values,64,42,378,180,0.035,True,False
T_QHI,triplet,two_values,64,137,362,166,0.0336,True,False
T_QHI,triplet,two_values,64,1618,397,189,0.0367,True,False
T_QHI,triplet,two_values,64,2718,354,164,0.0333,True,False
T_QHI,triplet,two_values,64,3141,395,191,0.0369,True,False
T_QHI,triplet,two_values,64,9973,369,173,0.0345,True,False
T_QHI,triplet,two_values,64,31337,368,170,0.0342,True,False
T_QHI,triplet,two_values,64,65537,373,177,0.0355,True,False
T_QHS,triplet,two_values,64,42,378,180,0.0355,True,False
T_QHS,triplet,two_values,64,137,362,166,0.0339,True,False
T_QHS,triplet,two_values,64,1618,397,189,0.0374,True,False
T_QHS,triplet,two_values,64,2718,354,164,0.038,True,False
T_QHS,triplet,two_values,64,3141,395,191,0.0421,True,False
T_QHS,triplet,two_values,64,9973,369,173,0.0381,True,False
T_QHS,triplet,two_values,64,31337,368,170,0.0346,True,False
T_QHS,triplet,two_values,64,65537,373,177,0.0357,True,False
T_QIB,triplet,two_values,64,42,449,386,0.0395,True,False
T_QIB,triplet,two_values,64,137,634,571,0.0561,True,False
T_QIB,triplet,two_values,64,1618,616,553,0.0541,True,False
T_QIB,triplet,two_values,64,2718,498,435,0.0436,True,False
T_QIB,triplet,two_values,64,3141,561,499,0.0497,True,False
T_QIB,triplet,two_values,64,9973,620,558,0.0552,True,False
T_QIB,triplet,two_values,64,31337,582,519,0.0515,True,False
T_QIB,triplet,two_values,64,65537,521,459,0.0457,True,False
T_QII,triplet,two_values,64,42,449,386,0.04,True,False
T_QII,triplet,two_values,64,137,634,571,0.0562,True,False
T_QII,triplet,two_values,64,1618,616,553,0.0547,True,False
T_QII,triplet,two_values,64,2718,498,435,0.0438,True,False
T_QII,triplet,two_values,64,3141,561,499,0.0494,True,False
T_QII,triplet,two_values,64,9973,620,558,0.0549,True,False
T_QII,triplet,two_values,64,31337,582,519,0.0518,True,False
T_QII,triplet,two_values,64,65537,521,459,0.0459,True,False
T_QIS,triplet,two_values,64,42,449,386,0.0394,True,False
T_QIS,triplet,two_values,64,137,634,571,0.0563,True,False
T_QIS,triplet,two_values,64,1618,616,553,0.0614,True,False
T_QIS,triplet,two_values,64,2718,498,435,0.0493,True,False
T_QIS,triplet,two_values,64,3141,561,499,0.0497,True,False
T_QIS,triplet,two_values,64,9973,620,558,0.0621,True,False
T_QIS,triplet,two_values,64,31337,582,519,0.0586,True,False
T_QIS,triplet,two_values,64,65537,521,459,0.0524,True,False
T_QMB,triplet,two_values,64,42,428,274,0.0496,True,False
T_QMB,triplet,two_values,64,137,475,239,0.0508,True,False
T_QMB,triplet,two_values,64,1618,485,258,0.0538,True,False
T_QMB,triplet,two_values,64,2718,401,216,0.0472,True,False
T_QMB,triplet,two_values,64,3141,498,256,0.0542,True,False
T_QMB,triplet,two_values,64,9973,461,277,0.0511,True,False
T_QMB,triplet,two_values,64,31337,443,252,0.0483,True,False
T_QMB,triplet,two_values,64,65537,450,250,0.0484,True,False
T_QMI,triplet,two_values,64,42,300,274,0.0369,True,False
T_QMI,triplet,two_values,64,137,267,239,0.0329,True,False
T_QMI,triplet,two_values,64,1618,282,258,0.0343,True,False
T_QMI,triplet,two_values,64,2718,249,216,0.031,True,False
T_QMI,triplet,two_values,64,3141,278,256,0.0341,True,False
T_QMI,triplet,two_values,64,9973,302,277,0.0373,True,False
T_QMI,triplet,two_values,64,31337,283,252,0.035,True,False
T_QMI,triplet,two_values,64,65537,274,250,0.0335,True,False
T_QMS,triplet,two_values,64,42,576,162,0.0516,True,False
T_QMS,triplet,two_values,64,137,577,153,0.0506,True,False
T_QMS,triplet,two_values,64,1618,574,155,0.0502,True,False
T_QMS,triplet,two_values,64,2718,582,158,0.0514,True,False
T_QMS,triplet,two_values,64,3141,572,151,0.0502,True,False
T_QMS,triplet,two_values,64,9973,576,158,0.0508,True,False
T_QMS,triplet,two_values,64,31337,580,160,0.0509,True,False
T_QMS,triplet,two_values,64,65537,574,158,0.0564,True,False
T_QQB,triplet,two_values,64,42,209,59,0.0193,True,False
T_QQB,triplet,two_values,64,137,314,92,0.0289,True,False
T_QQB,triplet,two_values,64,1618,259,89,0.0246,True,False
T_QQB,triplet,two_values,64,2718,315,88,0.0283,True,False
T_QQB,triplet,two_values,64,3141,256,94,0.0245,True,False
T_QQB,triplet,two_values,64,9973,263,87,0.026,True,False
T_QQB,triplet,two_values,64,31337,222,70,0.0218,True,False
T_QQB,triplet,two_values,64,65537,236,74,0.0229,True,False
T_QQI,triplet,two_values,64,42,209,59,0.0204,True,False
T_QQI,triplet,two_values,64,137,244,92,0.0242,True,False
T_QQI,triplet,two_values,64,1618,241,89,0.0241,True,False
T_QQI,triplet,two_values,64,2718,243,88,0.0238,True,False
T_QQI,triplet,two_values,64,3141,241,94,0.0243,True,False
T_QQI,triplet,two_values,64,9973,248,87,0.0254,True,False
T_QQI,triplet,two_values,64,31337,222,70,0.023,True,False
T_QQI,triplet,two_values,64,65537,230,74,0.0228,True,False
T_QQS,triplet,two_values,64,42,512,59,0.0397,True,False
T_QQS,triplet,two_values,64,137,453,73,0.0382,True,False
T_QQS,triplet,two_values,64,1618,436,78,0.0378,True,False
T_QQS,triplet,two_values,64,2718,507,65,0.0409,True,False
T_QQS,triplet,two_values,64,3141,503,73,0.0408,True,False
T_QQS,triplet,two_values,64,9973,412,81,0.0375,True,False
T_QQS,triplet,two_values,64,31337,467,70,0.0392,True,False
T_QQS,triplet,two_values,64,65537,448,74,0.0385,True,False
T_QRB,triplet,two_values,64,42,0,64,0.0124,True,False
T_QRB,triplet,two_values,64,137,0,64,0.0125,True,False
T_QRB,triplet,two_values,64,1618,0,64,0.0127,True,False
T_QRB,triplet,two_values,64,2718,0,64,0.0125,True,False
T_QRB,triplet,two_values,64,3141,0,64,0.0126,True,False
T_QRB,triplet,two_values,64,9973,0,64,0.0126,True,False
T_QRB,triplet,two_values,64,31337,0,64,0.0124,True,False
T_QRB,triplet,two_values,64,65537,0,64,0.0124,True,False
T_QRI,triplet,two_values,64,42,0,64,0.0124,True,False
T_QRI,triplet,two_values,64,137,0,64,0.0124,True,False
T_QRI,triplet,two_values,64,1618,0,64,0.0123,True,False
T_QRI,triplet,two_values,64,2718,0,64,0.0125,True,False
T_QRI,triplet,two_values,64,3141,0,64,0.0123,True,False
T_QRI,triplet,two_values,64,9973,0,64,0.0125,True,False
T_QRI,triplet,two_values,64,31337,0,64,0.0123,True,False
T_QRI,triplet,two_values,64,65537,0,64,0.0123,True,False
T_QRS,triplet,two_values,64,42,0,64,0.0126,True,False
T_QRS,triplet,two_values,64,137,0,64,0.0123,True,False
T_QRS,triplet,two_values,64,1618,0,64,0.0124,True,False
T_QRS,triplet,two_values,64,2718,0,64,0.0125,True,False
T_QRS,triplet,two_values,64,3141,0,64,0.0126,True,False
T_QRS,triplet,two_values,64,9973,0,64,0.0124,True,False
T_QRS,triplet,two_values,64,31337,0,64,0.0123,True,False
T_QRS,triplet,two_values,64,65537,0,64,0.0124,True,False
T_QSB,triplet,two_values,64,42,2016,36,0.1212,True,False
T_QSB,triplet,two_values,64,137,2016,29,0.1176,True,False
T_QSB,triplet,two_values,64,1618,2016,28,0.1162,True,False
T_QSB,triplet,two_values,64,2718,2016,36,0.104,True,False
T_QSB,triplet,two_values,64,3141,2016,27,0.103,True,False
T_QSB,triplet,two_values,64,9973,2016,31,0.1083,True,False
T_QSB,triplet,two_values,64,31337,2016,35,0.1041,True,False
T_QSB,triplet,two_values,64,65537,2016,32,0.1044,True,False
T_QSI,triplet,two_values,64,42,2016,36,0.1053,True,False
T_QSI,triplet,two_values,64,137,2016,29,0.1035,True,False
T_QSI,triplet,two_values,64,1618,2016,28,0.1026,True,False
T_QSI,triplet,two_values,64,2718,2016,36,0.1111,True,False
T_QSI,triplet,two_values,64,3141,2016,27,0.1092,True,False
T_QSI,triplet,two_values,64,9973,2016,31,0.1035,True,False
T_QSI,triplet,two_values,64,31337,2016,35,0.1057,True,False
T_QSI,triplet,two_values,64,65537,2016,32,0.1043,True,False
T_QSS,triplet,two_values,64,42,2016,36,0.1176,True,False
T_QSS,triplet,two_values,64,137,2016,29,0.1132,True,False
T_QSS,triplet,two_values,64,1618,2016,28,0.1167,True,False
T_QSS,triplet,two_values,64,2718,2016,36,0.1169,True,False
T_QSS,triplet,two_values,64,3141,2016,27,0.1155,True,False
T_QSS,triplet,two_values,64,9973,2016,31,0.1154,True,False
T_QSS,triplet,two_values,64,31337,2016,35,0.1171,True,False
T_QSS,triplet,two_values,64,65537,2016,32,0.1161,True,False
TimCustom,base,two_values,64,42,335,326,0.035,True,False
TimCustom,base,two_values,64,137,340,322,0.0354,True,False
TimCustom,base,two_values,64,1618,359,340,0.0367,True,False
TimCustom,base,two_values,64,2718,359,347,0.0369,True,False
TimCustom,base,two_values,64,3141,400,385,0.0416,True,False
TimCustom,base,two_values,64,9973,394,381,0.0401,True,False
TimCustom,base,two_values,64,31337,347,332,0.0359,True,False
TimCustom,base,two_values,64,65537,342,329,0.035,True,False
Bubble,base,all_same,256,42,32640,0,1.1329,True,False
Bubble,base,all_same,256,137,32640,0,1.0964,True,False
Bubble,base,all_same,256,1618,32640,0,1.2415,True,False
Bubble,base,all_same,256,2718,32640,0,1.2167,True,False
Bubble,base,all_same,256,3141,32640,0,1.2315,True,False
Bubble,base,all_same,256,9973,32640,0,1.2227,True,False
Bubble,base,all_same,256,31337,32640,0,1.2311,True,False
Bubble,base,all_same,256,65537,32640,0,1.2451,True,False
Heap,base,all_same,256,42,762,255,0.0609,True,False
Heap,base,all_same,256,137,762,255,0.0624,True,False
Heap,base,all_same,256,1618,762,255,0.0626,True,False
Heap,base,all_same,256,2718,762,255,0.0617,True,False
Heap,base,all_same,256,3141,762,255,0.0619,True,False
Heap,base,all_same,256,9973,762,255,0.0613,True,False
Heap,base,all_same,256,31337,762,255,0.0627,True,False
Heap,base,all_same,256,65537,762,255,0.0611,True,False
Hybrid_Intro,hybrid,all_same,256,42,1249,512,0.1127,True,False
Hybrid_Intro,hybrid,all_same,256,137,1249,512,0.1124,True,False
Hybrid_Intro,hybrid,all_same,256,1618,1249,512,0.112,True,False
Hybrid_Intro,hybrid,all_same,256,2718,1249,512,0.1116,True,False
Hybrid_Intro,hybrid,all_same,256,3141,1249,512,0.1123,True,False
Hybrid_Intro,hybrid,all_same,256,9973,1249,512,0.1129,True,False
Hybrid_Intro,hybrid,all_same,256,31337,1249,512,0.1139,True,False
Hybrid_Intro,hybrid,all_same,256,65537,1249,512,0.1136,True,False
Hybrid_MI,hybrid,all_same,256,42,752,1024,0.1297,True,False
Hybrid_MI,hybrid,all_same,256,137,752,1024,0.1285,True,False
Hybrid_MI,hybrid,all_same,256,1618,752,1024,0.1281,True,False
Hybrid_MI,hybrid,all_same,256,2718,752,1024,0.1283,True,False
Hybrid_MI,hybrid,all_same,256,3141,752,1024,0.1274,True,False
Hybrid_MI,hybrid,all_same,256,9973,752,1024,0.1279,True,False
Hybrid_MI,hybrid,all_same,256,31337,752,1024,0.1283,True,False
Hybrid_MI,hybrid,all_same,256,65537,752,1024,0.1279,True,False
Hybrid_QI,hybrid,all_same,256,42,1249,512,0.1115,True,False
Hybrid_QI,hybrid,all_same,256,137,1249,512,0.1115,True,False
Hybrid_QI,hybrid,all_same,256,1618,1249,512,0.1114,True,False
Hybrid_QI,hybrid,all_same,256,2718,1249,512,0.112,True,False
Hybrid_QI,hybrid,all_same,256,3141,1249,512,0.1134,True,False
Hybrid_QI,hybrid,all_same,256,9973,1249,512,0.1118,True,False
Hybrid_QI,hybrid,all_same,256,31337,1249,512,0.113,True,False
Hybrid_QI,hybrid,all_same,256,65537,1249,512,0.1114,True,False
Hybrid_RI,hybrid,all_same,256,42,0,512,0.073,True,False
Hybrid_RI,hybrid,all_same,256,137,0,512,0.0722,True,False
Hybrid_RI,hybrid,all_same,256,1618,0,512,0.0716,True,False
Hybrid_RI,hybrid,all_same,256,2718,0,512,0.0714,True,False
Hybrid_RI,hybrid,all_same,256,3141,0,512,0.0717,True,False
Hybrid_RI,hybrid,all_same,256,9973,0,512,0.0716,True,False
Hybrid_RI,hybrid,all_same,256,31337,0,512,0.0715,True,False
Hybrid_RI,hybrid,all_same,256,65537,0,512,0.0726,True,False
Insertion,base,all_same,256,42,255,0,0.019,True,False
Insertion,base,all_same,256,137,255,0,0.0216,True,False
Insertion,base,all_same,256,1618,255,0,0.0206,True,False
Insertion,base,all_same,256,2718,255,0,0.0207,True,False
Insertion,base,all_same,256,3141,255,0,0.0203,True,False
Insertion,base,all_same,256,9973,255,0,0.0203,True,False
Insertion,base,all_same,256,31337,255,0,0.0205,True,False
Insertion,base,all_same,256,65537,255,0,0.0198,True,False
Merge,base,all_same,256,42,1024,2048,0.2477,True,False
Merge,base,all_same,256,137,1024,2048,0.2596,True,False
Merge,base,all_same,256,1618,1024,2048,0.2622,True,False
Merge,base,all_same,256,2718,1024,2048,0.2645,True,False
Merge,base,all_same,256,3141,1024,2048,0.2706,True,False
Merge,base,all_same,256,9973,1024,2048,0.2822,True,False
Merge,base,all_same,256,31337,1024,2048,0.2878,True,False
Merge,base,all_same,256,65537,1024,2048,0.2844,True,False
Quick,base,all_same,256,42,1667,770,0.1665,True,False
Quick,base,all_same,256,137,1667,770,0.1481,True,False
Quick,base,all_same,256,1618,1667,770,0.1475,True,False
Quick,base,all_same,256,2718,1667,770,0.1561,True,False
Quick,base,all_same,256,3141,1667,770,0.1473,True,False
Quick,base,all_same,256,9973,1667,770,0.1473,True,False
Quick,base,all_same,256,31337,1667,770,0.1478,True,False
Quick,base,all_same,256,65537,1667,770,0.1512,True,False
Radix,base,all_same,256,42,0,512,0.0626,True,False
Radix,base,all_same,256,137,0,512,0.0627,True,False
Radix,base,all_same,256,1618,0,512,0.0649,True,False
Radix,base,all_same,256,2718,0,512,0.0632,True,False
Radix,base,all_same,256,3141,0,512,0.0621,True,False
Radix,base,all_same,256,9973,0,512,0.0621,True,False
Radix,base,all_same,256,31337,0,512,0.0628,True,False
Radix,base,all_same,256,65537,0,512,0.0628,True,False
Selection,base,all_same,256,42,32640,0,0.9458,True,False
Selection,base,all_same,256,137,32640,0,1.03,True,False
Selection,base,all_same,256,1618,32640,0,1.007,True,False
Selection,base,all_same,256,2718,32640,0,1.0578,True,False
Selection,base,all_same,256,3141,32640,0,1.0486,True,False
Selection,base,all_same,256,9973,32640,0,1.0484,True,False
Selection,base,all_same,256,31337,32640,0,0.9664,True,False
Selection,base,all_same,256,65537,32640,0,0.9827,True,False
T_MHB,triplet,all_same,256,42,884,510,0.0933,True,False
T_MHB,triplet,all_same,256,137,884,510,0.0919,True,False
T_MHB,triplet,all_same,256,1618,884,510,0.0908,True,False
T_MHB,triplet,all_same,256,2718,884,510,0.0921,True,False
T_MHB,triplet,all_same,256,3141,884,510,0.0914,True,False
T_MHB,triplet,all_same,256,9973,884,510,0.09,True,False
T_MHB,triplet,all_same,256,31337,884,510,0.0916,True,False
T_MHB,triplet,all_same,256,65537,884,510,0.0927,True,False
T_MHI,triplet,all_same,256,42,884,510,0.0913,True,False
T_MHI,triplet,all_same,256,137,884,510,0.0916,True,False
T_MHI,triplet,all_same,256,1618,884,510,0.0908,True,False
T_MHI,triplet,all_same,256,2718,884,510,0.092,True,False
T_MHI,triplet,all_same,256,3141,884,510,0.1168,True,False
T_MHI,triplet,all_same,256,9973,884,510,0.0901,True,False
T_MHI,triplet,all_same,256,31337,884,510,0.0916,True,False
T_MHI,triplet,all_same,256,65537,884,510,0.0906,True,False
T_MHS,triplet,all_same,256,42,884,510,0.1018,True,False
T_MHS,triplet,all_same,256,137,884,510,0.1006,True,False
T_MHS,triplet,all_same,256,1618,884,510,0.0919,True,False
T_MHS,triplet,all_same,256,2718,884,510,0.0995,True,False
T_MHS,triplet,all_same,256,3141,884,510,0.0946,True,False
T_MHS,triplet,all_same,256,9973,884,510,0.098,True,False
T_MHS,triplet,all_same,256,31337,884,510,0.0906,True,False
T_MHS,triplet,all_same,256,65537,884,510,0.0909,True,False
T_MIB,triplet,all_same,256,42,382,256,0.0424,True,False
T_MIB,triplet,all_same,256,137,382,256,0.0418,True,False
T_MIB,triplet,all_same,256,1618,382,256,0.0421,True,False
T_MIB,triplet,all_same,256,2718,382,256,0.0426,True,False
T_MIB,triplet,all_same,256,3141,382,256,0.0419,True,False
T_MIB,triplet,all_same,256,9973,382,256,0.0418,True,False
T_MIB,triplet,all_same,256,31337,382,256,0.0427,True,False
T_MIB,triplet,all_same,256,65537,382,256,0.0419,True,False
T_MII,triplet,all_same,256,42,382,256,0.0418,True,False
T_MII,triplet,all_same,256,137,382,256,0.0479,True,False
T_MII,triplet,all_same,256,1618,382,256,0.0423,True,False
T_MII,triplet,all_same,256,2718,382,256,0.0418,True,False
T_MII,triplet,all_same,256,3141,382,256,0.0415,True,False
T_MII,triplet,all_same,256,9973,382,256,0.0419,True,False
T_MII,triplet,all_same,256,31337,382,256,0.0416,True,False
T_MII,triplet,all_same,256,65537,382,256,0.0414,True,False
T_MIS,triplet,all_same,256,42,382,256,0.0429,True,False
T_MIS,triplet,all_same,256,137,382,256,0.0426,True,False
T_MIS,triplet,all_same,256,1618,382,256,0.0417,True,False
T_MIS,triplet,all_same,256,2718,382,256,0.0415,True,False
T_MIS,triplet,all_same,256,3141,382,256,0.0412,True,False
T_MIS,triplet,all_same,256,9973,382,256,0.0422,True,False
T_MIS,triplet,all_same,256,31337,382,256,0.046,True,False
T_MIS,triplet,all_same,256,65537,382,256,0.0417,True,False
T_MMB,triplet,all_same,256,42,752,1024,0.1129,True,False
T_MMB,triplet,all_same,256,137,752,1024,0.1131,True,False
T_MMB,triplet,all_same,256,1618,752,1024,0.1136,True,False
T_MMB,triplet,all_same,256,2718,752,1024,0.1143,True,False
T_MMB,triplet,all_same,256,3141,752,1024,0.1134,True,False
T_MMB,triplet,all_same,256,9973,752,1024,0.1123,True,False
T_MMB,triplet,all_same,256,31337,752,1024,0.1137,True,False
T_MMB,triplet,all_same,256,65537,752,1024,0.1127,True,False
T_MMI,triplet,all_same,256,42,752,1024,0.1182,True,False
T_MMI,triplet,all_same,256,137,752,1024,0.1173,True,False
T_MMI,triplet,all_same,256,1618,752,1024,0.1171,True,False
T_MMI,triplet,all_same,256,2718,752,1024,0.1176,True,False
T_MMI,triplet,all_same,256,3141,752,1024,0.1171,True,False
T_MMI,triplet,all_same,256,9973,752,1024,0.1172,True,False
T_MMI,triplet,all_same,256,31337,752,1024,0.1189,True,False
T_MMI,triplet,all_same,256,65537,752,1024,0.1351,True,False
T_MMS,triplet,all_same,256,42,2432,1024,0.2329,True,False
T_MMS,triplet,all_same,256,137,2432,1024,0.2874,True,False
T_MMS,triplet,all_same,256,1618,2432,1024,0.242,True,False
T_MMS,triplet,all_same,256,2718,2432,1024,0.2385,True,False
T_MMS,triplet,all_same,256,3141,2432,1024,0.2374,True,False
T_MMS,triplet,all_same,256,9973,2432,1024,0.2391,True,False
T_MMS,triplet,all_same,256,31337,2432,1024,0.2364,True,False
T_MMS,triplet,all_same,256,65537,2432,1024,0.2356,True,False
T_MQB,triplet,all_same,256,42,1122,640,0.1185,True,False
T_MQB,triplet,all_same,256,137,1122,640,0.1181,True,False
T_MQB,triplet,all_same,256,1618,1122,640,0.1182,True,False
T_MQB,triplet,all_same,256,2718,1122,640,0.1169,True,False
T_MQB,triplet,all_same,256,3141,1122,640,0.1188,True,False
T_MQB,triplet,all_same,256,9973,1122,640,0.1188,True,False
T_MQB,triplet,all_same,256,31337,1122,640,0.1188,True,False
T_MQB,triplet,all_same,256,65537,1122,640,0.1198,True,False
T_MQI,triplet,all_same,256,42,1122,640,0.1246,True,False
T_MQI,triplet,all_same,256,137,1122,640,0.1227,True,False
T_MQI,triplet,all_same,256,1618,1122,640,0.1221,True,False
T_MQI,triplet,all_same,256,2718,1122,640,0.124,True,False
T_MQI,triplet,all_same,256,3141,1122,640,0.1242,True,False
T_MQI,triplet,all_same,256,9973,1122,640,0.1242,True,False
T_MQI,triplet,all_same,256,31337,1122,640,0.1237,True,False
T_MQI,triplet,all_same,256,65537,1122,640,0.1223,True,False
T_MQS,triplet,all_same,256,42,2606,640,0.22,True,False
T_MQS,triplet,all_same,256,137,2606,640,0.2213,True,False
T_MQS,triplet,all_same,256,1618,2606,640,0.2186,True,False
T_MQS,triplet,all_same,256,2718,2606,640,0.2175,True,False
T_MQS,triplet,all_same,256,3141,2606,640,0.2188,True,False
T_MQS,triplet,all_same,256,9973,2606,640,0.217,True,False
T_MQS,triplet,all_same,256,31337,2606,640,0.215,True,False
T_MQS,triplet,all_same,256,65537,2606,640,0.2173,True,False
T_MRB,triplet,all_same,256,42,128,768,0.1046,True,False
T_MRB,triplet,all_same,256,137,128,768,0.104,True,False
T_MRB,triplet,all_same,256,1618,128,768,0.1058,True,False
T_MRB,triplet,all_same,256,2718,128,768,0.105,True,False
T_MRB,triplet,all_same,256,3141,128,768,0.1046,True,False
T_MRB,triplet,all_same,256,9973,128,768,0.1034,True,False
T_MRB,triplet,all_same,256,31337,128,768,0.1039,True,False
T_MRB,triplet,all_same,256,65537,128,768,0.105,True,False
T_MRI,triplet,all_same,256,42,128,768,0.1034,True,False
T_MRI,triplet,all_same,256,137,128,768,0.1041,True,False
T_MRI,triplet,all_same,256,1618,128,768,0.1038,True,False
T_MRI,triplet,all_same,256,2718,128,768,0.1038,True,False
T_MRI,triplet,all_same,256,3141,128,768,0.1044,True,False
T_MRI,triplet,all_same,256,9973,128,768,0.1043,True,False
T_MRI,triplet,all_same,256,31337,128,768,0.1046,True,False
T_MRI,triplet,all_same,256,65537,128,768,0.1044,True,False
T_MRS,triplet,all_same,256,42,128,768,0.0969,True,False
T_MRS,triplet,all_same,256,137,128,768,0.0927,True,False
T_MRS,triplet,all_same,256,1618,128,768,0.1093,True,False
T_MRS,triplet,all_same,256,2718,128,768,0.1061,True,False
T_MRS,triplet,all_same,256,3141,128,768,0.1059,True,False
T_MRS,triplet,all_same,256,9973,128,768,0.1062,True,False
T_MRS,triplet,all_same,256,31337,128,768,0.1064,True,False
T_MRS,triplet,all_same,256,65537,128,768,0.1045,True,False
T_MSB,triplet,all_same,256,42,16384,256,0.8957,True,False
T_MSB,triplet,all_same,256,137,16384,256,0.8023,True,False
T_MSB,triplet,all_same,256,1618,16384,256,0.8103,True,False
T_MSB,triplet,all_same,256,2718,16384,256,0.7931,True,False
T_MSB,triplet,all_same,256,3141,16384,256,0.8459,True,False
T_MSB,triplet,all_same,256,9973,16384,256,0.8865,True,False
T_MSB,triplet,all_same,256,31337,16384,256,0.9188,True,False
T_MSB,triplet,all_same,256,65537,16384,256,0.9058,True,False
T_MSI,triplet,all_same,256,42,16384,256,0.8079,True,False
T_MSI,triplet,all_same,256,137,16384,256,0.8997,True,False
T_MSI,triplet,all_same,256,1618,16384,256,0.9037,True,False
T_MSI,triplet,all_same,256,2718,16384,256,0.904,True,False
T_MSI,triplet,all_same,256,3141,16384,256,0.9535,True,False
T_MSI,triplet,all_same,256,9973,16384,256,0.8974,True,False
T_MSI,triplet,all_same,256,31337,16384,256,0.886,True,False
T_MSI,triplet,all_same,256,65537,16384,256,0.9068,True,False
T_MSS,triplet,all_same,256,42,16384,256,0.931,True,False
T_MSS,triplet,all_same,256,137,16384,256,0.9003,True,False
T_MSS,triplet,all_same,256,1618,16384,256,0.8961,True,False
T_MSS,triplet,all_same,256,2718,16384,256,0.8917,True,False
T_MSS,triplet,all_same,256,3141,16384,256,0.9011,True,False
T_MSS,triplet,all_same,256,9973,16384,256,0.888,True,False
T_MSS,triplet,all_same,256,31337,16384,256,0.8895,True,False
T_MSS,triplet,all_same,256,65537,16384,256,0.8834,True,False
T_QHB,triplet,all_same,256,42,1009,381,0.1015,True,False
T_QHB,triplet,all_same,256,137,1009,381,0.1008,True,False
T_QHB,triplet,all_same,256,1618,1009,381,0.0996,True,False
T_QHB,triplet,all_same,256,2718,1009,381,0.0998,True,False
T_QHB,triplet,all_same,256,3141,1009,381,0.101,True,False
T_QHB,triplet,all_same,256,9973,1009,381,0.101,True,False
T_QHB,triplet,all_same,256,31337,1009,381,0.0997,True,False
T_QHB,triplet,all_same,256,65537,1009,381,0.1027,True,False
T_QHI,triplet,all_same,256,42,1009,381,0.0996,True,False
T_QHI,triplet,all_same,256,137,1009,381,0.1012,True,False
T_QHI,triplet,all_same,256,1618,1009,381,0.1001,True,False
T_QHI,triplet,all_same,256,2718,1009,381,0.1004,True,False
T_QHI,triplet,all_same,256,3141,1009,381,0.1008,True,False
T_QHI,triplet,all_same,256,9973,1009,381,0.1021,True,False
T_QHI,triplet,all_same,256,31337,1009,381,0.101,True,False
T_QHI,triplet,all_same,256,65537,1009,381,0.0999,True,False
T_QHS,triplet,all_same,256,42,1009,381,0.0997,True,False
T_QHS,triplet,all_same,256,137,1009,381,0.1007,True,False
T_QHS,triplet,all_same,256,1618,1009,381,0.1,True,False
T_QHS,triplet,all_same,256,2718,1009,381,0.1,True,False
T_QHS,triplet,all_same,256,3141,1009,381,0.1,True,False
T_QHS,triplet,all_same,256,9973,1009,381,0.0997,True,False
T_QHS,triplet,all_same,256,31337,1009,381,0.0999,True,False
T_QHS,triplet,all_same,256,65537,1009,381,0.101,True,False
T_QIB,triplet,all_same,256,42,509,128,0.047,True,False
T_QIB,triplet,all_same,256,137,509,128,0.0468,True,False
T_QIB,triplet,all_same,256,1618,509,128,0.0462,True,False
T_QIB,triplet,all_same,256,2718,509,128,0.047,True,False
T_QIB,triplet,all_same,256,3141,509,128,0.0466,True,False
T_QIB,triplet,all_same,256,9973,509,128,0.046,True,False
T_QIB,triplet,all_same,256,31337,509,128,0.0457,True,False
T_QIB,triplet,all_same,256,65537,509,128,0.0463,True,False
T_QII,triplet,all_same,256,42,509,128,0.0462,True,False
T_QII,triplet,all_same,256,137,509,128,0.0456,True,False
T_QII,triplet,all_same,256,1618,509,128,0.0469,True,False
T_QII,triplet,all_same,256,2718,509,128,0.0456,True,False
T_QII,triplet,all_same,256,3141,509,128,0.0456,True,False
T_QII,triplet,all_same,256,9973,509,128,0.0462,True,False
T_QII,triplet,all_same,256,31337,509,128,0.0461,True,False
T_QII,triplet,all_same,256,65537,509,128,0.0473,True,False
T_QIS,triplet,all_same,256,42,509,128,0.0466,True,False
T_QIS,triplet,all_same,256,137,509,128,0.0466,True,False
T_QIS,triplet,all_same,256,1618,509,128,0.0468,True,False
T_QIS,triplet,all_same,256,2718,509,128,0.0475,True,False
T_QIS,triplet,all_same,256,3141,509,128,0.0468,True,False
T_QIS,triplet,all_same,256,9973,509,128,0.0468,True,False
T_QIS,triplet,all_same,256,31337,509,128,0.046,True,False
T_QIS,triplet,all_same,256,65537,509,128,0.0471,True,False
T_QMB,triplet,all_same,256,42,879,893,0.1286,True,False
T_QMB,triplet,all_same,256,137,879,893,0.1255,True,False
T_QMB,triplet,all_same,256,1618,879,893,0.1247,True,False
T_QMB,triplet,all_same,256,2718,879,893,0.1247,True,False
T_QMB,triplet,all_same,256,3141,879,893,0.1259,True,False
T_QMB,triplet,all_same,256,9973,879,893,0.1263,True,False
T_QMB,triplet,all_same,256,31337,879,893,0.1255,True,False
T_QMB,triplet,all_same,256,65537,879,893,0.1258,True,False
T_QMI,triplet,all_same,256,42,879,893,0.1746,True,False
T_QMI,triplet,all_same,256,137,879,893,0.1316,True,False
T_QMI,triplet,all_same,256,1618,879,893,0.1319,True,False
T_QMI,triplet,all_same,256,2718,879,893,0.1322,True,False
T_QMI,triplet,all_same,256,3141,879,893,0.1294,True,False
T_QMI,triplet,all_same,256,9973,879,893,0.1296,True,False
T_QMI,triplet,all_same,256,31337,879,893,0.1309,True,False
T_QMI,triplet,all_same,256,65537,879,893,0.1342,True,False
T_QMS,triplet,all_same,256,42,2545,893,0.2344,True,False
T_QMS,triplet,all_same,256,137,2545,893,0.2367,True,False
T_QMS,triplet,all_same,256,1618,2545,893,0.2343,True,False
T_QMS,triplet,all_same,256,2718,2545,893,0.2362,True,False
T_QMS,triplet,all_same,256,3141,2545,893,0.2333,True,False
T_QMS,triplet,all_same,256,9973,2545,893,0.2351,True,False
T_QMS,triplet,all_same,256,31337,2545,893,0.2346,True,False
T_QMS,triplet,all_same,256,65537,2545,893,0.2423,True,False
T_QQB,triplet,all_same,256,42,1249,512,0.118,True,False
T_QQB,triplet,all_same,256,137,1249,512,0.1172,True,False
T_QQB,triplet,all_same,256,1618,1249,512,0.1189,True,False
T_QQB,triplet,all_same,256,2718,1249,512,0.1183,True,False
T_QQB,triplet,all_same,256,3141,1249,512,0.1193,True,False
T_QQB,triplet,all_same,256,9973,1249,512,0.1195,True,False
T_QQB,triplet,all_same,256,31337,1249,512,0.1186,True,False
T_QQB,triplet,all_same,256,65537,1249,512,0.118,True,False
T_QQI,triplet,all_same,256,42,1249,512,0.1089,True,False
T_QQI,triplet,all_same,256,137,1249,512,0.1222,True,False
T_QQI,triplet,all_same,256,1618,1249,512,0.1119,True,False
T_QQI,triplet,all_same,256,2718,1249,512,0.1088,True,False
T_QQI,triplet,all_same,256,3141,1249,512,0.1084,True,False
T_QQI,triplet,all_same,256,9973,1249,512,0.1202,True,False
T_QQI,triplet,all_same,256,31337,1249,512,0.1138,True,False
T_QQI,triplet,all_same,256,65537,1249,512,0.1105,True,False
T_QQS,triplet,all_same,256,42,2719,512,0.1934,True,False
T_QQS,triplet,all_same,256,137,2719,512,0.2024,True,False
T_QQS,triplet,all_same,256,1618,2719,512,0.2015,True,False
T_QQS,triplet,all_same,256,2718,2719,512,0.1929,True,False
T_QQS,triplet,all_same,256,3141,2719,512,0.1984,True,False
T_QQS,triplet,all_same,256,9973,2719,512,0.1948,True,False
T_QQS,triplet,all_same,256,31337,2719,512,0.1918,True,False
T_QQS,triplet,all_same,256,65537,2719,512,0.193,True,False
T_QRB,triplet,all_same,256,42,256,638,0.1021,True,False
T_QRB,triplet,all_same,256,137,256,638,0.1012,True,False
T_QRB,triplet,all_same,256,1618,256,638,0.1006,True,False
T_QRB,triplet,all_same,256,2718,256,638,0.1016,True,False
T_QRB,triplet,all_same,256,3141,256,638,0.1007,True,False
T_QRB,triplet,all_same,256,9973,256,638,0.106,True,False
T_QRB,triplet,all_same,256,31337,256,638,0.1029,True,False
T_QRB,triplet,all_same,256,65537,256,638,0.1029,True,False
T_QRI,triplet,all_same,256,42,256,638,0.1026,True,False
T_QRI,triplet,all_same,256,137,256,638,0.1048,True,False
T_QRI,triplet,all_same,256,1618,256,638,0.1024,True,False
T_QRI,triplet,all_same,256,2718,256,638,0.1016,True,False
T_QRI,triplet,all_same,256,3141,256,638,0.1064,True,False
T_QRI,triplet,all_same,256,9973,256,638,0.1007,True,False
T_QRI,triplet,all_same,256,31337,256,638,0.1013,True,False
T_QRI,triplet,all_same,256,65537,256,638,0.1016,True,False
T_QRS,triplet,all_same,256,42,256,638,0.1024,True,False
T_QRS,triplet,all_same,256,137,256,638,0.1024,True,False
T_QRS,triplet,all_same,256,1618,256,638,0.1009,True,False
T_QRS,triplet,all_same,256,2718,256,638,0.1009,True,False
T_QRS,triplet,all_same,256,3141,256,638,0.1018,True,False
T_QRS,triplet,all_same,256,9973,256,638,0.0914,True,False
T_QRS,triplet,all_same,256,31337,256,638,0.0909,True,False
T_QRS,triplet,all_same,256,65537,256,638,0.0908,True,False
T_QSB,triplet,all_same,256,42,16385,128,0.7807,True,False
T_QSB,triplet,all_same,256,137,16385,128,0.8072,True,False
T_QSB,triplet,all_same,256,1618,16385,128,0.9148,True,False
T_QSB,triplet,all_same,256,2718,16385,128,0.801,True,False
T_QSB,triplet,all_same,256,3141,16385,128,0.7921,True,False
T_QSB,triplet,all_same,256,9973,16385,128,0.7946,True,False
T_QSB,triplet,all_same,256,31337,16385,128,0.7834,True,False
T_QSB,triplet,all_same,256,65537,16385,128,0.7988,True,False
T_QSI,triplet,all_same,256,42,16385,128,0.8065,True,False
T_QSI,triplet,all_same,256,137,16385,128,0.809,True,False
T_QSI,triplet,all_same,256,1618,16385,128,0.7982,True,False
T_QSI,triplet,all_same,256,2718,16385,128,0.7963,True,False
T_QSI,triplet,all_same,256,3141,16385,128,0.9795,True,False
T_QSI,triplet,all_same,256,9973,16385,128,0.8885,True,False
T_QSI,triplet,all_same,256,31337,16385,128,0.8776,True,False
T_QSI,triplet,all_same,256,65537,16385,128,0.889,True,False
T_QSS,triplet,all_same,256,42,16385,128,0.8788,True,False
T_QSS,triplet,all_same,256,137,16385,128,0.8945,True,False
T_QSS,triplet,all_same,256,1618,16385,128,0.9502,True,False
T_QSS,triplet,all_same,256,2718,16385,128,0.8955,True,False
T_QSS,triplet,all_same,256,3141,16385,128,0.8805,True,False
T_QSS,triplet,all_same,256,9973,16385,128,0.8981,True,False
T_QSS,triplet,all_same,256,31337,16385,128,0.8845,True,False
T_QSS,triplet,all_same,256,65537,16385,128,0.9253,True,False
TimCustom,base,all_same,256,42,632,768,0.1013,True,False
TimCustom,base,all_same,256,137,632,768,0.0996,True,False
TimCustom,base,all_same,256,1618,632,768,0.1004,True,False
TimCustom,base,all_same,256,2718,632,768,0.0999,True,False
TimCustom,base,all_same,256,3141,632,768,0.1003,True,False
TimCustom,base,all_same,256,9973,632,768,0.1007,True,False
TimCustom,base,all_same,256,31337,632,768,0.101,True,False
TimCustom,base,all_same,256,65537,632,768,0.1008,True,False
Bubble,base,few_unique,256,42,32640,13007,1.9378,True,False
Bubble,base,few_unique,256,137,32640,13099,1.9139,True,False
Bubble,base,few_unique,256,1618,32640,13726,1.9462,True,False
Bubble,base,few_unique,256,2718,32640,11353,1.8197,True,False
Bubble,base,few_unique,256,3141,32640,12964,1.8998,True,False
Bubble,base,few_unique,256,9973,32640,12316,1.8948,True,False
Bubble,base,few_unique,256,31337,32640,11645,1.831,True,False
Bubble,base,few_unique,256,65537,32640,12185,1.8892,True,False
Heap,base,few_unique,256,42,2863,1480,0.2375,True,False
Heap,base,few_unique,256,137,2888,1496,0.2391,True,False
Heap,base,few_unique,256,1618,2912,1500,0.2415,True,False
Heap,base,few_unique,256,2718,2903,1513,0.237,True,False
Heap,base,few_unique,256,3141,2948,1526,0.2444,True,False
Heap,base,few_unique,256,9973,2853,1469,0.2333,True,False
Heap,base,few_unique,256,31337,2851,1471,0.2361,True,False
Heap,base,few_unique,256,65537,2909,1518,0.2413,True,False
Hybrid_Intro,hybrid,few_unique,256,42,1531,417,0.1354,True,False
Hybrid_Intro,hybrid,few_unique,256,137,1574,441,0.1406,True,False
Hybrid_Intro,hybrid,few_unique,256,1618,1420,450,0.1302,True,False
Hybrid_Intro,hybrid,few_unique,256,2718,1490,420,0.1324,True,False
Hybrid_Intro,hybrid,few_unique,256,3141,1464,434,0.1299,True,False
Hybrid_Intro,hybrid,few_unique,256,9973,1456,447,0.1308,True,False
Hybrid_Intro,hybrid,few_unique,256,31337,1519,417,0.1339,True,False
Hybrid_Intro,hybrid,few_unique,256,65537,1438,411,0.1283,True,False
Hybrid_MI,hybrid,few_unique,256,42,1926,1202,0.2196,True,False
Hybrid_MI,hybrid,few_unique,256,137,1854,1193,0.2172,True,False
Hybrid_MI,hybrid,few_unique,256,1618,1898,1193,0.2176,True,False
Hybrid_MI,hybrid,few_unique,256,2718,1892,1195,0.2187,True,False
Hybrid_MI,hybrid,few_unique,256,3141,1894,1190,0.2165,True,False
Hybrid_MI,hybrid,few_unique,256,9973,1888,1200,0.2205,True,False
Hybrid_MI,hybrid,few_unique,256,31337,1863,1184,0.2174,True,False
Hybrid_MI,hybrid,few_unique,256,65537,1946,1207,0.2226,True,False
Hybrid_QI,hybrid,few_unique,256,42,1531,417,0.1334,True,False
Hybrid_QI,hybrid,few_unique,256,137,1574,441,0.1356,True,False
Hybrid_QI,hybrid,few_unique,256,1618,1420,450,0.1281,True,False
Hybrid_QI,hybrid,few_unique,256,2718,1490,420,0.13,True,False
Hybrid_QI,hybrid,few_unique,256,3141,1464,434,0.1286,True,False
Hybrid_QI,hybrid,few_unique,256,9973,1456,447,0.1303,True,False
Hybrid_QI,hybrid,few_unique,256,31337,1519,417,0.1331,True,False
Hybrid_QI,hybrid,few_unique,256,65537,1438,411,0.1304,True,False
Hybrid_RI,hybrid,few_unique,256,42,0,256,0.0401,True,False
Hybrid_RI,hybrid,few_unique,256,137,0,256,0.0387,True,False
Hybrid_RI,hybrid,few_unique,256,1618,0,256,0.0385,True,False
Hybrid_RI,hybrid,few_unique,256,2718,0,256,0.039,True,False
Hybrid_RI,hybrid,few_unique,256,3141,0,256,0.039,True,False
Hybrid_RI,hybrid,few_unique,256,9973,0,256,0.0386,True,False
Hybrid_RI,hybrid,few_unique,256,31337,0,256,0.0395,True,False
Hybrid_RI,hybrid,few_unique,256,65537,0,256,0.0393,True,False
Insertion,base,few_unique,256,42,13262,13210,0.9408,True,False
Insertion,base,few_unique,256,137,13354,13300,0.9578,True,False
Insertion,base,few_unique,256,1618,13981,13918,0.9699,True,False
Insertion,base,few_unique,256,2718,11607,11562,0.8419,True,False
Insertion,base,few_unique,256,3141,13217,13170,0.9358,True,False
Insertion,base,few_unique,256,9973,12568,12524,0.8909,True,False
Insertion,base,few_unique,256,31337,11898,11842,0.8389,True,False
Insertion,base,few_unique,256,65537,12439,12387,0.8774,True,False
Merge,base,few_unique,256,42,1649,2048,0.3248,True,False
Merge,base,few_unique,256,137,1637,2048,0.3181,True,False
Merge,base,few_unique,256,1618,1617,2048,0.3185,True,False
Merge,base,few_unique,256,2718,1639,2048,0.3207,True,False
Merge,base,few_unique,256,3141,1646,2048,0.3217,True,False
Merge,base,few_unique,256,9973,1643,2048,0.3228,True,False
Merge,base,few_unique,256,31337,1607,2048,0.3184,True,False
Merge,base,few_unique,256,65537,1633,2048,0.3235,True,False
Quick,base,few_unique,256,42,1806,653,0.1775,True,False
Quick,base,few_unique,256,137,1860,664,0.181,True,False
Quick,base,few_unique,256,1618,1706,675,0.1743,True,False
Quick,base,few_unique,256,2718,1779,654,0.1761,True,False
Quick,base,few_unique,256,3141,1751,665,0.1744,True,False
Quick,base,few_unique,256,9973,1739,672,0.1764,True,False
Quick,base,few_unique,256,31337,1817,648,0.1797,True,False
Quick,base,few_unique,256,65537,1748,648,0.175,True,False
Radix,base,few_unique,256,42,0,256,0.0378,True,False
Radix,base,few_unique,256,137,0,256,0.0368,True,False
Radix,base,few_unique,256,1618,0,256,0.037,True,False
Radix,base,few_unique,256,2718,0,256,0.0378,True,False
Radix,base,few_unique,256,3141,0,256,0.0376,True,False
Radix,base,few_unique,256,9973,0,256,0.0383,True,False
Radix,base,few_unique,256,31337,0,256,0.0376,True,False
Radix,base,few_unique,256,65537,0,256,0.0369,True,False
Selection,base,few_unique,256,42,32640,203,1.1914,True,False
Selection,base,few_unique,256,137,32640,203,1.1681,True,False
Selection,base,few_unique,256,1618,32640,193,1.1785,True,False
Selection,base,few_unique,256,2718,32640,214,1.1853,True,False
Selection,base,few_unique,256,3141,32640,212,1.1979,True,False
Selection,base,few_unique,256,9973,32640,209,1.2155,True,False
Selection,base,few_unique,256,31337,32640,196,1.2108,True,False
Selection,base,few_unique,256,65537,32640,201,1.188,True,False
T_MHB,triplet,few_unique,256,42,2707,1538,0.3006,True,False
T_MHB,triplet,few_unique,256,137,2785,1592,0.3078,True,False
T_MHB,triplet,few_unique,256,1618,2746,1587,0.3105,True,False
T_MHB,triplet,few_unique,256,2718,2710,1548,0.3058,True,False
T_MHB,triplet,few_unique,256,3141,2739,1547,0.2967,True,False
T_MHB,triplet,few_unique,256,9973,2680,1525,0.294,True,False
T_MHB,triplet,few_unique,256,31337,2681,1541,0.2938,True,False
T_MHB,triplet,few_unique,256,65537,2718,1553,0.2972,True,False
T_MHI,triplet,few_unique,256,42,2707,1538,0.2988,True,False
T_MHI,triplet,few_unique,256,137,2785,1592,0.2723,True,False
T_MHI,triplet,few_unique,256,1618,2746,1587,0.2689,True,False
T_MHI,triplet,few_unique,256,2718,2710,1548,0.2939,True,False
T_MHI,triplet,few_unique,256,3141,2739,1547,0.2924,True,False
T_MHI,triplet,few_unique,256,9973,2680,1525,0.2919,True,False
T_MHI,triplet,few_unique,256,31337,2681,1541,0.2971,True,False
T_MHI,triplet,few_unique,256,65537,2718,1553,0.2984,True,False
T_MHS,triplet,few_unique,256,42,2707,1538,0.2969,True,False
T_MHS,triplet,few_unique,256,137,2785,1592,0.3103,True,False
T_MHS,triplet,few_unique,256,1618,2746,1587,0.3024,True,False
T_MHS,triplet,few_unique,256,2718,2710,1548,0.2958,True,False
T_MHS,triplet,few_unique,256,3141,2739,1547,0.2924,True,False
T_MHS,triplet,few_unique,256,9973,2680,1525,0.2816,True,False
T_MHS,triplet,few_unique,256,31337,2681,1541,0.2818,True,False
T_MHS,triplet,few_unique,256,65537,2718,1553,0.2637,True,False
T_MIB,triplet,few_unique,256,42,6679,6450,0.6915,True,False
T_MIB,triplet,few_unique,256,137,6879,6649,0.7507,True,False
T_MIB,triplet,few_unique,256,1618,7206,6984,0.7573,True,False
T_MIB,triplet,few_unique,256,2718,6405,6183,0.6698,True,False
T_MIB,triplet,few_unique,256,3141,7137,6909,0.7455,True,False
T_MIB,triplet,few_unique,256,9973,6600,6372,0.6896,True,False
T_MIB,triplet,few_unique,256,31337,6843,6629,0.7554,True,False
T_MIB,triplet,few_unique,256,65537,6954,6732,0.7262,True,False
T_MII,triplet,few_unique,256,42,6679,6450,0.7301,True,False
T_MII,triplet,few_unique,256,137,6879,6649,0.7224,True,False
T_MII,triplet,few_unique,256,1618,7206,6984,0.74,True,False
T_MII,triplet,few_unique,256,2718,6405,6183,0.6832,True,False
T_MII,triplet,few_unique,256,3141,7137,6909,0.7323,True,False
T_MII,triplet,few_unique,256,9973,6600,6372,0.6442,True,False
T_MII,triplet,few_unique,256,31337,6843,6629,0.641,True,False
T_MII,triplet,few_unique,256,65537,6954,6732,0.6345,True,False
T_MIS,triplet,few_unique,256,42,6679,6450,0.6225,True,False
T_MIS,triplet,few_unique,256,137,6879,6649,0.6944,True,False
T_MIS,triplet,few_unique,256,1618,7206,6984,0.7174,True,False
T_MIS,triplet,few_unique,256,2718,6405,6183,0.6692,True,False
T_MIS,triplet,few_unique,256,3141,7137,6909,0.6647,True,False
T_MIS,triplet,few_unique,256,9973,6600,6372,0.6113,True,False
T_MIS,triplet,few_unique,256,31337,6843,6629,0.639,True,False
T_MIS,triplet,few_unique,256,65537,6954,6732,0.7386,True,False
T_MMB,triplet,few_unique,256,42,2585,1807,0.2756,True,False
T_MMB,triplet,few_unique,256,137,2580,1728,0.2946,True,False
T_MMB,triplet,few_unique,256,1618,2646,1806,0.2775,True,False
T_MMB,triplet,few_unique,256,2718,2638,1776,0.2771,True,False
T_MMB,triplet,few_unique,256,3141,2664,1773,0.2767,True,False
T_MMB,triplet,few_unique,256,9973,2656,1766,0.2773,True,False
T_MMB,triplet,few_unique,256,31337,2626,1766,0.275,True,False
T_MMB,triplet,few_unique,256,65537,2664,1846,0.2831,True,False
T_MMI,triplet,few_unique,256,42,1926,1807,0.2178,True,False
T_MMI,triplet,few_unique,256,137,1854,1728,0.2099,True,False
T_MMI,triplet,few_unique,256,1618,1898,1806,0.2141,True,False
T_MMI,triplet,few_unique,256,2718,1892,1776,0.2095,True,False
T_MMI,triplet,few_unique,256,3141,1894,1773,0.2457,True,False
T_MMI,triplet,few_unique,256,9973,1888,1766,0.2391,True,False
T_MMI,triplet,few_unique,256,31337,1863,1766,0.2377,True,False
T_MMI,triplet,few_unique,256,65537,1946,1846,0.2476,True,False
T_MMS,triplet,few_unique,256,42,2844,1201,0.285,True,False
T_MMS,triplet,few_unique,256,137,2846,1191,0.2832,True,False
T_MMS,triplet,few_unique,256,1618,2824,1188,0.2905,True,False
T_MMS,triplet,few_unique,256,2718,2840,1200,0.2869,True,False
T_MMS,triplet,few_unique,256,3141,2840,1188,0.2847,True,False
T_MMS,triplet,few_unique,256,9973,2848,1195,0.2825,True,False
T_MMS,triplet,few_unique,256,31337,2817,1185,0.2807,True,False
T_MMS,triplet,few_unique,256,65537,2823,1190,0.2829,True,False
T_MQB,triplet,few_unique,256,42,1666,679,0.1704,True,False
T_MQB,triplet,few_unique,256,137,1713,675,0.1726,True,False
T_MQB,triplet,few_unique,256,1618,1675,703,0.1743,True,False
T_MQB,triplet,few_unique,256,2718,1719,728,0.1806,True,False
T_MQB,triplet,few_unique,256,3141,1724,734,0.1775,True,False
T_MQB,triplet,few_unique,256,9973,1783,712,0.1778,True,False
T_MQB,triplet,few_unique,256,31337,1660,673,0.1683,True,False
T_MQB,triplet,few_unique,256,65537,1734,710,0.1762,True,False
T_MQI,triplet,few_unique,256,42,1517,679,0.1599,True,False
T_MQI,triplet,few_unique,256,137,1501,675,0.1594,True,False
T_MQI,triplet,few_unique,256,1618,1508,703,0.1604,True,False
T_MQI,triplet,few_unique,256,2718,1538,728,0.1636,True,False
T_MQI,triplet,few_unique,256,3141,1490,734,0.1594,True,False
T_MQI,triplet,few_unique,256,9973,1542,712,0.1631,True,False
T_MQI,triplet,few_unique,256,31337,1508,673,0.1589,True,False
T_MQI,triplet,few_unique,256,65537,1490,710,0.1592,True,False
T_MQS,triplet,few_unique,256,42,2366,613,0.2159,True,False
T_MQS,triplet,few_unique,256,137,2334,614,0.2159,True,False
T_MQS,triplet,few_unique,256,1618,2307,635,0.2172,True,False
T_MQS,triplet,few_unique,256,2718,2336,622,0.2166,True,False
T_MQS,triplet,few_unique,256,3141,2360,630,0.2164,True,False
T_MQS,triplet,few_unique,256,9973,2430,625,0.2199,True,False
T_MQS,triplet,few_unique,256,31337,2340,617,0.218,True,False
T_MQS,triplet,few_unique,256,65537,2277,624,0.2167,True,False
T_MRB,triplet,few_unique,256,42,231,512,0.075,True,False
T_MRB,triplet,few_unique,256,137,233,512,0.0746,True,False
T_MRB,triplet,few_unique,256,1618,226,512,0.0734,True,False
T_MRB,triplet,few_unique,256,2718,226,512,0.0729,True,False
T_MRB,triplet,few_unique,256,3141,233,512,0.0731,True,False
T_MRB,triplet,few_unique,256,9973,234,512,0.0731,True,False
T_MRB,triplet,few_unique,256,31337,219,512,0.0723,True,False
T_MRB,triplet,few_unique,256,65537,225,512,0.0728,True,False
T_MRI,triplet,few_unique,256,42,231,512,0.0747,True,False
T_MRI,triplet,few_unique,256,137,233,512,0.0775,True,False
T_MRI,triplet,few_unique,256,1618,226,512,0.0731,True,False
T_MRI,triplet,few_unique,256,2718,226,512,0.0723,True,False
T_MRI,triplet,few_unique,256,3141,233,512,0.0732,True,False
T_MRI,triplet,few_unique,256,9973,234,512,0.0743,True,False
T_MRI,triplet,few_unique,256,31337,219,512,0.0725,True,False
T_MRI,triplet,few_unique,256,65537,225,512,0.0731,True,False
T_MRS,triplet,few_unique,256,42,231,512,0.0773,True,False
T_MRS,triplet,few_unique,256,137,233,512,0.0734,True,False
T_MRS,triplet,few_unique,256,1618,226,512,0.0742,True,False
T_MRS,triplet,few_unique,256,2718,226,512,0.0726,True,False
T_MRS,triplet,few_unique,256,3141,233,512,0.074,True,False
T_MRS,triplet,few_unique,256,9973,234,512,0.0739,True,False
T_MRS,triplet,few_unique,256,31337,219,512,0.0725,True,False
T_MRS,triplet,few_unique,256,65537,225,512,0.0724,True,False
T_MSB,triplet,few_unique,256,42,16487,453,0.9708,True,False
T_MSB,triplet,few_unique,256,137,16489,459,0.9994,True,False
T_MSB,triplet,few_unique,256,1618,16482,441,0.9834,True,False
T_MSB,triplet,few_unique,256,2718,16482,465,0.9628,True,False
T_MSB,triplet,few_unique,256,3141,16489,467,1.0224,True,False
T_MSB,triplet,few_unique,256,9973,16490,462,0.959,True,False
T_MSB,triplet,few_unique,256,31337,16475,448,0.9673,True,False
T_MSB,triplet,few_unique,256,65537,16481,454,0.9495,True,False
T_MSI,triplet,few_unique,256,42,16487,453,0.8547,True,False
T_MSI,triplet,few_unique,256,137,16489,459,0.8623,True,False
T_MSI,triplet,few_unique,256,1618,16482,441,0.9775,True,False
T_MSI,triplet,few_unique,256,2718,16482,465,0.9651,True,False
T_MSI,triplet,few_unique,256,3141,16489,467,0.9787,True,False
T_MSI,triplet,few_unique,256,9973,16490,462,0.9923,True,False
T_MSI,triplet,few_unique,256,31337,16475,448,0.9855,True,False
T_MSI,triplet,few_unique,256,65537,16481,454,0.9673,True,False
T_MSS,triplet,few_unique,256,42,16487,453,0.9902,True,False
T_MSS,triplet,few_unique,256,137,16489,459,1.0555,True,False
T_MSS,triplet,few_unique,256,1618,16482,441,0.9666,True,False
T_MSS,triplet,few_unique,256,2718,16482,465,0.9862,True,False
T_MSS,triplet,few_unique,256,3141,16489,467,0.9746,True,False
T_MSS,triplet,few_unique,256,9973,16490,462,1.0041,True,False
T_MSS,triplet,few_unique,256,31337,16475,448,0.9584,True,False
T_MSS,triplet,few_unique,256,65537,16481,454,0.9646,True,False
T_QHB,triplet,few_unique,256,42,2056,850,0.1858,True,False
T_QHB,triplet,few_unique,256,137,2128,844,0.2042,True,False
T_QHB,triplet,few_unique,256,1618,2172,991,0.2262,True,False
T_QHB,triplet,few_unique,256,2718,2136,949,0.222,True,False
T_QHB,triplet,few_unique,256,3141,2113,927,0.2159,True,False
T_QHB,triplet,few_unique,256,9973,2142,950,0.2214,True,False
T_QHB,triplet,few_unique,256,31337,2178,925,0.2207,True,False
T_QHB,triplet,few_unique,256,65537,2109,931,0.219,True,False
T_QHI,triplet,few_unique,256,42,2056,850,0.2076,True,False
T_QHI,triplet,few_unique,256,137,2128,844,0.2149,True,False
T_QHI,triplet,few_unique,256,1618,2172,991,0.2239,True,False
T_QHI,triplet,few_unique,256,2718,2136,949,0.2195,True,False
T_QHI,triplet,few_unique,256,3141,2113,927,0.2145,True,False
T_QHI,triplet,few_unique,256,9973,2142,950,0.2207,True,False
T_QHI,triplet,few_unique,256,31337,2178,925,0.2205,True,False
T_QHI,triplet,few_unique,256,65537,2109,931,0.2164,True,False
T_QHS,triplet,few_unique,256,42,2056,850,0.2076,True,False
T_QHS,triplet,few_unique,256,137,2128,844,0.2095,True,False
T_QHS,triplet,few_unique,256,1618,2172,991,0.2226,True,False
T_QHS,triplet,few_unique,256,2718,2136,949,0.2188,True,False
T_QHS,triplet,few_unique,256,3141,2113,927,0.2157,True,False
T_QHS,triplet,few_unique,256,9973,2142,950,0.2274,True,False
T_QHS,triplet,few_unique,256,31337,2178,925,0.2185,True,False
T_QHS,triplet,few_unique,256,65537,2109,931,0.2219,True,False
T_QIB,triplet,few_unique,256,42,2944,2280,0.311,True,False
T_QIB,triplet,few_unique,256,137,2745,1999,0.2702,True,False
T_QIB,triplet,few_unique,256,1618,3812,3299,0.4028,True,False
T_QIB,triplet,few_unique,256,2718,3188,2635,0.3254,True,False
T_QIB,triplet,few_unique,256,3141,3617,3060,0.3672,True,False
T_QIB,triplet,few_unique,256,9973,3387,2831,0.3427,True,False
T_QIB,triplet,few_unique,256,31337,4448,3837,0.4427,True,False
T_QIB,triplet,few_unique,256,65537,3545,2995,0.351,True,False
T_QII,triplet,few_unique,256,42,2944,2280,0.2911,True,False
T_QII,triplet,few_unique,256,137,2745,1999,0.2685,True,False
T_QII,triplet,few_unique,256,1618,3812,3299,0.3886,True,False
T_QII,triplet,few_unique,256,2718,3188,2635,0.3193,True,False
T_QII,triplet,few_unique,256,3141,3617,3060,0.36,True,False
T_QII,triplet,few_unique,256,9973,3387,2831,0.3374,True,False
T_QII,triplet,few_unique,256,31337,4448,3837,0.4447,True,False
T_QII,triplet,few_unique,256,65537,3545,2995,0.3576,True,False
T_QIS,triplet,few_unique,256,42,2944,2280,0.2912,True,False
T_QIS,triplet,few_unique,256,137,2745,1999,0.2644,True,False
T_QIS,triplet,few_unique,256,1618,3812,3299,0.3855,True,False
T_QIS,triplet,few_unique,256,2718,3188,2635,0.3196,True,False
T_QIS,triplet,few_unique,256,3141,3617,3060,0.3644,True,False
T_QIS,triplet,few_unique,256,9973,3387,2831,0.3485,True,False
T_QIS,triplet,few_unique,256,31337,4448,3837,0.4527,True,False
T_QIS,triplet,few_unique,256,65537,3545,2995,0.3562,True,False
T_QMB,triplet,few_unique,256,42,2018,1119,0.2321,True,False
T_QMB,triplet,few_unique,256,137,1926,1057,0.2197,True,False
T_QMB,triplet,few_unique,256,1618,2143,1237,0.2427,True,False
T_QMB,triplet,few_unique,256,2718,2060,1262,0.2435,True,False
T_QMB,triplet,few_unique,256,3141,2089,1209,0.2412,True,False
T_QMB,triplet,few_unique,256,9973,2052,1220,0.2412,True,False
T_QMB,triplet,few_unique,256,31337,2180,1249,0.2478,True,False
T_QMB,triplet,few_unique,256,65537,1927,1190,0.2279,True,False
T_QMI,triplet,few_unique,256,42,1598,1119,0.1919,True,False
T_QMI,triplet,few_unique,256,137,1615,1057,0.1911,True,False
T_QMI,triplet,few_unique,256,1618,1565,1237,0.1941,True,False
T_QMI,triplet,few_unique,256,2718,1636,1262,0.2031,True,False
T_QMI,triplet,few_unique,256,3141,1579,1209,0.1915,True,False
T_QMI,triplet,few_unique,256,9973,1593,1220,0.1993,True,False
T_QMI,triplet,few_unique,256,31337,1744,1249,0.2114,True,False
T_QMI,triplet,few_unique,256,65537,1555,1190,0.1987,True,False
T_QMS,triplet,few_unique,256,42,2310,940,0.2434,True,False
T_QMS,triplet,few_unique,256,137,2371,908,0.2434,True,False
T_QMS,triplet,few_unique,256,1618,2472,951,0.2498,True,False
T_QMS,triplet,few_unique,256,2718,2292,1014,0.2467,True,False
T_QMS,triplet,few_unique,256,3141,2496,939,0.2456,True,False
T_QMS,triplet,few_unique,256,9973,2307,1008,0.2454,True,False
T_QMS,triplet,few_unique,256,31337,2618,954,0.2627,True,False
T_QMS,triplet,few_unique,256,65537,2265,1000,0.2428,True,False
T_QQB,triplet,few_unique,256,42,1614,505,0.1504,True,False
T_QQB,triplet,few_unique,256,137,1627,482,0.1512,True,False
T_QQB,triplet,few_unique,256,1618,1519,502,0.1449,True,False
T_QQB,triplet,few_unique,256,2718,1601,485,0.1492,True,False
T_QQB,triplet,few_unique,256,3141,1524,493,0.1478,True,False
T_QQB,triplet,few_unique,256,9973,1523,494,0.1569,True,False
T_QQB,triplet,few_unique,256,31337,1628,475,0.1503,True,False
T_QQB,triplet,few_unique,256,65537,1558,477,0.146,True,False
T_QQI,triplet,few_unique,256,42,1531,505,0.1487,True,False
T_QQI,triplet,few_unique,256,137,1574,482,0.1513,True,False
T_QQI,triplet,few_unique,256,1618,1420,502,0.1411,True,False
T_QQI,triplet,few_unique,256,2718,1490,485,0.1512,True,False
T_QQI,triplet,few_unique,256,3141,1464,493,0.143,True,False
T_QQI,triplet,few_unique,256,9973,1456,494,0.143,True,False
T_QQI,triplet,few_unique,256,31337,1519,475,0.1442,True,False
T_QQI,triplet,few_unique,256,65537,1438,477,0.1389,True,False
T_QQS,triplet,few_unique,256,42,2562,443,0.2154,True,False
T_QQS,triplet,few_unique,256,137,2405,461,0.2084,True,False
T_QQS,triplet,few_unique,256,1618,2376,473,0.2045,True,False
T_QQS,triplet,few_unique,256,2718,2494,440,0.2091,True,False
T_QQS,triplet,few_unique,256,3141,2434,456,0.2043,True,False
T_QQS,triplet,few_unique,256,9973,2329,462,0.2017,True,False
T_QQS,triplet,few_unique,256,31337,2544,433,0.2092,True,False
T_QQS,triplet,few_unique,256,65537,2583,428,0.2118,True,False
T_QRB,triplet,few_unique,256,42,568,365,0.0867,True,False
T_QRB,triplet,few_unique,256,137,645,357,0.0893,True,False
T_QRB,triplet,few_unique,256,1618,397,387,0.0808,True,False
T_QRB,triplet,few_unique,256,2718,425,373,0.0814,True,False
T_QRB,triplet,few_unique,256,3141,427,374,0.0796,True,False
T_QRB,triplet,few_unique,256,9973,434,381,0.0815,True,False
T_QRB,triplet,few_unique,256,31337,470,362,0.0823,True,False
T_QRB,triplet,few_unique,256,65537,426,379,0.0802,True,False
T_QRI,triplet,few_unique,256,42,568,365,0.0871,True,False
T_QRI,triplet,few_unique,256,137,645,357,0.0921,True,False
T_QRI,triplet,few_unique,256,1618,397,387,0.0807,True,False
T_QRI,triplet,few_unique,256,2718,425,373,0.0831,True,False
T_QRI,triplet,few_unique,256,3141,427,374,0.081,True,False
T_QRI,triplet,few_unique,256,9973,434,381,0.0816,True,False
T_QRI,triplet,few_unique,256,31337,470,362,0.0845,True,False
T_QRI,triplet,few_unique,256,65537,426,379,0.0814,True,False
T_QRS,triplet,few_unique,256,42,568,365,0.0866,True,False
T_QRS,triplet,few_unique,256,137,645,357,0.0962,True,False
T_QRS,triplet,few_unique,256,1618,397,387,0.0792,True,False
T_QRS,triplet,few_unique,256,2718,425,373,0.0798,True,False
T_QRS,triplet,few_unique,256,3141,427,374,0.0788,True,False
T_QRS,triplet,few_unique,256,9973,434,381,0.0805,True,False
T_QRS,triplet,few_unique,256,31337,470,362,0.0826,True,False
T_QRS,triplet,few_unique,256,65537,426,379,0.0802,True,False
T_QSB,triplet,few_unique,256,42,9365,280,0.557,True,False
T_QSB,triplet,few_unique,256,137,9516,261,0.564,True,False
T_QSB,triplet,few_unique,256,1618,11955,267,0.7197,True,False
T_QSB,triplet,few_unique,256,2718,11295,271,0.6659,True,False
T_QSB,triplet,few_unique,256,3141,12078,255,0.7084,True,False
T_QSB,triplet,few_unique,256,9973,11390,282,0.6799,True,False
T_QSB,triplet,few_unique,256,31337,12580,282,0.739,True,False
T_QSB,triplet,few_unique,256,65537,11112,272,0.6505,True,False
T_QSI,triplet,few_unique,256,42,9365,280,0.5602,True,False
T_QSI,triplet,few_unique,256,137,9516,261,0.56,True,False
T_QSI,triplet,few_unique,256,1618,11955,267,0.6939,True,False
T_QSI,triplet,few_unique,256,2718,11295,271,0.661,True,False
T_QSI,triplet,few_unique,256,3141,12078,255,0.6994,True,False
T_QSI,triplet,few_unique,256,9973,11390,282,0.6589,True,False
T_QSI,triplet,few_unique,256,31337,12580,282,0.7384,True,False
T_QSI,triplet,few_unique,256,65537,11112,272,0.6524,True,False
T_QSS,triplet,few_unique,256,42,9365,280,0.5511,True,False
T_QSS,triplet,few_unique,256,137,9516,261,0.5579,True,False
T_QSS,triplet,few_unique,256,1618,11955,267,0.6895,True,False
T_QSS,triplet,few_unique,256,2718,11295,271,0.6621,True,False
T_QSS,triplet,few_unique,256,3141,12078,255,0.7133,True,False
T_QSS,triplet,few_unique,256,9973,11390,282,0.6657,True,False
T_QSS,triplet,few_unique,256,31337,12580,282,0.7481,True,False
T_QSS,triplet,few_unique,256,65537,11112,272,0.6466,True,False
TimCustom,base,few_unique,256,42,2427,2449,0.2752,True,False
TimCustom,base,few_unique,256,137,2559,2586,0.2884,True,False
TimCustom,base,few_unique,256,1618,2488,2519,0.273,True,False
TimCustom,base,few_unique,256,2718,2505,2530,0.2802,True,False
TimCustom,base,few_unique,256,3141,2436,2449,0.279,True,False
TimCustom,base,few_unique,256,9973,2429,2452,0.2756,True,False
TimCustom,base,few_unique,256,31337,2552,2585,0.2812,True,False
TimCustom,base,few_unique,256,65537,2497,2533,0.2749,True,False
Bubble,base,interleaved,256,42,32640,0,1.3198,True,False
Bubble,base,interleaved,256,137,32640,0,1.2631,True,False
Bubble,base,interleaved,256,1618,32640,0,1.2914,True,False
Bubble,base,interleaved,256,2718,32640,0,1.2083,True,False
Bubble,base,interleaved,256,3141,32640,0,1.2645,True,False
Bubble,base,interleaved,256,9973,32640,0,1.3185,True,False
Bubble,base,interleaved,256,31337,32640,0,1.1564,True,False
Bubble,base,interleaved,256,65537,32640,0,1.2411,True,False
Heap,base,interleaved,256,42,3452,1972,0.2959,True,False
Heap,base,interleaved,256,137,3452,1972,0.3101,True,False
Heap,base,interleaved,256,1618,3452,1972,0.2972,True,False
Heap,base,interleaved,256,2718,3452,1972,0.2921,True,False
Heap,base,interleaved,256,3141,3452,1972,0.266,True,False
Heap,base,interleaved,256,9973,3452,1972,0.2606,True,False
Heap,base,interleaved,256,31337,3452,1972,0.2639,True,False
Heap,base,interleaved,256,65537,3452,1972,0.2618,True,False
Hybrid_Intro,hybrid,interleaved,256,42,1253,30,0.0804,True,False
Hybrid_Intro,hybrid,interleaved,256,137,1253,30,0.0797,True,False
Hybrid_Intro,hybrid,interleaved,256,1618,1253,30,0.08,True,False
Hybrid_Intro,hybrid,interleaved,256,2718,1253,30,0.0801,True,False
Hybrid_Intro,hybrid,interleaved,256,3141,1253,30,0.0796,True,False
Hybrid_Intro,hybrid,interleaved,256,9973,1253,30,0.0801,True,False
Hybrid_Intro,hybrid,interleaved,256,31337,1253,30,0.0796,True,False
Hybrid_Intro,hybrid,interleaved,256,65537,1253,30,0.0804,True,False
Hybrid_MI,hybrid,interleaved,256,42,752,1024,0.1163,True,False
Hybrid_MI,hybrid,interleaved,256,137,752,1024,0.1168,True,False
Hybrid_MI,hybrid,interleaved,256,1618,752,1024,0.1174,True,False
Hybrid_MI,hybrid,interleaved,256,2718,752,1024,0.1173,True,False
Hybrid_MI,hybrid,interleaved,256,3141,752,1024,0.1169,True,False
Hybrid_MI,hybrid,interleaved,256,9973,752,1024,0.1167,True,False
Hybrid_MI,hybrid,interleaved,256,31337,752,1024,0.1165,True,False
Hybrid_MI,hybrid,interleaved,256,65537,752,1024,0.1168,True,False
Hybrid_QI,hybrid,interleaved,256,42,1253,30,0.0929,True,False
Hybrid_QI,hybrid,interleaved,256,137,1253,30,0.0917,True,False
Hybrid_QI,hybrid,interleaved,256,1618,1253,30,0.0828,True,False
Hybrid_QI,hybrid,interleaved,256,2718,1253,30,0.0786,True,False
Hybrid_QI,hybrid,interleaved,256,3141,1253,30,0.0807,True,False
Hybrid_QI,hybrid,interleaved,256,9973,1253,30,0.0798,True,False
Hybrid_QI,hybrid,interleaved,256,31337,1253,30,0.0805,True,False
Hybrid_QI,hybrid,interleaved,256,65537,1253,30,0.0794,True,False
Hybrid_RI,hybrid,interleaved,256,42,0,768,0.0953,True,False
Hybrid_RI,hybrid,interleaved,256,137,0,768,0.0951,True,False
Hybrid_RI,hybrid,interleaved,256,1618,0,768,0.1069,True,False
Hybrid_RI,hybrid,interleaved,256,2718,0,768,0.1072,True,False
Hybrid_RI,hybrid,interleaved,256,3141,0,768,0.1043,True,False
Hybrid_RI,hybrid,interleaved,256,9973,0,768,0.1029,True,False
Hybrid_RI,hybrid,interleaved,256,31337,0,768,0.0963,True,False
Hybrid_RI,hybrid,interleaved,256,65537,0,768,0.0952,True,False
Insertion,base,interleaved,256,42,255,0,0.0198,True,False
Insertion,base,interleaved,256,137,255,0,0.02,True,False
Insertion,base,interleaved,256,1618,255,0,0.019,True,False
Insertion,base,interleaved,256,2718,255,0,0.0194,True,False
Insertion,base,interleaved,256,3141,255,0,0.0178,True,False
Insertion,base,interleaved,256,9973,255,0,0.0176,True,False
Insertion,base,interleaved,256,31337,255,0,0.0197,True,False
Insertion,base,interleaved,256,65537,255,0,0.0198,True,False
Merge,base,interleaved,256,42,1024,2048,0.2617,True,False
Merge,base,interleaved,256,137,1024,2048,0.2821,True,False
Merge,base,interleaved,256,1618,1024,2048,0.282,True,False
Merge,base,interleaved,256,2718,1024,2048,0.2833,True,False
Merge,base,interleaved,256,3141,1024,2048,0.2821,True,False
Merge,base,interleaved,256,9973,1024,2048,0.2822,True,False
Merge,base,interleaved,256,31337,1024,2048,0.2819,True,False
Merge,base,interleaved,256,65537,1024,2048,0.2842,True,False
Quick,base,interleaved,256,42,1674,128,0.1349,True,False
Quick,base,interleaved,256,137,1674,128,0.1344,True,False
Quick,base,interleaved,256,1618,1674,128,0.1331,True,False
Quick,base,interleaved,256,2718,1674,128,0.1326,True,False
Quick,base,interleaved,256,3141,1674,128,0.1325,True,False
Quick,base,interleaved,256,9973,1674,128,0.1407,True,False
Quick,base,interleaved,256,31337,1674,128,0.1321,True,False
Quick,base,interleaved,256,65537,1674,128,0.1323,True,False
Radix,base,interleaved,256,42,0,768,0.1042,True,False
Radix,base,interleaved,256,137,0,768,0.1055,True,False
Radix,base,interleaved,256,1618,0,768,0.1043,True,False
Radix,base,interleaved,256,2718,0,768,0.105,True,False
Radix,base,interleaved,256,3141,0,768,0.1049,True,False
Radix,base,interleaved,256,9973,0,768,0.1042,True,False
Radix,base,interleaved,256,31337,0,768,0.1039,True,False
Radix,base,interleaved,256,65537,0,768,0.1066,True,False
Selection,base,interleaved,256,42,32640,0,1.1098,True,False
Selection,base,interleaved,256,137,32640,0,1.0866,True,False
Selection,base,interleaved,256,1618,32640,0,1.0204,True,False
Selection,base,interleaved,256,2718,32640,0,0.9988,True,False
Selection,base,interleaved,256,3141,32640,0,0.9798,True,False
Selection,base,interleaved,256,9973,32640,0,1.0534,True,False
Selection,base,interleaved,256,31337,32640,0,1.1517,True,False
Selection,base,interleaved,256,65537,32640,0,1.0965,True,False
T_MHB,triplet,interleaved,256,42,3046,1956,0.3512,True,False
T_MHB,triplet,interleaved,256,137,3046,1956,0.3474,True,False
T_MHB,triplet,interleaved,256,1618,3046,1956,0.3504,True,False
T_MHB,triplet,interleaved,256,2718,3046,1956,0.3444,True,False
T_MHB,triplet,interleaved,256,3141,3046,1956,0.3462,True,False
T_MHB,triplet,interleaved,256,9973,3046,1956,0.3533,True,False
T_MHB,triplet,interleaved,256,31337,3046,1956,0.3194,True,False
T_MHB,triplet,interleaved,256,65537,3046,1956,0.3105,True,False
T_MHI,triplet,interleaved,256,42,3046,1956,0.3092,True,False
T_MHI,triplet,interleaved,256,137,3046,1956,0.3111,True,False
T_MHI,triplet,interleaved,256,1618,3046,1956,0.3071,True,False
T_MHI,triplet,interleaved,256,2718,3046,1956,0.3071,True,False
T_MHI,triplet,interleaved,256,3141,3046,1956,0.3087,True,False
T_MHI,triplet,interleaved,256,9973,3046,1956,0.3056,True,False
T_MHI,triplet,interleaved,256,31337,3046,1956,0.3048,True,False
T_MHI,triplet,interleaved,256,65537,3046,1956,0.3248,True,False
T_MHS,triplet,interleaved,256,42,3046,1956,0.3081,True,False
T_MHS,triplet,interleaved,256,137,3046,1956,0.3367,True,False
T_MHS,triplet,interleaved,256,1618,3046,1956,0.3596,True,False
T_MHS,triplet,interleaved,256,2718,3046,1956,0.348,True,False
T_MHS,triplet,interleaved,256,3141,3046,1956,0.3496,True,False
T_MHS,triplet,interleaved,256,9973,3046,1956,0.3487,True,False
T_MHS,triplet,interleaved,256,31337,3046,1956,0.3471,True,False
T_MHS,triplet,interleaved,256,65537,3046,1956,0.3498,True,False
T_MIB,triplet,interleaved,256,42,382,256,0.0473,True,False
T_MIB,triplet,interleaved,256,137,382,256,0.0473,True,False
T_MIB,triplet,interleaved,256,1618,382,256,0.0468,True,False
T_MIB,triplet,interleaved,256,2718,382,256,0.0467,True,False
T_MIB,triplet,interleaved,256,3141,382,256,0.0477,True,False
T_MIB,triplet,interleaved,256,9973,382,256,0.0475,True,False
T_MIB,triplet,interleaved,256,31337,382,256,0.0469,True,False
T_MIB,triplet,interleaved,256,65537,382,256,0.0484,True,False
T_MII,triplet,interleaved,256,42,382,256,0.0468,True,False
T_MII,triplet,interleaved,256,137,382,256,0.0468,True,False
T_MII,triplet,interleaved,256,1618,382,256,0.0478,True,False
T_MII,triplet,interleaved,256,2718,382,256,0.0419,True,False
T_MII,triplet,interleaved,256,3141,382,256,0.0454,True,False
T_MII,triplet,interleaved,256,9973,382,256,0.0419,True,False
T_MII,triplet,interleaved,256,31337,382,256,0.0422,True,False
T_MII,triplet,interleaved,256,65537,382,256,0.0471,True,False
T_MIS,triplet,interleaved,256,42,382,256,0.0476,True,False
T_MIS,triplet,interleaved,256,137,382,256,0.0473,True,False
T_MIS,triplet,interleaved,256,1618,382,256,0.0475,True,False
T_MIS,triplet,interleaved,256,2718,382,256,0.0472,True,False
T_MIS,triplet,interleaved,256,3141,382,256,0.0481,True,False
T_MIS,triplet,interleaved,256,9973,382,256,0.0475,True,False
T_MIS,triplet,interleaved,256,31337,382,256,0.0481,True,False
T_MIS,triplet,interleaved,256,65537,382,256,0.0471,True,False
T_MMB,triplet,interleaved,256,42,752,1024,0.1287,True,False
T_MMB,triplet,interleaved,256,137,752,1024,0.1307,True,False
T_MMB,triplet,interleaved,256,1618,752,1024,0.1296,True,False
T_MMB,triplet,interleaved,256,2718,752,1024,0.1305,True,False
T_MMB,triplet,interleaved,256,3141,752,1024,0.1281,True,False
T_MMB,triplet,interleaved,256,9973,752,1024,0.1305,True,False
T_MMB,triplet,interleaved,256,31337,752,1024,0.1155,True,False
T_MMB,triplet,interleaved,256,65537,752,1024,0.1147,True,False
T_MMI,triplet,interleaved,256,42,752,1024,0.1187,True,False
T_MMI,triplet,interleaved,256,137,752,1024,0.1188,True,False
T_MMI,triplet,interleaved,256,1618,752,1024,0.1195,True,False
T_MMI,triplet,interleaved,256,2718,752,1024,0.1192,True,False
T_MMI,triplet,interleaved,256,3141,752,1024,0.1206,True,False
T_MMI,triplet,interleaved,256,9973,752,1024,0.1195,True,False
T_MMI,triplet,interleaved,256,31337,752,1024,0.1188,True,False
T_MMI,triplet,interleaved,256,65537,752,1024,0.1346,True,False
T_MMS,triplet,interleaved,256,42,2432,1024,0.2125,True,False
T_MMS,triplet,interleaved,256,137,2432,1024,0.2121,True,False
T_MMS,triplet,interleaved,256,1618,2432,1024,0.215,True,False
T_MMS,triplet,interleaved,256,2718,2432,1024,0.2136,True,False
T_MMS,triplet,interleaved,256,3141,2432,1024,0.2124,True,False
T_MMS,triplet,interleaved,256,9973,2432,1024,0.2107,True,False
T_MMS,triplet,interleaved,256,31337,2432,1024,0.214,True,False
T_MMS,triplet,interleaved,256,65537,2432,1024,0.2088,True,False
T_MQB,triplet,interleaved,256,42,1128,284,0.0852,True,False
T_MQB,triplet,interleaved,256,137,1128,284,0.0867,True,False
T_MQB,triplet,interleaved,256,1618,1128,284,0.087,True,False
T_MQB,triplet,interleaved,256,2718,1128,284,0.0843,True,False
T_MQB,triplet,interleaved,256,3141,1128,284,0.0843,True,False
T_MQB,triplet,interleaved,256,9973,1128,284,0.089,True,False
T_MQB,triplet,interleaved,256,31337,1128,284,0.0874,True,False
T_MQB,triplet,interleaved,256,65537,1128,284,0.0877,True,False
T_MQI,triplet,interleaved,256,42,1128,284,0.091,True,False
T_MQI,triplet,interleaved,256,137,1128,284,0.0911,True,False
T_MQI,triplet,interleaved,256,1618,1128,284,0.0973,True,False
T_MQI,triplet,interleaved,256,2718,1128,284,0.0918,True,False
T_MQI,triplet,interleaved,256,3141,1128,284,0.0957,True,False
T_MQI,triplet,interleaved,256,9973,1128,284,0.091,True,False
T_MQI,triplet,interleaved,256,31337,1128,284,0.0919,True,False
T_MQI,triplet,interleaved,256,65537,1128,284,0.0927,True,False
T_MQS,triplet,interleaved,256,42,2612,284,0.1736,True,False
T_MQS,triplet,interleaved,256,137,2612,284,0.1805,True,False
T_MQS,triplet,interleaved,256,1618,2612,284,0.174,True,False
T_MQS,triplet,interleaved,256,2718,2612,284,0.1732,True,False
T_MQS,triplet,interleaved,256,3141,2612,284,0.1758,True,False
T_MQS,triplet,interleaved,256,9973,2612,284,0.1761,True,False
T_MQS,triplet,interleaved,256,31337,2612,284,0.1747,True,False
T_MQS,triplet,interleaved,256,65537,2612,284,0.1742,True,False
T_MRB,triplet,interleaved,256,42,128,1024,0.1275,True,False
T_MRB,triplet,interleaved,256,137,128,1024,0.1279,True,False
T_MRB,triplet,interleaved,256,1618,128,1024,0.1273,True,False
T_MRB,triplet,interleaved,256,2718,128,1024,0.1275,True,False
T_MRB,triplet,interleaved,256,3141,128,1024,0.1269,True,False
T_MRB,triplet,interleaved,256,9973,128,1024,0.1273,True,False
T_MRB,triplet,interleaved,256,31337,128,1024,0.1266,True,False
T_MRB,triplet,interleaved,256,65537,128,1024,0.1268,True,False
T_MRI,triplet,interleaved,256,42,128,1024,0.1265,True,False
T_MRI,triplet,interleaved,256,137,128,1024,0.1276,True,False
T_MRI,triplet,interleaved,256,1618,128,1024,0.1508,True,False
T_MRI,triplet,interleaved,256,2718,128,1024,0.1288,True,False
T_MRI,triplet,interleaved,256,3141,128,1024,0.1279,True,False
T_MRI,triplet,interleaved,256,9973,128,1024,0.1447,True,False
T_MRI,triplet,interleaved,256,31337,128,1024,0.1279,True,False
T_MRI,triplet,interleaved,256,65537,128,1024,0.1449,True,False
T_MRS,triplet,interleaved,256,42,128,1024,0.1451,True,False
T_MRS,triplet,interleaved,256,137,128,1024,0.143,True,False
T_MRS,triplet,interleaved,256,1618,128,1024,0.1455,True,False
T_MRS,triplet,interleaved,256,2718,128,1024,0.129,True,False
T_MRS,triplet,interleaved,256,3141,128,1024,0.1279,True,False
T_MRS,triplet,interleaved,256,9973,128,1024,0.1415,True,False
T_MRS,triplet,interleaved,256,31337,128,1024,0.1288,True,False
T_MRS,triplet,interleaved,256,65537,128,1024,0.1438,True,False
T_MSB,triplet,interleaved,256,42,16384,256,0.9004,True,False
T_MSB,triplet,interleaved,256,137,16384,256,0.9081,True,False
T_MSB,triplet,interleaved,256,1618,16384,256,0.8934,True,False
T_MSB,triplet,interleaved,256,2718,16384,256,0.8954,True,False
T_MSB,triplet,interleaved,256,3141,16384,256,0.9104,True,False
T_MSB,triplet,interleaved,256,9973,16384,256,0.9063,True,False
T_MSB,triplet,interleaved,256,31337,16384,256,0.8216,True,False
T_MSB,triplet,interleaved,256,65537,16384,256,0.8159,True,False
T_MSI,triplet,interleaved,256,42,16384,256,0.9239,True,False
T_MSI,triplet,interleaved,256,137,16384,256,0.8111,True,False
T_MSI,triplet,interleaved,256,1618,16384,256,0.8405,True,False
T_MSI,triplet,interleaved,256,2718,16384,256,0.8885,True,False
T_MSI,triplet,interleaved,256,3141,16384,256,0.9023,True,False
T_MSI,triplet,interleaved,256,9973,16384,256,0.8924,True,False
T_MSI,triplet,interleaved,256,31337,16384,256,0.9022,True,False
T_MSI,triplet,interleaved,256,65537,16384,256,0.9201,True,False
T_MSS,triplet,interleaved,256,42,16384,256,0.9043,True,False
T_MSS,triplet,interleaved,256,137,16384,256,0.931,True,False
T_MSS,triplet,interleaved,256,1618,16384,256,0.8139,True,False
T_MSS,triplet,interleaved,256,2718,16384,256,0.8183,True,False
T_MSS,triplet,interleaved,256,3141,16384,256,0.8346,True,False
T_MSS,triplet,interleaved,256,9973,16384,256,0.8488,True,False
T_MSS,triplet,interleaved,256,31337,16384,256,0.8064,True,False
T_MSS,triplet,interleaved,256,65537,16384,256,0.8056,True,False
T_QHB,triplet,interleaved,256,42,3161,1704,0.3025,True,False
T_QHB,triplet,interleaved,256,137,3161,1704,0.3003,True,False
T_QHB,triplet,interleaved,256,1618,3161,1704,0.2957,True,False
T_QHB,triplet,interleaved,256,2718,3161,1704,0.3118,True,False
T_QHB,triplet,interleaved,256,3141,3161,1704,0.3048,True,False
T_QHB,triplet,interleaved,256,9973,3161,1704,0.2974,True,False
T_QHB,triplet,interleaved,256,31337,3161,1704,0.3006,True,False
T_QHB,triplet,interleaved,256,65537,3161,1704,0.3,True,False
T_QHI,triplet,interleaved,256,42,3161,1704,0.3011,True,False
T_QHI,triplet,interleaved,256,137,3161,1704,0.2977,True,False
T_QHI,triplet,interleaved,256,1618,3161,1704,0.3025,True,False
T_QHI,triplet,interleaved,256,2718,3161,1704,0.3044,True,False
T_QHI,triplet,interleaved,256,3141,3161,1704,0.3076,True,False
T_QHI,triplet,interleaved,256,9973,3161,1704,0.3132,True,False
T_QHI,triplet,interleaved,256,31337,3161,1704,0.319,True,False
T_QHI,triplet,interleaved,256,65537,3161,1704,0.3315,True,False
T_QHS,triplet,interleaved,256,42,3161,1704,0.3116,True,False
T_QHS,triplet,interleaved,256,137,3161,1704,0.3028,True,False
T_QHS,triplet,interleaved,256,1618,3161,1704,0.3055,True,False
T_QHS,triplet,interleaved,256,2718,3161,1704,0.3035,True,False
T_QHS,triplet,interleaved,256,3141,3161,1704,0.3379,True,False
T_QHS,triplet,interleaved,256,9973,3161,1704,0.3309,True,False
T_QHS,triplet,interleaved,256,31337,3161,1704,0.3432,True,False
T_QHS,triplet,interleaved,256,65537,3161,1704,0.2988,True,False
T_QIB,triplet,interleaved,256,42,510,2,0.0351,True,False
T_QIB,triplet,interleaved,256,137,510,2,0.0348,True,False
T_QIB,triplet,interleaved,256,1618,510,2,0.0348,True,False
T_QIB,triplet,interleaved,256,2718,510,2,0.035,True,False
T_QIB,triplet,interleaved,256,3141,510,2,0.0352,True,False
T_QIB,triplet,interleaved,256,9973,510,2,0.0397,True,False
T_QIB,triplet,interleaved,256,31337,510,2,0.0396,True,False
T_QIB,triplet,interleaved,256,65537,510,2,0.035,True,False
T_QII,triplet,interleaved,256,42,510,2,0.0349,True,False
T_QII,triplet,interleaved,256,137,510,2,0.0352,True,False
T_QII,triplet,interleaved,256,1618,510,2,0.0354,True,False
T_QII,triplet,interleaved,256,2718,510,2,0.0348,True,False
T_QII,triplet,interleaved,256,3141,510,2,0.0352,True,False
T_QII,triplet,interleaved,256,9973,510,2,0.0352,True,False
T_QII,triplet,interleaved,256,31337,510,2,0.0353,True,False
T_QII,triplet,interleaved,256,65537,510,2,0.0359,True,False
T_QIS,triplet,interleaved,256,42,510,2,0.0355,True,False
T_QIS,triplet,interleaved,256,137,510,2,0.0359,True,False
T_QIS,triplet,interleaved,256,1618,510,2,0.0355,True,False
T_QIS,triplet,interleaved,256,2718,510,2,0.036,True,False
T_QIS,triplet,interleaved,256,3141,510,2,0.0354,True,False
T_QIS,triplet,interleaved,256,9973,510,2,0.0356,True,False
T_QIS,triplet,interleaved,256,31337,510,2,0.0357,True,False
T_QIS,triplet,interleaved,256,65537,510,2,0.0356,True,False
T_QMB,triplet,interleaved,256,42,880,767,0.1056,True,False
T_QMB,triplet,interleaved,256,137,880,767,0.105,True,False
T_QMB,triplet,interleaved,256,1618,880,767,0.105,True,False
T_QMB,triplet,interleaved,256,2718,880,767,0.1037,True,False
T_QMB,triplet,interleaved,256,3141,880,767,0.1047,True,False
T_QMB,triplet,interleaved,256,9973,880,767,0.1043,True,False
T_QMB,triplet,interleaved,256,31337,880,767,0.1047,True,False
T_QMB,triplet,interleaved,256,65537,880,767,0.1034,True,False
T_QMI,triplet,interleaved,256,42,880,767,0.1093,True,False
T_QMI,triplet,interleaved,256,137,880,767,0.1097,True,False
T_QMI,triplet,interleaved,256,1618,880,767,0.1097,True,False
T_QMI,triplet,interleaved,256,2718,880,767,0.1094,True,False
T_QMI,triplet,interleaved,256,3141,880,767,0.1096,True,False
T_QMI,triplet,interleaved,256,9973,880,767,0.1091,True,False
T_QMI,triplet,interleaved,256,31337,880,767,0.1097,True,False
T_QMI,triplet,interleaved,256,65537,880,767,0.1098,True,False
T_QMS,triplet,interleaved,256,42,2546,767,0.2093,True,False
T_QMS,triplet,interleaved,256,137,2546,767,0.2106,True,False
T_QMS,triplet,interleaved,256,1618,2546,767,0.2126,True,False
T_QMS,triplet,interleaved,256,2718,2546,767,0.2012,True,False
T_QMS,triplet,interleaved,256,3141,2546,767,0.2332,True,False
T_QMS,triplet,interleaved,256,9973,2546,767,0.2097,True,False
T_QMS,triplet,interleaved,256,31337,2546,767,0.2036,True,False
T_QMS,triplet,interleaved,256,65537,2546,767,0.2021,True,False
T_QQB,triplet,interleaved,256,42,1253,30,0.091,True,False
T_QQB,triplet,interleaved,256,137,1253,30,0.0795,True,False
T_QQB,triplet,interleaved,256,1618,1253,30,0.0785,True,False
T_QQB,triplet,interleaved,256,2718,1253,30,0.0794,True,False
T_QQB,triplet,interleaved,256,3141,1253,30,0.0809,True,False
T_QQB,triplet,interleaved,256,9973,1253,30,0.0792,True,False
T_QQB,triplet,interleaved,256,31337,1253,30,0.0801,True,False
T_QQB,triplet,interleaved,256,65537,1253,30,0.0802,True,False
T_QQI,triplet,interleaved,256,42,1253,30,0.0831,True,False
T_QQI,triplet,interleaved,256,137,1253,30,0.0831,True,False
T_QQI,triplet,interleaved,256,1618,1253,30,0.084,True,False
T_QQI,triplet,interleaved,256,2718,1253,30,0.0829,True,False
T_QQI,triplet,interleaved,256,3141,1253,30,0.0833,True,False
T_QQI,triplet,interleaved,256,9973,1253,30,0.0862,True,False
T_QQI,triplet,interleaved,256,31337,1253,30,0.0861,True,False
T_QQI,triplet,interleaved,256,65537,1253,30,0.0843,True,False
T_QQS,triplet,interleaved,256,42,2723,30,0.1674,True,False
T_QQS,triplet,interleaved,256,137,2723,30,0.1662,True,False
T_QQS,triplet,interleaved,256,1618,2723,30,0.1663,True,False
T_QQS,triplet,interleaved,256,2718,2723,30,0.1682,True,False
T_QQS,triplet,interleaved,256,3141,2723,30,0.1664,True,False
T_QQS,triplet,interleaved,256,9973,2723,30,0.1667,True,False
T_QQS,triplet,interleaved,256,31337,2723,30,0.1697,True,False
T_QQS,triplet,interleaved,256,65537,2723,30,0.1869,True,False
T_QRB,triplet,interleaved,256,42,257,767,0.1291,True,False
T_QRB,triplet,interleaved,256,137,257,767,0.1169,True,False
T_QRB,triplet,interleaved,256,1618,257,767,0.1181,True,False
T_QRB,triplet,interleaved,256,2718,257,767,0.1406,True,False
T_QRB,triplet,interleaved,256,3141,257,767,0.1227,True,False
T_QRB,triplet,interleaved,256,9973,257,767,0.1185,True,False
T_QRB,triplet,interleaved,256,31337,257,767,0.1181,True,False
T_QRB,triplet,interleaved,256,65537,257,767,0.1183,True,False
T_QRI,triplet,interleaved,256,42,257,767,0.1172,True,False
T_QRI,triplet,interleaved,256,137,257,767,0.1172,True,False
T_QRI,triplet,interleaved,256,1618,257,767,0.1159,True,False
T_QRI,triplet,interleaved,256,2718,257,767,0.117,True,False
T_QRI,triplet,interleaved,256,3141,257,767,0.1182,True,False
T_QRI,triplet,interleaved,256,9973,257,767,0.1178,True,False
T_QRI,triplet,interleaved,256,31337,257,767,0.1171,True,False
T_QRI,triplet,interleaved,256,65537,257,767,0.1162,True,False
T_QRS,triplet,interleaved,256,42,257,767,0.1165,True,False
T_QRS,triplet,interleaved,256,137,257,767,0.117,True,False
T_QRS,triplet,interleaved,256,1618,257,767,0.1179,True,False
T_QRS,triplet,interleaved,256,2718,257,767,0.1281,True,False
T_QRS,triplet,interleaved,256,3141,257,767,0.1191,True,False
T_QRS,triplet,interleaved,256,9973,257,767,0.1184,True,False
T_QRS,triplet,interleaved,256,31337,257,767,0.1176,True,False
T_QRS,triplet,interleaved,256,65537,257,767,0.1169,True,False
T_QSB,triplet,interleaved,256,42,16386,2,0.791,True,False
T_QSB,triplet,interleaved,256,137,16386,2,0.8377,True,False
T_QSB,triplet,interleaved,256,1618,16386,2,0.8802,True,False
T_QSB,triplet,interleaved,256,2718,16386,2,0.919,True,False
T_QSB,triplet,interleaved,256,3141,16386,2,0.8799,True,False
T_QSB,triplet,interleaved,256,9973,16386,2,0.8755,True,False
T_QSB,triplet,interleaved,256,31337,16386,2,0.8819,True,False
T_QSB,triplet,interleaved,256,65537,16386,2,0.8766,True,False
T_QSI,triplet,interleaved,256,42,16386,2,0.8709,True,False
T_QSI,triplet,interleaved,256,137,16386,2,0.8774,True,False
T_QSI,triplet,interleaved,256,1618,16386,2,1.0527,True,False
T_QSI,triplet,interleaved,256,2718,16386,2,0.8777,True,False
T_QSI,triplet,interleaved,256,3141,16386,2,0.8821,True,False
T_QSI,triplet,interleaved,256,9973,16386,2,0.8694,True,False
T_QSI,triplet,interleaved,256,31337,16386,2,0.883,True,False
T_QSI,triplet,interleaved,256,65537,16386,2,0.8809,True,False
T_QSS,triplet,interleaved,256,42,16386,2,0.8733,True,False
T_QSS,triplet,interleaved,256,137,16386,2,0.8716,True,False
T_QSS,triplet,interleaved,256,1618,16386,2,0.7849,True,False
T_QSS,triplet,interleaved,256,2718,16386,2,0.8064,True,False
T_QSS,triplet,interleaved,256,3141,16386,2,0.8124,True,False
T_QSS,triplet,interleaved,256,9973,16386,2,0.7958,True,False
T_QSS,triplet,interleaved,256,31337,16386,2,0.7758,True,False
T_QSS,triplet,interleaved,256,65537,16386,2,0.8453,True,False
TimCustom,base,interleaved,256,42,632,768,0.1024,True,False
TimCustom,base,interleaved,256,137,632,768,0.09,True,False
TimCustom,base,interleaved,256,1618,632,768,0.1024,True,False
TimCustom,base,interleaved,256,2718,632,768,0.0921,True,False
TimCustom,base,interleaved,256,3141,632,768,0.1002,True,False
TimCustom,base,interleaved,256,9973,632,768,0.0895,True,False
TimCustom,base,interleaved,256,31337,632,768,0.0892,True,False
TimCustom,base,interleaved,256,65537,632,768,0.0889,True,False
Bubble,base,killer_quick,256,42,32640,16256,1.785,True,False
Bubble,base,killer_quick,256,137,32640,16256,1.9304,True,False
Bubble,base,killer_quick,256,1618,32640,16256,1.9146,True,False
Bubble,base,killer_quick,256,2718,32640,16256,1.874,True,False
Bubble,base,killer_quick,256,3141,32640,16256,1.9678,True,False
Bubble,base,killer_quick,256,9973,32640,16256,1.9606,True,False
Bubble,base,killer_quick,256,31337,32640,16256,1.9458,True,False
Bubble,base,killer_quick,256,65537,32640,16256,1.9671,True,False
Heap,base,killer_quick,256,42,3250,1772,0.2714,True,False
Heap,base,killer_quick,256,137,3250,1772,0.2701,True,False
Heap,base,killer_quick,256,1618,3250,1772,0.2691,True,False
Heap,base,killer_quick,256,2718,3250,1772,0.2691,True,False
Heap,base,killer_quick,256,3141,3250,1772,0.2701,True,False
Heap,base,killer_quick,256,9973,3250,1772,0.2681,True,False
Heap,base,killer_quick,256,31337,3250,1772,0.2727,True,False
Heap,base,killer_quick,256,65537,3250,1772,0.2788,True,False
Hybrid_Intro,hybrid,killer_quick,256,42,1953,313,0.1623,True,False
Hybrid_Intro,hybrid,killer_quick,256,137,1953,313,0.1597,True,False
Hybrid_Intro,hybrid,killer_quick,256,1618,1953,313,0.1591,True,False
Hybrid_Intro,hybrid,killer_quick,256,2718,1953,313,0.1585,True,False
Hybrid_Intro,hybrid,killer_quick,256,3141,1953,313,0.1583,True,False
Hybrid_Intro,hybrid,killer_quick,256,9973,1953,313,0.1631,True,False
Hybrid_Intro,hybrid,killer_quick,256,31337,1953,313,0.1589,True,False
Hybrid_Intro,hybrid,killer_quick,256,65537,1953,313,0.1585,True,False
Hybrid_MI,hybrid,killer_quick,256,42,1904,1248,0.2223,True,False
Hybrid_MI,hybrid,killer_quick,256,137,1904,1248,0.2196,True,False
Hybrid_MI,hybrid,killer_quick,256,1618,1904,1248,0.2209,True,False
Hybrid_MI,hybrid,killer_quick,256,2718,1904,1248,0.2222,True,False
Hybrid_MI,hybrid,killer_quick,256,3141,1904,1248,0.2185,True,False
Hybrid_MI,hybrid,killer_quick,256,9973,1904,1248,0.2175,True,False
Hybrid_MI,hybrid,killer_quick,256,31337,1904,1248,0.2175,True,False
Hybrid_MI,hybrid,killer_quick,256,65537,1904,1248,0.2163,True,False
Hybrid_QI,hybrid,killer_quick,256,42,1953,313,0.1582,True,False
Hybrid_QI,hybrid,killer_quick,256,137,1953,313,0.1589,True,False
Hybrid_QI,hybrid,killer_quick,256,1618,1953,313,0.1573,True,False
Hybrid_QI,hybrid,killer_quick,256,2718,1953,313,0.157,True,False
Hybrid_QI,hybrid,killer_quick,256,3141,1953,313,0.1583,True,False
Hybrid_QI,hybrid,killer_quick,256,9973,1953,313,0.1607,True,False
Hybrid_QI,hybrid,killer_quick,256,31337,1953,313,0.157,True,False
Hybrid_QI,hybrid,killer_quick,256,65537,1953,313,0.1573,True,False
Hybrid_RI,hybrid,killer_quick,256,42,0,768,0.1063,True,False
Hybrid_RI,hybrid,killer_quick,256,137,0,768,0.1079,True,False
Hybrid_RI,hybrid,killer_quick,256,1618,0,768,0.1104,True,False
Hybrid_RI,hybrid,killer_quick,256,2718,0,768,0.0952,True,False
Hybrid_RI,hybrid,killer_quick,256,3141,0,768,0.095,True,False
Hybrid_RI,hybrid,killer_quick,256,9973,0,768,0.094,True,False
Hybrid_RI,hybrid,killer_quick,256,31337,0,768,0.1075,True,False
Hybrid_RI,hybrid,killer_quick,256,65537,0,768,0.096,True,False
Insertion,base,killer_quick,256,42,16511,16510,1.0399,True,False
Insertion,base,killer_quick,256,137,16511,16510,1.0435,True,False
Insertion,base,killer_quick,256,1618,16511,16510,1.0725,True,False
Insertion,base,killer_quick,256,2718,16511,16510,1.1506,True,False
Insertion,base,killer_quick,256,3141,16511,16510,1.151,True,False
Insertion,base,killer_quick,256,9973,16511,16510,1.1764,True,False
Insertion,base,killer_quick,256,31337,16511,16510,1.1674,True,False
Insertion,base,killer_quick,256,65537,16511,16510,1.1624,True,False
Merge,base,killer_quick,256,42,1472,2048,0.3072,True,False
Merge,base,killer_quick,256,137,1472,2048,0.3084,True,False
Merge,base,killer_quick,256,1618,1472,2048,0.305,True,False
Merge,base,killer_quick,256,2718,1472,2048,0.305,True,False
Merge,base,killer_quick,256,3141,1472,2048,0.3059,True,False
Merge,base,killer_quick,256,9973,1472,2048,0.3342,True,False
Merge,base,killer_quick,256,31337,1472,2048,0.3079,True,False
Merge,base,killer_quick,256,65537,1472,2048,0.3068,True,False
Quick,base,killer_quick,256,42,1849,601,0.1764,True,False
Quick,base,killer_quick,256,137,1849,601,0.1763,True,False
Quick,base,killer_quick,256,1618,1849,601,0.1566,True,False
Quick,base,killer_quick,256,2718,1849,601,0.1593,True,False
Quick,base,killer_quick,256,3141,1849,601,0.1562,True,False
Quick,base,killer_quick,256,9973,1849,601,0.1562,True,False
Quick,base,killer_quick,256,31337,1849,601,0.1598,True,False
Quick,base,killer_quick,256,65537,1849,601,0.1577,True,False
Radix,base,killer_quick,256,42,0,768,0.0938,True,False
Radix,base,killer_quick,256,137,0,768,0.0933,True,False
Radix,base,killer_quick,256,1618,0,768,0.0923,True,False
Radix,base,killer_quick,256,2718,0,768,0.0935,True,False
Radix,base,killer_quick,256,3141,0,768,0.1001,True,False
Radix,base,killer_quick,256,9973,0,768,0.093,True,False
Radix,base,killer_quick,256,31337,0,768,0.0937,True,False
Radix,base,killer_quick,256,65537,0,768,0.0944,True,False
Selection,base,killer_quick,256,42,32640,226,1.0216,True,False
Selection,base,killer_quick,256,137,32640,226,0.9884,True,False
Selection,base,killer_quick,256,1618,32640,226,1.0375,True,False
Selection,base,killer_quick,256,2718,32640,226,1.1267,True,False
Selection,base,killer_quick,256,3141,32640,226,1.1627,True,False
Selection,base,killer_quick,256,9973,32640,226,1.1164,True,False
Selection,base,killer_quick,256,31337,32640,226,1.1343,True,False
Selection,base,killer_quick,256,65537,32640,226,1.1298,True,False
T_MHB,triplet,killer_quick,256,42,2944,1780,0.3257,True,False
T_MHB,triplet,killer_quick,256,137,2944,1780,0.3296,True,False
T_MHB,triplet,killer_quick,256,1618,2944,1780,0.3331,True,False
T_MHB,triplet,killer_quick,256,2718,2944,1780,0.2923,True,False
T_MHB,triplet,killer_quick,256,3141,2944,1780,0.2908,True,False
T_MHB,triplet,killer_quick,256,9973,2944,1780,0.2928,True,False
T_MHB,triplet,killer_quick,256,31337,2944,1780,0.3009,True,False
T_MHB,triplet,killer_quick,256,65537,2944,1780,0.289,True,False
T_MHI,triplet,killer_quick,256,42,2944,1780,0.3054,True,False
T_MHI,triplet,killer_quick,256,137,2944,1780,0.2912,True,False
T_MHI,triplet,killer_quick,256,1618,2944,1780,0.2903,True,False
T_MHI,triplet,killer_quick,256,2718,2944,1780,0.293,True,False
T_MHI,triplet,killer_quick,256,3141,2944,1780,0.3031,True,False
T_MHI,triplet,killer_quick,256,9973,2944,1780,0.2955,True,False
T_MHI,triplet,killer_quick,256,31337,2944,1780,0.2952,True,False
T_MHI,triplet,killer_quick,256,65537,2944,1780,0.2938,True,False
T_MHS,triplet,killer_quick,256,42,2944,1780,0.3022,True,False
T_MHS,triplet,killer_quick,256,137,2944,1780,0.3151,True,False
T_MHS,triplet,killer_quick,256,1618,2944,1780,0.2959,True,False
T_MHS,triplet,killer_quick,256,2718,2944,1780,0.2912,True,False
T_MHS,triplet,killer_quick,256,3141,2944,1780,0.2879,True,False
T_MHS,triplet,killer_quick,256,9973,2944,1780,0.2906,True,False
T_MHS,triplet,killer_quick,256,31337,2944,1780,0.2921,True,False
T_MHS,triplet,killer_quick,256,65537,2944,1780,0.2913,True,False
T_MIB,triplet,killer_quick,256,42,8510,8320,0.8978,True,False
T_MIB,triplet,killer_quick,256,137,8510,8320,0.8569,True,False
T_MIB,triplet,killer_quick,256,1618,8510,8320,0.8043,True,False
T_MIB,triplet,killer_quick,256,2718,8510,8320,0.8052,True,False
T_MIB,triplet,killer_quick,256,3141,8510,8320,0.803,True,False
T_MIB,triplet,killer_quick,256,9973,8510,8320,0.7956,True,False
T_MIB,triplet,killer_quick,256,31337,8510,8320,0.8846,True,False
T_MIB,triplet,killer_quick,256,65537,8510,8320,0.7985,True,False
T_MII,triplet,killer_quick,256,42,8510,8320,0.7717,True,False
T_MII,triplet,killer_quick,256,137,8510,8320,0.7931,True,False
T_MII,triplet,killer_quick,256,1618,8510,8320,0.7951,True,False
T_MII,triplet,killer_quick,256,2718,8510,8320,0.7923,True,False
T_MII,triplet,killer_quick,256,3141,8510,8320,0.7842,True,False
T_MII,triplet,killer_quick,256,9973,8510,8320,0.7929,True,False
T_MII,triplet,killer_quick,256,31337,8510,8320,0.7815,True,False
T_MII,triplet,killer_quick,256,65537,8510,8320,0.7758,True,False
T_MIS,triplet,killer_quick,256,42,8510,8320,0.7846,True,False
T_MIS,triplet,killer_quick,256,137,8510,8320,0.7767,True,False
T_MIS,triplet,killer_quick,256,1618,8510,8320,0.7752,True,False
T_MIS,triplet,killer_quick,256,2718,8510,8320,0.8008,True,False
T_MIS,triplet,killer_quick,256,3141,8510,8320,0.7732,True,False
T_MIS,triplet,killer_quick,256,9973,8510,8320,0.7784,True,False
T_MIS,triplet,killer_quick,256,31337,8510,8320,0.841,True,False
T_MIS,triplet,killer_quick,256,65537,8510,8320,0.8823,True,False
T_MMB,triplet,killer_quick,256,42,2240,1920,0.2829,True,False
T_MMB,triplet,killer_quick,256,137,2240,1920,0.2825,True,False
T_MMB,triplet,killer_quick,256,1618,2240,1920,0.2804,True,False
T_MMB,triplet,killer_quick,256,2718,2240,1920,0.2837,True,False
T_MMB,triplet,killer_quick,256,3141,2240,1920,0.286,True,False
T_MMB,triplet,killer_quick,256,9973,2240,1920,0.2642,True,False
T_MMB,triplet,killer_quick,256,31337,2240,1920,0.2511,True,False
T_MMB,triplet,killer_quick,256,65537,2240,1920,0.2606,True,False
T_MMI,triplet,killer_quick,256,42,1904,1920,0.2252,True,False
T_MMI,triplet,killer_quick,256,137,1904,1920,0.2284,True,False
T_MMI,triplet,killer_quick,256,1618,1904,1920,0.217,True,False
T_MMI,triplet,killer_quick,256,2718,1904,1920,0.2204,True,False
T_MMI,triplet,killer_quick,256,3141,1904,1920,0.2133,True,False
T_MMI,triplet,killer_quick,256,9973,1904,1920,0.2341,True,False
T_MMI,triplet,killer_quick,256,31337,1904,1920,0.2413,True,False
T_MMI,triplet,killer_quick,256,65537,1904,1920,0.2445,True,False
T_MMS,triplet,killer_quick,256,42,2688,1216,0.2695,True,False
T_MMS,triplet,killer_quick,256,137,2688,1216,0.2707,True,False
T_MMS,triplet,killer_quick,256,1618,2688,1216,0.2735,True,False
T_MMS,triplet,killer_quick,256,2718,2688,1216,0.2738,True,False
T_MMS,triplet,killer_quick,256,3141,2688,1216,0.2712,True,False
T_MMS,triplet,killer_quick,256,9973,2688,1216,0.2711,True,False
T_MMS,triplet,killer_quick,256,31337,2688,1216,0.2704,True,False
T_MMS,triplet,killer_quick,256,65537,2688,1216,0.2708,True,False
T_MQB,triplet,killer_quick,256,42,2460,1144,0.2492,True,False
T_MQB,triplet,killer_quick,256,137,2460,1144,0.2525,True,False
T_MQB,triplet,killer_quick,256,1618,2460,1144,0.2209,True,False
T_MQB,triplet,killer_quick,256,2718,2460,1144,0.2767,True,False
T_MQB,triplet,killer_quick,256,3141,2460,1144,0.2575,True,False
T_MQB,triplet,killer_quick,256,9973,2460,1144,0.2243,True,False
T_MQB,triplet,killer_quick,256,31337,2460,1144,0.2246,True,False
T_MQB,triplet,killer_quick,256,65537,2460,1144,0.2234,True,False
T_MQI,triplet,killer_quick,256,42,1850,1144,0.1744,True,False
T_MQI,triplet,killer_quick,256,137,1850,1144,0.1746,True,False
T_MQI,triplet,killer_quick,256,1618,1850,1144,0.1747,True,False
T_MQI,triplet,killer_quick,256,2718,1850,1144,0.1702,True,False
T_MQI,triplet,killer_quick,256,3141,1850,1144,0.1716,True,False
T_MQI,triplet,killer_quick,256,9973,1850,1144,0.1707,True,False
T_MQI,triplet,killer_quick,256,31337,1850,1144,0.17,True,False
T_MQI,triplet,killer_quick,256,65537,1850,1144,0.1696,True,False
T_MQS,triplet,killer_quick,256,42,2558,672,0.1991,True,False
T_MQS,triplet,killer_quick,256,137,2558,672,0.1994,True,False
T_MQS,triplet,killer_quick,256,1618,2558,672,0.2057,True,False
T_MQS,triplet,killer_quick,256,2718,2558,672,0.2008,True,False
T_MQS,triplet,killer_quick,256,3141,2558,672,0.2022,True,False
T_MQS,triplet,killer_quick,256,9973,2558,672,0.1994,True,False
T_MQS,triplet,killer_quick,256,31337,2558,672,0.2031,True,False
T_MQS,triplet,killer_quick,256,65537,2558,672,0.2011,True,False
T_MRB,triplet,killer_quick,256,42,192,1024,0.1314,True,False
T_MRB,triplet,killer_quick,256,137,192,1024,0.1341,True,False
T_MRB,triplet,killer_quick,256,1618,192,1024,0.1317,True,False
T_MRB,triplet,killer_quick,256,2718,192,1024,0.1396,True,False
T_MRB,triplet,killer_quick,256,3141,192,1024,0.1457,True,False
T_MRB,triplet,killer_quick,256,9973,192,1024,0.1466,True,False
T_MRB,triplet,killer_quick,256,31337,192,1024,0.1299,True,False
T_MRB,triplet,killer_quick,256,65537,192,1024,0.1328,True,False
T_MRI,triplet,killer_quick,256,42,192,1024,0.1313,True,False
T_MRI,triplet,killer_quick,256,137,192,1024,0.1303,True,False
T_MRI,triplet,killer_quick,256,1618,192,1024,0.1313,True,False
T_MRI,triplet,killer_quick,256,2718,192,1024,0.1386,True,False
T_MRI,triplet,killer_quick,256,3141,192,1024,0.1445,True,False
T_MRI,triplet,killer_quick,256,9973,192,1024,0.145,True,False
T_MRI,triplet,killer_quick,256,31337,192,1024,0.1464,True,False
T_MRI,triplet,killer_quick,256,65537,192,1024,0.1496,True,False
T_MRS,triplet,killer_quick,256,42,192,1024,0.1464,True,False
T_MRS,triplet,killer_quick,256,137,192,1024,0.1445,True,False
T_MRS,triplet,killer_quick,256,1618,192,1024,0.1445,True,False
T_MRS,triplet,killer_quick,256,2718,192,1024,0.1462,True,False
T_MRS,triplet,killer_quick,256,3141,192,1024,0.146,True,False
T_MRS,triplet,killer_quick,256,9973,192,1024,0.145,True,False
T_MRS,triplet,killer_quick,256,31337,192,1024,0.1463,True,False
T_MRS,triplet,killer_quick,256,65537,192,1024,0.136,True,False
T_MSB,triplet,killer_quick,256,42,16448,472,0.8622,True,False
T_MSB,triplet,killer_quick,256,137,16448,472,0.8286,True,False
T_MSB,triplet,killer_quick,256,1618,16448,472,0.8294,True,False
T_MSB,triplet,killer_quick,256,2718,16448,472,0.8232,True,False
T_MSB,triplet,killer_quick,256,3141,16448,472,0.9417,True,False
T_MSB,triplet,killer_quick,256,9973,16448,472,0.8378,True,False
T_MSB,triplet,killer_quick,256,31337,16448,472,0.8378,True,False
T_MSB,triplet,killer_quick,256,65537,16448,472,0.8345,True,False
T_MSI,triplet,killer_quick,256,42,16448,472,0.8318,True,False
T_MSI,triplet,killer_quick,256,137,16448,472,0.8929,True,False
T_MSI,triplet,killer_quick,256,1618,16448,472,0.9142,True,False
T_MSI,triplet,killer_quick,256,2718,16448,472,0.9489,True,False
T_MSI,triplet,killer_quick,256,3141,16448,472,0.946,True,False
T_MSI,triplet,killer_quick,256,9973,16448,472,0.9513,True,False
T_MSI,triplet,killer_quick,256,31337,16448,472,0.9291,True,False
T_MSI,triplet,killer_quick,256,65537,16448,472,0.9327,True,False
T_MSS,triplet,killer_quick,256,42,16448,472,0.9254,True,False
T_MSS,triplet,killer_quick,256,137,16448,472,0.9509,True,False
T_MSS,triplet,killer_quick,256,1618,16448,472,0.9283,True,False
T_MSS,triplet,killer_quick,256,2718,16448,472,0.9234,True,False
T_MSS,triplet,killer_quick,256,3141,16448,472,0.9353,True,False
T_MSS,triplet,killer_quick,256,9973,16448,472,0.9265,True,False
T_MSS,triplet,killer_quick,256,31337,16448,472,0.9289,True,False
T_MSS,triplet,killer_quick,256,65537,16448,472,0.9192,True,False
T_QHB,triplet,killer_quick,256,42,3044,1632,0.3201,True,False
T_QHB,triplet,killer_quick,256,137,3044,1632,0.3192,True,False
T_QHB,triplet,killer_quick,256,1618,3044,1632,0.3223,True,False
T_QHB,triplet,killer_quick,256,2718,3044,1632,0.3239,True,False
T_QHB,triplet,killer_quick,256,3141,3044,1632,0.3219,True,False
T_QHB,triplet,killer_quick,256,9973,3044,1632,0.3253,True,False
T_QHB,triplet,killer_quick,256,31337,3044,1632,0.3224,True,False
T_QHB,triplet,killer_quick,256,65537,3044,1632,0.3208,True,False
T_QHI,triplet,killer_quick,256,42,3044,1632,0.324,True,False
T_QHI,triplet,killer_quick,256,137,3044,1632,0.3198,True,False
T_QHI,triplet,killer_quick,256,1618,3044,1632,0.32,True,False
T_QHI,triplet,killer_quick,256,2718,3044,1632,0.3212,True,False
T_QHI,triplet,killer_quick,256,3141,3044,1632,0.3156,True,False
T_QHI,triplet,killer_quick,256,9973,3044,1632,0.3205,True,False
T_QHI,triplet,killer_quick,256,31337,3044,1632,0.322,True,False
T_QHI,triplet,killer_quick,256,65537,3044,1632,0.3191,True,False
T_QHS,triplet,killer_quick,256,42,3044,1632,0.3173,True,False
T_QHS,triplet,killer_quick,256,137,3044,1632,0.3168,True,False
T_QHS,triplet,killer_quick,256,1618,3044,1632,0.3248,True,False
T_QHS,triplet,killer_quick,256,2718,3044,1632,0.3234,True,False
T_QHS,triplet,killer_quick,256,3141,3044,1632,0.3198,True,False
T_QHS,triplet,killer_quick,256,9973,3044,1632,0.3248,True,False
T_QHS,triplet,killer_quick,256,31337,3044,1632,0.3271,True,False
T_QHS,triplet,killer_quick,256,65537,3044,1632,0.329,True,False
T_QIB,triplet,killer_quick,256,42,8448,8066,0.8552,True,False
T_QIB,triplet,killer_quick,256,137,8448,8066,0.9127,True,False
T_QIB,triplet,killer_quick,256,1618,8448,8066,0.8644,True,False
T_QIB,triplet,killer_quick,256,2718,8448,8066,0.8589,True,False
T_QIB,triplet,killer_quick,256,3141,8448,8066,0.8428,True,False
T_QIB,triplet,killer_quick,256,9973,8448,8066,0.857,True,False
T_QIB,triplet,killer_quick,256,31337,8448,8066,0.8634,True,False
T_QIB,triplet,killer_quick,256,65537,8448,8066,0.8499,True,False
T_QII,triplet,killer_quick,256,42,8448,8066,0.8558,True,False
T_QII,triplet,killer_quick,256,137,8448,8066,0.8709,True,False
T_QII,triplet,killer_quick,256,1618,8448,8066,0.866,True,False
T_QII,triplet,killer_quick,256,2718,8448,8066,0.9164,True,False
T_QII,triplet,killer_quick,256,3141,8448,8066,0.8706,True,False
T_QII,triplet,killer_quick,256,9973,8448,8066,0.8686,True,False
T_QII,triplet,killer_quick,256,31337,8448,8066,0.8672,True,False
T_QII,triplet,killer_quick,256,65537,8448,8066,0.8685,True,False
T_QIS,triplet,killer_quick,256,42,8448,8066,0.8686,True,False
T_QIS,triplet,killer_quick,256,137,8448,8066,0.8629,True,False
T_QIS,triplet,killer_quick,256,1618,8448,8066,0.8857,True,False
T_QIS,triplet,killer_quick,256,2718,8448,8066,0.8601,True,False
T_QIS,triplet,killer_quick,256,3141,8448,8066,0.8793,True,False
T_QIS,triplet,killer_quick,256,9973,8448,8066,0.8656,True,False
T_QIS,triplet,killer_quick,256,31337,8448,8066,0.8633,True,False
T_QIS,triplet,killer_quick,256,65537,8448,8066,0.8628,True,False
T_QMB,triplet,killer_quick,256,42,2569,1719,0.2911,True,False
T_QMB,triplet,killer_quick,256,137,2569,1719,0.2964,True,False
T_QMB,triplet,killer_quick,256,1618,2569,1719,0.2886,True,False
T_QMB,triplet,killer_quick,256,2718,2569,1719,0.2913,True,False
T_QMB,triplet,killer_quick,256,3141,2569,1719,0.2896,True,False
T_QMB,triplet,killer_quick,256,9973,2569,1719,0.2925,True,False
T_QMB,triplet,killer_quick,256,31337,2569,1719,0.2907,True,False
T_QMB,triplet,killer_quick,256,65537,2569,1719,0.2887,True,False
T_QMI,triplet,killer_quick,256,42,1961,1719,0.2369,True,False
T_QMI,triplet,killer_quick,256,137,1961,1719,0.2334,True,False
T_QMI,triplet,killer_quick,256,1618,1961,1719,0.2305,True,False
T_QMI,triplet,killer_quick,256,2718,1961,1719,0.232,True,False
T_QMI,triplet,killer_quick,256,3141,1961,1719,0.2342,True,False
T_QMI,triplet,killer_quick,256,9973,1961,1719,0.2339,True,False
T_QMI,triplet,killer_quick,256,31337,1961,1719,0.2316,True,False
T_QMI,triplet,killer_quick,256,65537,1961,1719,0.2311,True,False
T_QMS,triplet,killer_quick,256,42,2794,1025,0.2636,True,False
T_QMS,triplet,killer_quick,256,137,2794,1025,0.2633,True,False
T_QMS,triplet,killer_quick,256,1618,2794,1025,0.2628,True,False
T_QMS,triplet,killer_quick,256,2718,2794,1025,0.2636,True,False
T_QMS,triplet,killer_quick,256,3141,2794,1025,0.2629,True,False
T_QMS,triplet,killer_quick,256,9973,2794,1025,0.2632,True,False
T_QMS,triplet,killer_quick,256,31337,2794,1025,0.2673,True,False
T_QMS,triplet,killer_quick,256,65537,2794,1025,0.2633,True,False
T_QQB,triplet,killer_quick,256,42,2456,940,0.2369,True,False
T_QQB,triplet,killer_quick,256,137,2456,940,0.2358,True,False
T_QQB,triplet,killer_quick,256,1618,2456,940,0.2388,True,False
T_QQB,triplet,killer_quick,256,2718,2456,940,0.239,True,False
T_QQB,triplet,killer_quick,256,3141,2456,940,0.2373,True,False
T_QQB,triplet,killer_quick,256,9973,2456,940,0.2361,True,False
T_QQB,triplet,killer_quick,256,31337,2456,940,0.2382,True,False
T_QQB,triplet,killer_quick,256,65537,2456,940,0.2395,True,False
T_QQI,triplet,killer_quick,256,42,1953,940,0.1855,True,False
T_QQI,triplet,killer_quick,256,137,1953,940,0.1857,True,False
T_QQI,triplet,killer_quick,256,1618,1953,940,0.1856,True,False
T_QQI,triplet,killer_quick,256,2718,1953,940,0.1868,True,False
T_QQI,triplet,killer_quick,256,3141,1953,940,0.185,True,False
T_QQI,triplet,killer_quick,256,9973,1953,940,0.1877,True,False
T_QQI,triplet,killer_quick,256,31337,1953,940,0.1859,True,False
T_QQI,triplet,killer_quick,256,65537,1953,940,0.1917,True,False
T_QQS,triplet,killer_quick,256,42,2526,486,0.2131,True,False
T_QQS,triplet,killer_quick,256,137,2526,486,0.2137,True,False
T_QQS,triplet,killer_quick,256,1618,2526,486,0.214,True,False
T_QQS,triplet,killer_quick,256,2718,2526,486,0.2134,True,False
T_QQS,triplet,killer_quick,256,3141,2526,486,0.2124,True,False
T_QQS,triplet,killer_quick,256,9973,2526,486,0.2133,True,False
T_QQS,triplet,killer_quick,256,31337,2526,486,0.2142,True,False
T_QQS,triplet,killer_quick,256,65537,2526,486,0.2131,True,False
T_QRB,triplet,killer_quick,256,42,257,831,0.1356,True,False
T_QRB,triplet,killer_quick,256,137,257,831,0.1417,True,False
T_QRB,triplet,killer_quick,256,1618,257,831,0.1359,True,False
T_QRB,triplet,killer_quick,256,2718,257,831,0.136,True,False
T_QRB,triplet,killer_quick,256,3141,257,831,0.1344,True,False
T_QRB,triplet,killer_quick,256,9973,257,831,0.1347,True,False
T_QRB,triplet,killer_quick,256,31337,257,831,0.1355,True,False
T_QRB,triplet,killer_quick,256,65537,257,831,0.1347,True,False
T_QRI,triplet,killer_quick,256,42,257,831,0.136,True,False
T_QRI,triplet,killer_quick,256,137,257,831,0.1372,True,False
T_QRI,triplet,killer_quick,256,1618,257,831,0.1356,True,False
T_QRI,triplet,killer_quick,256,2718,257,831,0.1358,True,False
T_QRI,triplet,killer_quick,256,3141,257,831,0.1362,True,False
T_QRI,triplet,killer_quick,256,9973,257,831,0.1362,True,False
T_QRI,triplet,killer_quick,256,31337,257,831,0.1368,True,False
T_QRI,triplet,killer_quick,256,65537,257,831,0.1371,True,False
T_QRS,triplet,killer_quick,256,42,257,831,0.1355,True,False
T_QRS,triplet,killer_quick,256,137,257,831,0.1353,True,False
T_QRS,triplet,killer_quick,256,1618,257,831,0.1349,True,False
T_QRS,triplet,killer_quick,256,2718,257,831,0.1362,True,False
T_QRS,triplet,killer_quick,256,3141,257,831,0.1349,True,False
T_QRS,triplet,killer_quick,256,9973,257,831,0.1373,True,False
T_QRS,triplet,killer_quick,256,31337,257,831,0.1363,True,False
T_QRS,triplet,killer_quick,256,65537,257,831,0.1396,True,False
T_QSB,triplet,killer_quick,256,42,16386,314,0.9599,True,False
T_QSB,triplet,killer_quick,256,137,16386,314,0.9265,True,False
T_QSB,triplet,killer_quick,256,1618,16386,314,0.923,True,False
T_QSB,triplet,killer_quick,256,2718,16386,314,0.9281,True,False
T_QSB,triplet,killer_quick,256,3141,16386,314,0.9373,True,False
T_QSB,triplet,killer_quick,256,9973,16386,314,0.9344,True,False
T_QSB,triplet,killer_quick,256,31337,16386,314,0.9321,True,False
T_QSB,triplet,killer_quick,256,65537,16386,314,0.9276,True,False
T_QSI,triplet,killer_quick,256,42,16386,314,0.931,True,False
T_QSI,triplet,killer_quick,256,137,16386,314,0.9375,True,False
T_QSI,triplet,killer_quick,256,1618,16386,314,0.9276,True,False
T_QSI,triplet,killer_quick,256,2718,16386,314,0.9254,True,False
T_QSI,triplet,killer_quick,256,3141,16386,314,0.9388,True,False
T_QSI,triplet,killer_quick,256,9973,16386,314,0.9331,True,False
T_QSI,triplet,killer_quick,256,31337,16386,314,0.919,True,False
T_QSI,triplet,killer_quick,256,65537,16386,314,0.9087,True,False
T_QSS,triplet,killer_quick,256,42,16386,314,0.9159,True,False
T_QSS,triplet,killer_quick,256,137,16386,314,0.9168,True,False
T_QSS,triplet,killer_quick,256,1618,16386,314,0.9592,True,False
T_QSS,triplet,killer_quick,256,2718,16386,314,0.9155,True,False
T_QSS,triplet,killer_quick,256,3141,16386,314,0.9256,True,False
T_QSS,triplet,killer_quick,256,9973,16386,314,0.9477,True,False
T_QSS,triplet,killer_quick,256,31337,16386,314,0.9711,True,False
T_QSS,triplet,killer_quick,256,65537,16386,314,0.9232,True,False
TimCustom,base,killer_quick,256,42,2744,2928,0.3119,True,False
TimCustom,base,killer_quick,256,137,2744,2928,0.3125,True,False
TimCustom,base,killer_quick,256,1618,2744,2928,0.3069,True,False
TimCustom,base,killer_quick,256,2718,2744,2928,0.3059,True,False
TimCustom,base,killer_quick,256,3141,2744,2928,0.3028,True,False
TimCustom,base,killer_quick,256,9973,2744,2928,0.3063,True,False
TimCustom,base,killer_quick,256,31337,2744,2928,0.3028,True,False
TimCustom,base,killer_quick,256,65537,2744,2928,0.3076,True,False
Bubble,base,nearly_sorted,256,42,32640,1370,1.3715,True,False
Bubble,base,nearly_sorted,256,137,32640,1908,1.3515,True,False
Bubble,base,nearly_sorted,256,1618,32640,1713,1.346,True,False
Bubble,base,nearly_sorted,256,2718,32640,1843,1.3498,True,False
Bubble,base,nearly_sorted,256,3141,32640,2040,1.3985,True,False
Bubble,base,nearly_sorted,256,9973,32640,2360,1.3699,True,False
Bubble,base,nearly_sorted,256,31337,32640,2160,1.3532,True,False
Bubble,base,nearly_sorted,256,65537,32640,1970,1.4111,True,False
Heap,base,nearly_sorted,256,42,3443,1954,0.2986,True,False
Heap,base,nearly_sorted,256,137,3428,1946,0.2945,True,False
Heap,base,nearly_sorted,256,1618,3434,1947,0.2956,True,False
Heap,base,nearly_sorted,256,2718,3431,1959,0.2957,True,False
Heap,base,nearly_sorted,256,3141,3431,1942,0.2964,True,False
Heap,base,nearly_sorted,256,9973,3430,1950,0.3051,True,False
Heap,base,nearly_sorted,256,31337,3432,1944,0.2972,True,False
Heap,base,nearly_sorted,256,65537,3438,1954,0.2908,True,False
Hybrid_Intro,hybrid,nearly_sorted,256,42,1278,47,0.0938,True,False
Hybrid_Intro,hybrid,nearly_sorted,256,137,1296,47,0.0947,True,False
Hybrid_Intro,hybrid,nearly_sorted,256,1618,1332,53,0.0996,True,False
Hybrid_Intro,hybrid,nearly_sorted,256,2718,1260,46,0.0913,True,False
Hybrid_Intro,hybrid,nearly_sorted,256,3141,1305,53,0.0954,True,False
Hybrid_Intro,hybrid,nearly_sorted,256,9973,1383,58,0.1005,True,False
Hybrid_Intro,hybrid,nearly_sorted,256,31337,1313,58,0.0963,True,False
Hybrid_Intro,hybrid,nearly_sorted,256,65537,1355,58,0.1003,True,False
Hybrid_MI,hybrid,nearly_sorted,256,42,1211,1086,0.1624,True,False
Hybrid_MI,hybrid,nearly_sorted,256,137,1307,1106,0.1709,True,False
Hybrid_MI,hybrid,nearly_sorted,256,1618,1197,1091,0.1616,True,False
Hybrid_MI,hybrid,nearly_sorted,256,2718,1181,1078,0.1619,True,False
Hybrid_MI,hybrid,nearly_sorted,256,3141,1222,1087,0.1641,True,False
Hybrid_MI,hybrid,nearly_sorted,256,9973,1299,1105,0.1687,True,False
Hybrid_MI,hybrid,nearly_sorted,256,31337,1217,1091,0.1636,True,False
Hybrid_MI,hybrid,nearly_sorted,256,65537,1153,1098,0.1609,True,False
Hybrid_QI,hybrid,nearly_sorted,256,42,1278,47,0.0909,True,False
Hybrid_QI,hybrid,nearly_sorted,256,137,1296,47,0.0929,True,False
Hybrid_QI,hybrid,nearly_sorted,256,1618,1332,53,0.0964,True,False
Hybrid_QI,hybrid,nearly_sorted,256,2718,1260,46,0.0903,True,False
Hybrid_QI,hybrid,nearly_sorted,256,3141,1305,53,0.0933,True,False
Hybrid_QI,hybrid,nearly_sorted,256,9973,1383,58,0.098,True,False
Hybrid_QI,hybrid,nearly_sorted,256,31337,1313,58,0.0947,True,False
Hybrid_QI,hybrid,nearly_sorted,256,65537,1355,58,0.0978,True,False
Hybrid_RI,hybrid,nearly_sorted,256,42,0,768,0.1078,True,False
Hybrid_RI,hybrid,nearly_sorted,256,137,0,768,0.1072,True,False
Hybrid_RI,hybrid,nearly_sorted,256,1618,0,768,0.1079,True,False
Hybrid_RI,hybrid,nearly_sorted,256,2718,0,768,0.1097,True,False
Hybrid_RI,hybrid,nearly_sorted,256,3141,0,768,0.1082,True,False
Hybrid_RI,hybrid,nearly_sorted,256,9973,0,768,0.1067,True,False
Hybrid_RI,hybrid,nearly_sorted,256,31337,0,768,0.1082,True,False
Hybrid_RI,hybrid,nearly_sorted,256,65537,0,768,0.1071,True,False
Insertion,base,nearly_sorted,256,42,1625,1593,0.1235,True,False
Insertion,base,nearly_sorted,256,137,2163,2153,0.1623,True,False
Insertion,base,nearly_sorted,256,1618,1968,1924,0.1492,True,False
Insertion,base,nearly_sorted,256,2718,2098,2091,0.1594,True,False
Insertion,base,nearly_sorted,256,3141,2295,2259,0.1747,True,False
Insertion,base,nearly_sorted,256,9973,2615,2602,0.1935,True,False
Insertion,base,nearly_sorted,256,31337,2415,2404,0.1787,True,False
Insertion,base,nearly_sorted,256,65537,2225,2167,0.166,True,False
Merge,base,nearly_sorted,256,42,1409,2048,0.3084,True,False
Merge,base,nearly_sorted,256,137,1482,2048,0.3067,True,False
Merge,base,nearly_sorted,256,1618,1388,2048,0.3013,True,False
Merge,base,nearly_sorted,256,2718,1364,2048,0.3009,True,False
Merge,base,nearly_sorted,256,3141,1378,2048,0.3019,True,False
Merge,base,nearly_sorted,256,9973,1488,2048,0.3075,True,False
Merge,base,nearly_sorted,256,31337,1379,2048,0.2997,True,False
Merge,base,nearly_sorted,256,65537,1330,2048,0.3032,True,False
Quick,base,nearly_sorted,256,42,1686,148,0.1378,True,False
Quick,base,nearly_sorted,256,137,1674,148,0.1363,True,False
Quick,base,nearly_sorted,256,1618,1714,174,0.1412,True,False
Quick,base,nearly_sorted,256,2718,1680,151,0.1366,True,False
Quick,base,nearly_sorted,256,3141,1694,164,0.1402,True,False
Quick,base,nearly_sorted,256,9973,1766,166,0.1424,True,False
Quick,base,nearly_sorted,256,31337,1709,173,0.1426,True,False
Quick,base,nearly_sorted,256,65537,1721,186,0.1427,True,False
Radix,base,nearly_sorted,256,42,0,768,0.1073,True,False
Radix,base,nearly_sorted,256,137,0,768,0.1067,True,False
Radix,base,nearly_sorted,256,1618,0,768,0.1072,True,False
Radix,base,nearly_sorted,256,2718,0,768,0.1066,True,False
Radix,base,nearly_sorted,256,3141,0,768,0.1084,True,False
Radix,base,nearly_sorted,256,9973,0,768,0.1049,True,False
Radix,base,nearly_sorted,256,31337,0,768,0.1058,True,False
Radix,base,nearly_sorted,256,65537,0,768,0.106,True,False
Selection,base,nearly_sorted,256,42,32640,12,1.081,True,False
Selection,base,nearly_sorted,256,137,32640,12,1.0945,True,False
Selection,base,nearly_sorted,256,1618,32640,11,1.2193,True,False
Selection,base,nearly_sorted,256,2718,32640,11,1.0986,True,False
Selection,base,nearly_sorted,256,3141,32640,12,1.1052,True,False
Selection,base,nearly_sorted,256,9973,32640,12,1.1184,True,False
Selection,base,nearly_sorted,256,31337,32640,12,1.0951,True,False
Selection,base,nearly_sorted,256,65537,32640,12,1.0979,True,False
T_MHB,triplet,nearly_sorted,256,42,3114,1943,0.3654,True,False
T_MHB,triplet,nearly_sorted,256,137,3113,1919,0.3708,True,False
T_MHB,triplet,nearly_sorted,256,1618,3071,1902,0.3425,True,False
T_MHB,triplet,nearly_sorted,256,2718,3093,1907,0.3478,True,False
T_MHB,triplet,nearly_sorted,256,3141,3060,1896,0.3483,True,False
T_MHB,triplet,nearly_sorted,256,9973,3052,1894,0.3456,True,False
T_MHB,triplet,nearly_sorted,256,31337,3098,1907,0.3547,True,False
T_MHB,triplet,nearly_sorted,256,65537,3010,1890,0.341,True,False
T_MHI,triplet,nearly_sorted,256,42,3114,1943,0.3554,True,False
T_MHI,triplet,nearly_sorted,256,137,3113,1919,0.3556,True,False
T_MHI,triplet,nearly_sorted,256,1618,3071,1902,0.3472,True,False
T_MHI,triplet,nearly_sorted,256,2718,3093,1907,0.3479,True,False
T_MHI,triplet,nearly_sorted,256,3141,3060,1896,0.3445,True,False
T_MHI,triplet,nearly_sorted,256,9973,3052,1894,0.3472,True,False
T_MHI,triplet,nearly_sorted,256,31337,3098,1907,0.3583,True,False
T_MHI,triplet,nearly_sorted,256,65537,3010,1890,0.347,True,False
T_MHS,triplet,nearly_sorted,256,42,3114,1943,0.3572,True,False
T_MHS,triplet,nearly_sorted,256,137,3113,1919,0.3487,True,False
T_MHS,triplet,nearly_sorted,256,1618,3071,1902,0.3477,True,False
T_MHS,triplet,nearly_sorted,256,2718,3093,1907,0.3551,True,False
T_MHS,triplet,nearly_sorted,256,3141,3060,1896,0.3476,True,False
T_MHS,triplet,nearly_sorted,256,9973,3052,1894,0.3468,True,False
T_MHS,triplet,nearly_sorted,256,31337,3098,1907,0.3564,True,False
T_MHS,triplet,nearly_sorted,256,65537,3010,1890,0.3452,True,False
T_MIB,triplet,nearly_sorted,256,42,1522,1309,0.1657,True,False
T_MIB,triplet,nearly_sorted,256,137,1709,1469,0.1816,True,False
T_MIB,triplet,nearly_sorted,256,1618,1486,1250,0.1617,True,False
T_MIB,triplet,nearly_sorted,256,2718,1728,1483,0.1852,True,False
T_MIB,triplet,nearly_sorted,256,3141,1669,1438,0.1793,True,False
T_MIB,triplet,nearly_sorted,256,9973,1914,1682,0.2081,True,False
T_MIB,triplet,nearly_sorted,256,31337,1794,1543,0.1926,True,False
T_MIB,triplet,nearly_sorted,256,65537,1491,1292,0.1614,True,False
T_MII,triplet,nearly_sorted,256,42,1522,1309,0.1646,True,False
T_MII,triplet,nearly_sorted,256,137,1709,1469,0.1825,True,False
T_MII,triplet,nearly_sorted,256,1618,1486,1250,0.1601,True,False
T_MII,triplet,nearly_sorted,256,2718,1728,1483,0.1815,True,False
T_MII,triplet,nearly_sorted,256,3141,1669,1438,0.1755,True,False
T_MII,triplet,nearly_sorted,256,9973,1914,1682,0.2073,True,False
T_MII,triplet,nearly_sorted,256,31337,1794,1543,0.1943,True,False
T_MII,triplet,nearly_sorted,256,65537,1491,1292,0.1656,True,False
T_MIS,triplet,nearly_sorted,256,42,1522,1309,0.1653,True,False
T_MIS,triplet,nearly_sorted,256,137,1709,1469,0.1823,True,False
T_MIS,triplet,nearly_sorted,256,1618,1486,1250,0.1602,True,False
T_MIS,triplet,nearly_sorted,256,2718,1728,1483,0.1815,True,False
T_MIS,triplet,nearly_sorted,256,3141,1669,1438,0.1778,True,False
T_MIS,triplet,nearly_sorted,256,9973,1914,1682,0.2036,True,False
T_MIS,triplet,nearly_sorted,256,31337,1794,1543,0.1879,True,False
T_MIS,triplet,nearly_sorted,256,65537,1491,1292,0.1594,True,False
T_MMB,triplet,nearly_sorted,256,42,1830,1166,0.2087,True,False
T_MMB,triplet,nearly_sorted,256,137,1856,1213,0.2123,True,False
T_MMB,triplet,nearly_sorted,256,1618,1721,1172,0.2029,True,False
T_MMB,triplet,nearly_sorted,256,2718,1713,1167,0.2008,True,False
T_MMB,triplet,nearly_sorted,256,3141,1846,1205,0.2121,True,False
T_MMB,triplet,nearly_sorted,256,9973,1903,1184,0.2134,True,False
T_MMB,triplet,nearly_sorted,256,31337,1932,1209,0.2188,True,False
T_MMB,triplet,nearly_sorted,256,65537,1650,1198,0.1988,True,False
T_MMI,triplet,nearly_sorted,256,42,1211,1166,0.1682,True,False
T_MMI,triplet,nearly_sorted,256,137,1307,1213,0.1772,True,False
T_MMI,triplet,nearly_sorted,256,1618,1197,1172,0.1683,True,False
T_MMI,triplet,nearly_sorted,256,2718,1181,1167,0.1812,True,False
T_MMI,triplet,nearly_sorted,256,3141,1222,1205,0.1709,True,False
T_MMI,triplet,nearly_sorted,256,9973,1299,1184,0.1745,True,False
T_MMI,triplet,nearly_sorted,256,31337,1217,1209,0.1736,True,False
T_MMI,triplet,nearly_sorted,256,65537,1153,1198,0.1677,True,False
T_MMS,triplet,nearly_sorted,256,42,2761,1136,0.2687,True,False
T_MMS,triplet,nearly_sorted,256,137,2806,1143,0.2724,True,False
T_MMS,triplet,nearly_sorted,256,1618,2736,1144,0.3026,True,False
T_MMS,triplet,nearly_sorted,256,2718,2728,1117,0.2649,True,False
T_MMS,triplet,nearly_sorted,256,3141,2729,1145,0.2692,True,False
T_MMS,triplet,nearly_sorted,256,9973,2827,1140,0.2705,True,False
T_MMS,triplet,nearly_sorted,256,31337,2722,1161,0.2659,True,False
T_MMS,triplet,nearly_sorted,256,65537,2668,1140,0.2644,True,False
T_MQB,triplet,nearly_sorted,256,42,2100,617,0.1925,True,False
T_MQB,triplet,nearly_sorted,256,137,2161,785,0.2092,True,False
T_MQB,triplet,nearly_sorted,256,1618,2143,759,0.2118,True,False
T_MQB,triplet,nearly_sorted,256,2718,2258,767,0.2146,True,False
T_MQB,triplet,nearly_sorted,256,3141,2124,826,0.2121,True,False
T_MQB,triplet,nearly_sorted,256,9973,2191,864,0.2193,True,False
T_MQB,triplet,nearly_sorted,256,31337,2132,766,0.2099,True,False
T_MQB,triplet,nearly_sorted,256,65537,2012,766,0.1998,True,False
T_MQI,triplet,nearly_sorted,256,42,1721,617,0.1627,True,False
T_MQI,triplet,nearly_sorted,256,137,1832,785,0.1779,True,False
T_MQI,triplet,nearly_sorted,256,1618,1832,759,0.1764,True,False
T_MQI,triplet,nearly_sorted,256,2718,1828,767,0.1755,True,False
T_MQI,triplet,nearly_sorted,256,3141,1910,826,0.1901,True,False
T_MQI,triplet,nearly_sorted,256,9973,1946,864,0.189,True,False
T_MQI,triplet,nearly_sorted,256,31337,1862,766,0.1791,True,False
T_MQI,triplet,nearly_sorted,256,65537,1855,766,0.1821,True,False
T_MQS,triplet,nearly_sorted,256,42,2601,503,0.2249,True,False
T_MQS,triplet,nearly_sorted,256,137,2502,543,0.2191,True,False
T_MQS,triplet,nearly_sorted,256,1618,2519,525,0.2187,True,False
T_MQS,triplet,nearly_sorted,256,2718,2514,551,0.2203,True,False
T_MQS,triplet,nearly_sorted,256,3141,2432,540,0.2165,True,False
T_MQS,triplet,nearly_sorted,256,9973,2401,556,0.2195,True,False
T_MQS,triplet,nearly_sorted,256,31337,2507,544,0.2205,True,False
T_MQS,triplet,nearly_sorted,256,65537,2428,530,0.2144,True,False
T_MRB,triplet,nearly_sorted,256,42,217,1024,0.148,True,False
T_MRB,triplet,nearly_sorted,256,137,245,1024,0.1502,True,False
T_MRB,triplet,nearly_sorted,256,1618,241,1024,0.1493,True,False
T_MRB,triplet,nearly_sorted,256,2718,250,1024,0.1487,True,False
T_MRB,triplet,nearly_sorted,256,3141,234,1024,0.1474,True,False
T_MRB,triplet,nearly_sorted,256,9973,238,1024,0.1491,True,False
T_MRB,triplet,nearly_sorted,256,31337,254,1024,0.1503,True,False
T_MRB,triplet,nearly_sorted,256,65537,204,1024,0.1475,True,False
T_MRI,triplet,nearly_sorted,256,42,217,1024,0.1471,True,False
T_MRI,triplet,nearly_sorted,256,137,245,1024,0.1528,True,False
T_MRI,triplet,nearly_sorted,256,1618,241,1024,0.1496,True,False
T_MRI,triplet,nearly_sorted,256,2718,250,1024,0.1501,True,False
T_MRI,triplet,nearly_sorted,256,3141,234,1024,0.1486,True,False
T_MRI,triplet,nearly_sorted,256,9973,238,1024,0.1511,True,False
T_MRI,triplet,nearly_sorted,256,31337,254,1024,0.1502,True,False
T_MRI,triplet,nearly_sorted,256,65537,204,1024,0.1487,True,False
T_MRS,triplet,nearly_sorted,256,42,217,1024,0.1496,True,False
T_MRS,triplet,nearly_sorted,256,137,245,1024,0.1501,True,False
T_MRS,triplet,nearly_sorted,256,1618,241,1024,0.1507,True,False
T_MRS,triplet,nearly_sorted,256,2718,250,1024,0.1506,True,False
T_MRS,triplet,nearly_sorted,256,3141,234,1024,0.1481,True,False
T_MRS,triplet,nearly_sorted,256,9973,238,1024,0.1495,True,False
T_MRS,triplet,nearly_sorted,256,31337,254,1024,0.1497,True,False
T_MRS,triplet,nearly_sorted,256,65537,204,1024,0.1476,True,False
T_MSB,triplet,nearly_sorted,256,42,16473,455,0.9108,True,False
T_MSB,triplet,nearly_sorted,256,137,16501,491,0.9466,True,False
T_MSB,triplet,nearly_sorted,256,1618,16497,458,0.9224,True,False
T_MSB,triplet,nearly_sorted,256,2718,16506,499,0.9586,True,False
T_MSB,triplet,nearly_sorted,256,3141,16490,466,0.9435,True,False
T_MSB,triplet,nearly_sorted,256,9973,16494,476,0.9285,True,False
T_MSB,triplet,nearly_sorted,256,31337,16510,467,0.924,True,False
T_MSB,triplet,nearly_sorted,256,65537,16460,450,0.9226,True,False
T_MSI,triplet,nearly_sorted,256,42,16473,455,0.9196,True,False
T_MSI,triplet,nearly_sorted,256,137,16501,491,0.9225,True,False
T_MSI,triplet,nearly_sorted,256,1618,16497,458,0.9205,True,False
T_MSI,triplet,nearly_sorted,256,2718,16506,499,0.9259,True,False
T_MSI,triplet,nearly_sorted,256,3141,16490,466,0.9152,True,False
T_MSI,triplet,nearly_sorted,256,9973,16494,476,0.9302,True,False
T_MSI,triplet,nearly_sorted,256,31337,16510,467,0.8211,True,False
T_MSI,triplet,nearly_sorted,256,65537,16460,450,0.8482,True,False
T_MSS,triplet,nearly_sorted,256,42,16473,455,0.9252,True,False
T_MSS,triplet,nearly_sorted,256,137,16501,491,0.9272,True,False
T_MSS,triplet,nearly_sorted,256,1618,16497,458,1.0361,True,False
T_MSS,triplet,nearly_sorted,256,2718,16506,499,0.9236,True,False
T_MSS,triplet,nearly_sorted,256,3141,16490,466,0.9414,True,False
T_MSS,triplet,nearly_sorted,256,9973,16494,476,0.825,True,False
T_MSS,triplet,nearly_sorted,256,31337,16510,467,0.9366,True,False
T_MSS,triplet,nearly_sorted,256,65537,16460,450,0.9392,True,False
T_QHB,triplet,nearly_sorted,256,42,3154,1692,0.3356,True,False
T_QHB,triplet,nearly_sorted,256,137,3159,1688,0.3355,True,False
T_QHB,triplet,nearly_sorted,256,1618,3162,1703,0.4549,True,False
T_QHB,triplet,nearly_sorted,256,2718,3161,1701,0.3391,True,False
T_QHB,triplet,nearly_sorted,256,3141,3158,1698,0.3385,True,False
T_QHB,triplet,nearly_sorted,256,9973,3164,1698,0.3355,True,False
T_QHB,triplet,nearly_sorted,256,31337,3148,1688,0.3305,True,False
T_QHB,triplet,nearly_sorted,256,65537,3159,1694,0.3272,True,False
T_QHI,triplet,nearly_sorted,256,42,3154,1692,0.3021,True,False
T_QHI,triplet,nearly_sorted,256,137,3159,1688,0.3038,True,False
T_QHI,triplet,nearly_sorted,256,1618,3162,1703,0.3074,True,False
T_QHI,triplet,nearly_sorted,256,2718,3161,1701,0.2947,True,False
T_QHI,triplet,nearly_sorted,256,3141,3158,1698,0.299,True,False
T_QHI,triplet,nearly_sorted,256,9973,3164,1698,0.3018,True,False
T_QHI,triplet,nearly_sorted,256,31337,3148,1688,0.3037,True,False
T_QHI,triplet,nearly_sorted,256,65537,3159,1694,0.3411,True,False
T_QHS,triplet,nearly_sorted,256,42,3154,1692,0.3355,True,False
T_QHS,triplet,nearly_sorted,256,137,3159,1688,0.2995,True,False
T_QHS,triplet,nearly_sorted,256,1618,3162,1703,0.2958,True,False
T_QHS,triplet,nearly_sorted,256,2718,3161,1701,0.317,True,False
T_QHS,triplet,nearly_sorted,256,3141,3158,1698,0.3104,True,False
T_QHS,triplet,nearly_sorted,256,9973,3164,1698,0.318,True,False
T_QHS,triplet,nearly_sorted,256,31337,3148,1688,0.2982,True,False
T_QHS,triplet,nearly_sorted,256,65537,3159,1694,0.3019,True,False
T_QIB,triplet,nearly_sorted,256,42,1529,1024,0.1289,True,False
T_QIB,triplet,nearly_sorted,256,137,1271,768,0.1069,True,False
T_QIB,triplet,nearly_sorted,256,1618,1345,843,0.1134,True,False
T_QIB,triplet,nearly_sorted,256,2718,1261,757,0.1057,True,False
T_QIB,triplet,nearly_sorted,256,3141,1232,730,0.1034,True,False
T_QIB,triplet,nearly_sorted,256,9973,1176,674,0.0976,True,False
T_QIB,triplet,nearly_sorted,256,31337,1567,1066,0.1337,True,False
T_QIB,triplet,nearly_sorted,256,65537,1099,600,0.0979,True,False
T_QII,triplet,nearly_sorted,256,42,1529,1024,0.1331,True,False
T_QII,triplet,nearly_sorted,256,137,1271,768,0.1078,True,False
T_QII,triplet,nearly_sorted,256,1618,1345,843,0.1111,True,False
T_QII,triplet,nearly_sorted,256,2718,1261,757,0.1045,True,False
T_QII,triplet,nearly_sorted,256,3141,1232,730,0.1151,True,False
T_QII,triplet,nearly_sorted,256,9973,1176,674,0.1109,True,False
T_QII,triplet,nearly_sorted,256,31337,1567,1066,0.1521,True,False
T_QII,triplet,nearly_sorted,256,65537,1099,600,0.1008,True,False
T_QIS,triplet,nearly_sorted,256,42,1529,1024,0.148,True,False
T_QIS,triplet,nearly_sorted,256,137,1271,768,0.1223,True,False
T_QIS,triplet,nearly_sorted,256,1618,1345,843,0.1292,True,False
T_QIS,triplet,nearly_sorted,256,2718,1261,757,0.1049,True,False
T_QIS,triplet,nearly_sorted,256,3141,1232,730,0.1025,True,False
T_QIS,triplet,nearly_sorted,256,9973,1176,674,0.0972,True,False
T_QIS,triplet,nearly_sorted,256,31337,1567,1066,0.1341,True,False
T_QIS,triplet,nearly_sorted,256,65537,1099,600,0.0899,True,False
T_QMB,triplet,nearly_sorted,256,42,1685,866,0.1588,True,False
T_QMB,triplet,nearly_sorted,256,137,1807,924,0.1713,True,False
T_QMB,triplet,nearly_sorted,256,1618,1645,891,0.1577,True,False
T_QMB,triplet,nearly_sorted,256,2718,1586,891,0.1549,True,False
T_QMB,triplet,nearly_sorted,256,3141,1836,941,0.1735,True,False
T_QMB,triplet,nearly_sorted,256,9973,1601,867,0.1536,True,False
T_QMB,triplet,nearly_sorted,256,31337,1822,960,0.1725,True,False
T_QMB,triplet,nearly_sorted,256,65537,1509,925,0.1522,True,False
T_QMI,triplet,nearly_sorted,256,42,1210,866,0.133,True,False
T_QMI,triplet,nearly_sorted,256,137,1236,924,0.136,True,False
T_QMI,triplet,nearly_sorted,256,1618,1184,891,0.1327,True,False
T_QMI,triplet,nearly_sorted,256,2718,1130,891,0.1307,True,False
T_QMI,triplet,nearly_sorted,256,3141,1219,941,0.1373,True,False
T_QMI,triplet,nearly_sorted,256,9973,1210,867,0.1401,True,False
T_QMI,triplet,nearly_sorted,256,31337,1301,960,0.142,True,False
T_QMI,triplet,nearly_sorted,256,65537,1176,925,0.1344,True,False
T_QMS,triplet,nearly_sorted,256,42,2788,852,0.2484,True,False
T_QMS,triplet,nearly_sorted,256,137,2757,886,0.2632,True,False
T_QMS,triplet,nearly_sorted,256,1618,2739,865,0.2714,True,False
T_QMS,triplet,nearly_sorted,256,2718,2685,857,0.2196,True,False
T_QMS,triplet,nearly_sorted,256,3141,2726,877,0.2212,True,False
T_QMS,triplet,nearly_sorted,256,9973,2790,859,0.252,True,False
T_QMS,triplet,nearly_sorted,256,31337,2790,888,0.2271,True,False
T_QMS,triplet,nearly_sorted,256,65537,2700,873,0.2199,True,False
T_QQB,triplet,nearly_sorted,256,42,1300,50,0.084,True,False
T_QQB,triplet,nearly_sorted,256,137,1449,90,0.0954,True,False
T_QQB,triplet,nearly_sorted,256,1618,1581,109,0.1059,True,False
T_QQB,triplet,nearly_sorted,256,2718,1315,53,0.0847,True,False
T_QQB,triplet,nearly_sorted,256,3141,1392,82,0.0912,True,False
T_QQB,triplet,nearly_sorted,256,9973,1499,84,0.0974,True,False
T_QQB,triplet,nearly_sorted,256,31337,1414,90,0.0938,True,False
T_QQB,triplet,nearly_sorted,256,65537,1475,94,0.1005,True,False
T_QQI,triplet,nearly_sorted,256,42,1278,50,0.0887,True,False
T_QQI,triplet,nearly_sorted,256,137,1296,90,0.0894,True,False
T_QQI,triplet,nearly_sorted,256,1618,1332,109,0.0934,True,False
T_QQI,triplet,nearly_sorted,256,2718,1260,53,0.0957,True,False
T_QQI,triplet,nearly_sorted,256,3141,1305,82,0.1006,True,False
T_QQI,triplet,nearly_sorted,256,9973,1383,84,0.1035,True,False
T_QQI,triplet,nearly_sorted,256,31337,1313,90,0.1006,True,False
T_QQI,triplet,nearly_sorted,256,65537,1355,94,0.0949,True,False
T_QQS,triplet,nearly_sorted,256,42,2668,48,0.1692,True,False
T_QQS,triplet,nearly_sorted,256,137,2723,50,0.1876,True,False
T_QQS,triplet,nearly_sorted,256,1618,2690,61,0.1886,True,False
T_QQS,triplet,nearly_sorted,256,2718,2723,49,0.1889,True,False
T_QQS,triplet,nearly_sorted,256,3141,2674,58,0.1937,True,False
T_QQS,triplet,nearly_sorted,256,9973,2684,62,0.1944,True,False
T_QQS,triplet,nearly_sorted,256,31337,2661,62,0.1999,True,False
T_QQS,triplet,nearly_sorted,256,65537,2476,64,0.1813,True,False
T_QRB,triplet,nearly_sorted,256,42,257,770,0.1348,True,False
T_QRB,triplet,nearly_sorted,256,137,257,772,0.1358,True,False
T_QRB,triplet,nearly_sorted,256,1618,257,773,0.1355,True,False
T_QRB,triplet,nearly_sorted,256,2718,257,771,0.1356,True,False
T_QRB,triplet,nearly_sorted,256,3141,257,773,0.1345,True,False
T_QRB,triplet,nearly_sorted,256,9973,257,773,0.1351,True,False
T_QRB,triplet,nearly_sorted,256,31337,257,774,0.1348,True,False
T_QRB,triplet,nearly_sorted,256,65537,257,776,0.1349,True,False
T_QRI,triplet,nearly_sorted,256,42,257,770,0.1331,True,False
T_QRI,triplet,nearly_sorted,256,137,257,772,0.1338,True,False
T_QRI,triplet,nearly_sorted,256,1618,257,773,0.133,True,False
T_QRI,triplet,nearly_sorted,256,2718,257,771,0.1371,True,False
T_QRI,triplet,nearly_sorted,256,3141,257,773,0.1335,True,False
T_QRI,triplet,nearly_sorted,256,9973,257,773,0.1337,True,False
T_QRI,triplet,nearly_sorted,256,31337,257,774,0.1336,True,False
T_QRI,triplet,nearly_sorted,256,65537,257,776,0.1331,True,False
T_QRS,triplet,nearly_sorted,256,42,257,770,0.1325,True,False
T_QRS,triplet,nearly_sorted,256,137,257,772,0.1335,True,False
T_QRS,triplet,nearly_sorted,256,1618,257,773,0.1332,True,False
T_QRS,triplet,nearly_sorted,256,2718,257,771,0.1327,True,False
T_QRS,triplet,nearly_sorted,256,3141,257,773,0.134,True,False
T_QRS,triplet,nearly_sorted,256,9973,257,773,0.1335,True,False
T_QRS,triplet,nearly_sorted,256,31337,257,774,0.1338,True,False
T_QRS,triplet,nearly_sorted,256,65537,257,776,0.1386,True,False
T_QSB,triplet,nearly_sorted,256,42,16386,16,0.89,True,False
T_QSB,triplet,nearly_sorted,256,137,16386,16,0.8832,True,False
T_QSB,triplet,nearly_sorted,256,1618,16386,23,0.8888,True,False
T_QSB,triplet,nearly_sorted,256,2718,16386,15,0.8858,True,False
T_QSB,triplet,nearly_sorted,256,3141,16386,20,0.8921,True,False
T_QSB,triplet,nearly_sorted,256,9973,16386,20,0.8927,True,False
T_QSB,triplet,nearly_sorted,256,31337,16386,24,0.8837,True,False
T_QSB,triplet,nearly_sorted,256,65537,16386,24,0.89,True,False
T_QSI,triplet,nearly_sorted,256,42,16386,16,0.8041,True,False
T_QSI,triplet,nearly_sorted,256,137,16386,16,0.818,True,False
T_QSI,triplet,nearly_sorted,256,1618,16386,23,0.7841,True,False
T_QSI,triplet,nearly_sorted,256,2718,16386,15,0.7952,True,False
T_QSI,triplet,nearly_sorted,256,3141,16386,20,0.8364,True,False
T_QSI,triplet,nearly_sorted,256,9973,16386,20,0.8074,True,False
T_QSI,triplet,nearly_sorted,256,31337,16386,24,0.8464,True,False
T_QSI,triplet,nearly_sorted,256,65537,16386,24,0.7846,True,False
T_QSS,triplet,nearly_sorted,256,42,16386,16,0.7884,True,False
T_QSS,triplet,nearly_sorted,256,137,16386,16,0.7786,True,False
T_QSS,triplet,nearly_sorted,256,1618,16386,23,0.7973,True,False
T_QSS,triplet,nearly_sorted,256,2718,16386,15,0.8198,True,False
T_QSS,triplet,nearly_sorted,256,3141,16386,20,0.7961,True,False
T_QSS,triplet,nearly_sorted,256,9973,16386,20,0.8189,True,False
T_QSS,triplet,nearly_sorted,256,31337,16386,24,0.9302,True,False
T_QSS,triplet,nearly_sorted,256,65537,16386,24,0.8825,True,False
TimCustom,base,nearly_sorted,256,42,1218,1190,0.1531,True,False
TimCustom,base,nearly_sorted,256,137,1363,1335,0.1681,True,False
TimCustom,base,nearly_sorted,256,1618,1211,1168,0.164,True,False
TimCustom,base,nearly_sorted,256,2718,1190,1166,0.1452,True,False
TimCustom,base,nearly_sorted,256,3141,1237,1239,0.1521,True,False
TimCustom,base,nearly_sorted,256,9973,1277,1225,0.1574,True,False
TimCustom,base,nearly_sorted,256,31337,1186,1165,0.1483,True,False
TimCustom,base,nearly_sorted,256,65537,1110,1132,0.144,True,False
Bubble,base,pipe_organ,256,42,32640,16129,1.9796,True,False
Bubble,base,pipe_organ,256,137,32640,16129,1.99,True,False
Bubble,base,pipe_organ,256,1618,32640,16129,1.982,True,False
Bubble,base,pipe_organ,256,2718,32640,16129,1.847,True,False
Bubble,base,pipe_organ,256,3141,32640,16129,1.9645,True,False
Bubble,base,pipe_organ,256,9973,32640,16129,1.9785,True,False
Bubble,base,pipe_organ,256,31337,32640,16129,1.9767,True,False
Bubble,base,pipe_organ,256,65537,32640,16129,1.9585,True,False
Heap,base,pipe_organ,256,42,3383,1840,0.2878,True,False
Heap,base,pipe_organ,256,137,3383,1840,0.2844,True,False
Heap,base,pipe_organ,256,1618,3383,1840,0.2825,True,False
Heap,base,pipe_organ,256,2718,3383,1840,0.2909,True,False
Heap,base,pipe_organ,256,3141,3383,1840,0.2836,True,False
Heap,base,pipe_organ,256,9973,3383,1840,0.2829,True,False
Heap,base,pipe_organ,256,31337,3383,1840,0.2813,True,False
Heap,base,pipe_organ,256,65537,3383,1840,0.2829,True,False
Hybrid_Intro,hybrid,pipe_organ,256,42,3667,439,0.2799,True,False
Hybrid_Intro,hybrid,pipe_organ,256,137,3667,439,0.2761,True,False
Hybrid_Intro,hybrid,pipe_organ,256,1618,3667,439,0.2753,True,False
Hybrid_Intro,hybrid,pipe_organ,256,2718,3667,439,0.28,True,False
Hybrid_Intro,hybrid,pipe_organ,256,3141,3667,439,0.276,True,False
Hybrid_Intro,hybrid,pipe_organ,256,9973,3667,439,0.2801,True,False
Hybrid_Intro,hybrid,pipe_organ,256,31337,3667,439,0.276,True,False
Hybrid_Intro,hybrid,pipe_organ,256,65537,3667,439,0.2726,True,False
Hybrid_MI,hybrid,pipe_organ,256,42,1718,1144,0.1944,True,False
Hybrid_MI,hybrid,pipe_organ,256,137,1718,1144,0.188,True,False
Hybrid_MI,hybrid,pipe_organ,256,1618,1718,1144,0.2108,True,False
Hybrid_MI,hybrid,pipe_organ,256,2718,1718,1144,0.208,True,False
Hybrid_MI,hybrid,pipe_organ,256,3141,1718,1144,0.2074,True,False
Hybrid_MI,hybrid,pipe_organ,256,9973,1718,1144,0.2083,True,False
Hybrid_MI,hybrid,pipe_organ,256,31337,1718,1144,0.2097,True,False
Hybrid_MI,hybrid,pipe_organ,256,65537,1718,1144,0.2079,True,False
Hybrid_QI,hybrid,pipe_organ,256,42,3647,359,0.2671,True,False
Hybrid_QI,hybrid,pipe_organ,256,137,3647,359,0.2629,True,False
Hybrid_QI,hybrid,pipe_organ,256,1618,3647,359,0.2644,True,False
Hybrid_QI,hybrid,pipe_organ,256,2718,3647,359,0.266,True,False
Hybrid_QI,hybrid,pipe_organ,256,3141,3647,359,0.2657,True,False
Hybrid_QI,hybrid,pipe_organ,256,9973,3647,359,0.2692,True,False
Hybrid_QI,hybrid,pipe_organ,256,31337,3647,359,0.265,True,False
Hybrid_QI,hybrid,pipe_organ,256,65537,3647,359,0.2693,True,False
Hybrid_RI,hybrid,pipe_organ,256,42,0,768,0.1058,True,False
Hybrid_RI,hybrid,pipe_organ,256,137,0,768,0.1059,True,False
Hybrid_RI,hybrid,pipe_organ,256,1618,0,768,0.1055,True,False
Hybrid_RI,hybrid,pipe_organ,256,2718,0,768,0.1061,True,False
Hybrid_RI,hybrid,pipe_organ,256,3141,0,768,0.106,True,False
Hybrid_RI,hybrid,pipe_organ,256,9973,0,768,0.107,True,False
Hybrid_RI,hybrid,pipe_organ,256,31337,0,768,0.1061,True,False
Hybrid_RI,hybrid,pipe_organ,256,65537,0,768,0.1074,True,False
Insertion,base,pipe_organ,256,42,16384,16256,1.0436,True,False
Insertion,base,pipe_organ,256,137,16384,16256,1.14,True,False
Insertion,base,pipe_organ,256,1618,16384,16256,1.1807,True,False
Insertion,base,pipe_organ,256,2718,16384,16256,1.1479,True,False
Insertion,base,pipe_organ,256,3141,16384,16256,1.1464,True,False
Insertion,base,pipe_organ,256,9973,16384,16256,1.0691,True,False
Insertion,base,pipe_organ,256,31337,16384,16256,1.1683,True,False
Insertion,base,pipe_organ,256,65537,16384,16256,1.0254,True,False
Merge,base,pipe_organ,256,42,1150,2048,0.2677,True,False
Merge,base,pipe_organ,256,137,1150,2048,0.2874,True,False
Merge,base,pipe_organ,256,1618,1150,2048,0.2887,True,False
Merge,base,pipe_organ,256,2718,1150,2048,0.2894,True,False
Merge,base,pipe_organ,256,3141,1150,2048,0.2872,True,False
Merge,base,pipe_organ,256,9973,1150,2048,0.2956,True,False
Merge,base,pipe_organ,256,31337,1150,2048,0.2908,True,False
Merge,base,pipe_organ,256,65537,1150,2048,0.2937,True,False
Quick,base,pipe_organ,256,42,3618,542,0.283,True,False
Quick,base,pipe_organ,256,137,3618,542,0.28,True,False
Quick,base,pipe_organ,256,1618,3618,542,0.2794,True,False
Quick,base,pipe_organ,256,2718,3618,542,0.2789,True,False
Quick,base,pipe_organ,256,3141,3618,542,0.2755,True,False
Quick,base,pipe_organ,256,9973,3618,542,0.2774,True,False
Quick,base,pipe_organ,256,31337,3618,542,0.28,True,False
Quick,base,pipe_organ,256,65537,3618,542,0.2808,True,False
Radix,base,pipe_organ,256,42,0,768,0.1057,True,False
Radix,base,pipe_organ,256,137,0,768,0.1055,True,False
Radix,base,pipe_organ,256,1618,0,768,0.1045,True,False
Radix,base,pipe_organ,256,2718,0,768,0.1041,True,False
Radix,base,pipe_organ,256,3141,0,768,0.1038,True,False
Radix,base,pipe_organ,256,9973,0,768,0.1052,True,False
Radix,base,pipe_organ,256,31337,0,768,0.1043,True,False
Radix,base,pipe_organ,256,65537,0,768,0.1097,True,False
Selection,base,pipe_organ,256,42,32640,232,1.1497,True,False
Selection,base,pipe_organ,256,137,32640,232,1.1335,True,False
Selection,base,pipe_organ,256,1618,32640,232,1.1242,True,False
Selection,base,pipe_organ,256,2718,32640,232,1.1838,True,False
Selection,base,pipe_organ,256,3141,32640,232,1.2487,True,False
Selection,base,pipe_organ,256,9973,32640,232,1.1505,True,False
Selection,base,pipe_organ,256,31337,32640,232,1.1564,True,False
Selection,base,pipe_organ,256,65537,32640,232,1.139,True,False
T_MHB,triplet,pipe_organ,256,42,3007,1808,0.3355,True,False
T_MHB,triplet,pipe_organ,256,137,3007,1808,0.3282,True,False
T_MHB,triplet,pipe_organ,256,1618,3007,1808,0.329,True,False
T_MHB,triplet,pipe_organ,256,2718,3007,1808,0.3347,True,False
T_MHB,triplet,pipe_organ,256,3141,3007,1808,0.3341,True,False
T_MHB,triplet,pipe_organ,256,9973,3007,1808,0.3358,True,False
T_MHB,triplet,pipe_organ,256,31337,3007,1808,0.3564,True,False
T_MHB,triplet,pipe_organ,256,65537,3007,1808,0.3353,True,False
T_MHI,triplet,pipe_organ,256,42,3007,1808,0.3328,True,False
T_MHI,triplet,pipe_organ,256,137,3007,1808,0.3298,True,False
T_MHI,triplet,pipe_organ,256,1618,3007,1808,0.3382,True,False
T_MHI,triplet,pipe_organ,256,2718,3007,1808,0.3545,True,False
T_MHI,triplet,pipe_organ,256,3141,3007,1808,0.3344,True,False
T_MHI,triplet,pipe_organ,256,9973,3007,1808,0.3332,True,False
T_MHI,triplet,pipe_organ,256,31337,3007,1808,0.3409,True,False
T_MHI,triplet,pipe_organ,256,65537,3007,1808,0.3324,True,False
T_MHS,triplet,pipe_organ,256,42,3007,1808,0.3344,True,False
T_MHS,triplet,pipe_organ,256,137,3007,1808,0.3342,True,False
T_MHS,triplet,pipe_organ,256,1618,3007,1808,0.3384,True,False
T_MHS,triplet,pipe_organ,256,2718,3007,1808,0.3524,True,False
T_MHS,triplet,pipe_organ,256,3141,3007,1808,0.3358,True,False
T_MHS,triplet,pipe_organ,256,9973,3007,1808,0.3365,True,False
T_MHS,triplet,pipe_organ,256,31337,3007,1808,0.3371,True,False
T_MHS,triplet,pipe_organ,256,65537,3007,1808,0.3333,True,False
T_MIB,triplet,pipe_organ,256,42,8509,8384,0.892,True,False
T_MIB,triplet,pipe_organ,256,137,8509,8384,0.8019,True,False
T_MIB,triplet,pipe_organ,256,1618,8509,8384,0.8657,True,False
T_MIB,triplet,pipe_organ,256,2718,8509,8384,0.789,True,False
T_MIB,triplet,pipe_organ,256,3141,8509,8384,0.8951,True,False
T_MIB,triplet,pipe_organ,256,9973,8509,8384,0.8893,True,False
T_MIB,triplet,pipe_organ,256,31337,8509,8384,0.894,True,False
T_MIB,triplet,pipe_organ,256,65537,8509,8384,0.7994,True,False
T_MII,triplet,pipe_organ,256,42,8509,8384,0.8169,True,False
T_MII,triplet,pipe_organ,256,137,8509,8384,0.8104,True,False
T_MII,triplet,pipe_organ,256,1618,8509,8384,0.9009,True,False
T_MII,triplet,pipe_organ,256,2718,8509,8384,0.8326,True,False
T_MII,triplet,pipe_organ,256,3141,8509,8384,0.802,True,False
T_MII,triplet,pipe_organ,256,9973,8509,8384,0.836,True,False
T_MII,triplet,pipe_organ,256,31337,8509,8384,0.8978,True,False
T_MII,triplet,pipe_organ,256,65537,8509,8384,0.9069,True,False
T_MIS,triplet,pipe_organ,256,42,8509,8384,0.8937,True,False
T_MIS,triplet,pipe_organ,256,137,8509,8384,0.8933,True,False
T_MIS,triplet,pipe_organ,256,1618,8509,8384,0.8947,True,False
T_MIS,triplet,pipe_organ,256,2718,8509,8384,0.9305,True,False
T_MIS,triplet,pipe_organ,256,3141,8509,8384,0.8142,True,False
T_MIS,triplet,pipe_organ,256,9973,8509,8384,0.7954,True,False
T_MIS,triplet,pipe_organ,256,31337,8509,8384,0.785,True,False
T_MIS,triplet,pipe_organ,256,65537,8509,8384,0.8337,True,False
T_MMB,triplet,pipe_organ,256,42,1718,1984,0.2602,True,False
T_MMB,triplet,pipe_organ,256,137,1718,1984,0.2289,True,False
T_MMB,triplet,pipe_organ,256,1618,1718,1984,0.2296,True,False
T_MMB,triplet,pipe_organ,256,2718,1718,1984,0.2655,True,False
T_MMB,triplet,pipe_organ,256,3141,1718,1984,0.3,True,False
T_MMB,triplet,pipe_organ,256,9973,1718,1984,0.2892,True,False
T_MMB,triplet,pipe_organ,256,31337,1718,1984,0.2289,True,False
T_MMB,triplet,pipe_organ,256,65537,1718,1984,0.2262,True,False
T_MMI,triplet,pipe_organ,256,42,1718,1984,0.2092,True,False
T_MMI,triplet,pipe_organ,256,137,1718,1984,0.2088,True,False
T_MMI,triplet,pipe_organ,256,1618,1718,1984,0.215,True,False
T_MMI,triplet,pipe_organ,256,2718,1718,1984,0.2163,True,False
T_MMI,triplet,pipe_organ,256,3141,1718,1984,0.2203,True,False
T_MMI,triplet,pipe_organ,256,9973,1718,1984,0.2387,True,False
T_MMI,triplet,pipe_organ,256,31337,1718,1984,0.2357,True,False
T_MMI,triplet,pipe_organ,256,65537,1718,1984,0.2362,True,False
T_MMS,triplet,pipe_organ,256,42,2558,1088,0.2587,True,False
T_MMS,triplet,pipe_organ,256,137,2558,1088,0.2593,True,False
T_MMS,triplet,pipe_organ,256,1618,2558,1088,0.2513,True,False
T_MMS,triplet,pipe_organ,256,2718,2558,1088,0.2532,True,False
T_MMS,triplet,pipe_organ,256,3141,2558,1088,0.251,True,False
T_MMS,triplet,pipe_organ,256,9973,2558,1088,0.2523,True,False
T_MMS,triplet,pipe_organ,256,31337,2558,1088,0.2515,True,False
T_MMS,triplet,pipe_organ,256,65537,2558,1088,0.2516,True,False
T_MQB,triplet,pipe_organ,256,42,2035,476,0.1856,True,False
T_MQB,triplet,pipe_organ,256,137,2035,476,0.1995,True,False
T_MQB,triplet,pipe_organ,256,1618,2035,476,0.1731,True,False
T_MQB,triplet,pipe_organ,256,2718,2035,476,0.1718,True,False
T_MQB,triplet,pipe_organ,256,3141,2035,476,0.1736,True,False
T_MQB,triplet,pipe_organ,256,9973,2035,476,0.174,True,False
T_MQB,triplet,pipe_organ,256,31337,2035,476,0.172,True,False
T_MQB,triplet,pipe_organ,256,65537,2035,476,0.2224,True,False
T_MQI,triplet,pipe_organ,256,42,1493,476,0.1379,True,False
T_MQI,triplet,pipe_organ,256,137,1493,476,0.137,True,False
T_MQI,triplet,pipe_organ,256,1618,1493,476,0.1358,True,False
T_MQI,triplet,pipe_organ,256,2718,1493,476,0.1362,True,False
T_MQI,triplet,pipe_organ,256,3141,1493,476,0.1372,True,False
T_MQI,triplet,pipe_organ,256,9973,1493,476,0.1389,True,False
T_MQI,triplet,pipe_organ,256,31337,1493,476,0.1369,True,False
T_MQI,triplet,pipe_organ,256,65537,1493,476,0.1368,True,False
T_MQS,triplet,pipe_organ,256,42,2777,476,0.2507,True,False
T_MQS,triplet,pipe_organ,256,137,2777,476,0.2186,True,False
T_MQS,triplet,pipe_organ,256,1618,2777,476,0.2201,True,False
T_MQS,triplet,pipe_organ,256,2718,2777,476,0.2199,True,False
T_MQS,triplet,pipe_organ,256,3141,2777,476,0.2223,True,False
T_MQS,triplet,pipe_organ,256,9973,2777,476,0.2194,True,False
T_MQS,triplet,pipe_organ,256,31337,2777,476,0.2239,True,False
T_MQS,triplet,pipe_organ,256,65537,2777,476,0.2176,True,False
T_MRB,triplet,pipe_organ,256,42,254,1024,0.1489,True,False
T_MRB,triplet,pipe_organ,256,137,254,1024,0.1488,True,False
T_MRB,triplet,pipe_organ,256,1618,254,1024,0.1489,True,False
T_MRB,triplet,pipe_organ,256,2718,254,1024,0.148,True,False
T_MRB,triplet,pipe_organ,256,3141,254,1024,0.1487,True,False
T_MRB,triplet,pipe_organ,256,9973,254,1024,0.15,True,False
T_MRB,triplet,pipe_organ,256,31337,254,1024,0.1522,True,False
T_MRB,triplet,pipe_organ,256,65537,254,1024,0.1493,True,False
T_MRI,triplet,pipe_organ,256,42,254,1024,0.1495,True,False
T_MRI,triplet,pipe_organ,256,137,254,1024,0.1491,True,False
T_MRI,triplet,pipe_organ,256,1618,254,1024,0.1495,True,False
T_MRI,triplet,pipe_organ,256,2718,254,1024,0.1496,True,False
T_MRI,triplet,pipe_organ,256,3141,254,1024,0.1498,True,False
T_MRI,triplet,pipe_organ,256,9973,254,1024,0.1555,True,False
T_MRI,triplet,pipe_organ,256,31337,254,1024,0.1502,True,False
T_MRI,triplet,pipe_organ,256,65537,254,1024,0.1501,True,False
T_MRS,triplet,pipe_organ,256,42,254,1024,0.1503,True,False
T_MRS,triplet,pipe_organ,256,137,254,1024,0.1511,True,False
T_MRS,triplet,pipe_organ,256,1618,254,1024,0.1494,True,False
T_MRS,triplet,pipe_organ,256,2718,254,1024,0.1509,True,False
T_MRS,triplet,pipe_organ,256,3141,254,1024,0.1495,True,False
T_MRS,triplet,pipe_organ,256,9973,254,1024,0.149,True,False
T_MRS,triplet,pipe_organ,256,31337,254,1024,0.1484,True,False
T_MRS,triplet,pipe_organ,256,65537,254,1024,0.1476,True,False
T_MSB,triplet,pipe_organ,256,42,16510,320,0.9263,True,False
T_MSB,triplet,pipe_organ,256,137,16510,320,0.9217,True,False
T_MSB,triplet,pipe_organ,256,1618,16510,320,0.9432,True,False
T_MSB,triplet,pipe_organ,256,2718,16510,320,0.8612,True,False
T_MSB,triplet,pipe_organ,256,3141,16510,320,0.9051,True,False
T_MSB,triplet,pipe_organ,256,9973,16510,320,0.9204,True,False
T_MSB,triplet,pipe_organ,256,31337,16510,320,0.9126,True,False
T_MSB,triplet,pipe_organ,256,65537,16510,320,0.9085,True,False
T_MSI,triplet,pipe_organ,256,42,16510,320,0.9086,True,False
T_MSI,triplet,pipe_organ,256,137,16510,320,0.9229,True,False
T_MSI,triplet,pipe_organ,256,1618,16510,320,0.9717,True,False
T_MSI,triplet,pipe_organ,256,2718,16510,320,0.935,True,False
T_MSI,triplet,pipe_organ,256,3141,16510,320,0.9224,True,False
T_MSI,triplet,pipe_organ,256,9973,16510,320,0.9414,True,False
T_MSI,triplet,pipe_organ,256,31337,16510,320,0.9283,True,False
T_MSI,triplet,pipe_organ,256,65537,16510,320,0.9366,True,False
T_MSS,triplet,pipe_organ,256,42,16510,320,0.9166,True,False
T_MSS,triplet,pipe_organ,256,137,16510,320,0.9131,True,False
T_MSS,triplet,pipe_organ,256,1618,16510,320,0.9121,True,False
T_MSS,triplet,pipe_organ,256,2718,16510,320,0.9216,True,False
T_MSS,triplet,pipe_organ,256,3141,16510,320,0.9203,True,False
T_MSS,triplet,pipe_organ,256,9973,16510,320,0.9246,True,False
T_MSS,triplet,pipe_organ,256,31337,16510,320,0.921,True,False
T_MSS,triplet,pipe_organ,256,65537,16510,320,0.8199,True,False
T_QHB,triplet,pipe_organ,256,42,4139,1255,0.3318,True,False
T_QHB,triplet,pipe_organ,256,137,4139,1255,0.3334,True,False
T_QHB,triplet,pipe_organ,256,1618,4139,1255,0.3314,True,False
T_QHB,triplet,pipe_organ,256,2718,4139,1255,0.3517,True,False
T_QHB,triplet,pipe_organ,256,3141,4139,1255,0.3629,True,False
T_QHB,triplet,pipe_organ,256,9973,4139,1255,0.3694,True,False
T_QHB,triplet,pipe_organ,256,31337,4139,1255,0.3618,True,False
T_QHB,triplet,pipe_organ,256,65537,4139,1255,0.367,True,False
T_QHI,triplet,pipe_organ,256,42,4098,1255,0.4084,True,False
T_QHI,triplet,pipe_organ,256,137,4098,1255,0.3677,True,False
T_QHI,triplet,pipe_organ,256,1618,4098,1255,0.3605,True,False
T_QHI,triplet,pipe_organ,256,2718,4098,1255,0.3597,True,False
T_QHI,triplet,pipe_organ,256,3141,4098,1255,0.3524,True,False
T_QHI,triplet,pipe_organ,256,9973,4098,1255,0.3639,True,False
T_QHI,triplet,pipe_organ,256,31337,4098,1255,0.3624,True,False
T_QHI,triplet,pipe_organ,256,65537,4098,1255,0.3631,True,False
T_QHS,triplet,pipe_organ,256,42,4141,1176,0.3631,True,False
T_QHS,triplet,pipe_organ,256,137,4141,1176,0.3628,True,False
T_QHS,triplet,pipe_organ,256,1618,4141,1176,0.3614,True,False
T_QHS,triplet,pipe_organ,256,2718,4141,1176,0.3611,True,False
T_QHS,triplet,pipe_organ,256,3141,4141,1176,0.3593,True,False
T_QHS,triplet,pipe_organ,256,9973,4141,1176,0.3567,True,False
T_QHS,triplet,pipe_organ,256,31337,4141,1176,0.3613,True,False
T_QHS,triplet,pipe_organ,256,65537,4141,1176,0.3661,True,False
T_QIB,triplet,pipe_organ,256,42,6818,4528,0.6329,True,False
T_QIB,triplet,pipe_organ,256,137,6818,4528,0.6193,True,False
T_QIB,triplet,pipe_organ,256,1618,6818,4528,0.6314,True,False
T_QIB,triplet,pipe_organ,256,2718,6818,4528,0.5525,True,False
T_QIB,triplet,pipe_organ,256,3141,6818,4528,0.5517,True,False
T_QIB,triplet,pipe_organ,256,9973,6818,4528,0.557,True,False
T_QIB,triplet,pipe_organ,256,31337,6818,4528,0.5734,True,False
T_QIB,triplet,pipe_organ,256,65537,6818,4528,0.6304,True,False
T_QII,triplet,pipe_organ,256,42,6777,4528,0.5576,True,False
T_QII,triplet,pipe_organ,256,137,6777,4528,0.5785,True,False
T_QII,triplet,pipe_organ,256,1618,6777,4528,0.6191,True,False
T_QII,triplet,pipe_organ,256,2718,6777,4528,0.6166,True,False
T_QII,triplet,pipe_organ,256,3141,6777,4528,0.6151,True,False
T_QII,triplet,pipe_organ,256,9973,6777,4528,0.6256,True,False
T_QII,triplet,pipe_organ,256,31337,6777,4528,0.6284,True,False
T_QII,triplet,pipe_organ,256,65537,6777,4528,0.6213,True,False
T_QIS,triplet,pipe_organ,256,42,6820,4449,0.6284,True,False
T_QIS,triplet,pipe_organ,256,137,6820,4449,0.6221,True,False
T_QIS,triplet,pipe_organ,256,1618,6820,4449,0.6201,True,False
T_QIS,triplet,pipe_organ,256,2718,6820,4449,0.6183,True,False
T_QIS,triplet,pipe_organ,256,3141,6820,4449,0.6317,True,False
T_QIS,triplet,pipe_organ,256,9973,6820,4449,0.5631,True,False
T_QIS,triplet,pipe_organ,256,31337,6820,4449,0.6254,True,False
T_QIS,triplet,pipe_organ,256,65537,6820,4449,0.6207,True,False
T_QMB,triplet,pipe_organ,256,42,3774,1482,0.3601,True,False
T_QMB,triplet,pipe_organ,256,137,3774,1482,0.3623,True,False
T_QMB,triplet,pipe_organ,256,1618,3774,1482,0.3559,True,False
T_QMB,triplet,pipe_organ,256,2718,3774,1482,0.3574,True,False
T_QMB,triplet,pipe_organ,256,3141,3774,1482,0.3588,True,False
T_QMB,triplet,pipe_organ,256,9973,3774,1482,0.357,True,False
T_QMB,triplet,pipe_organ,256,31337,3774,1482,0.3567,True,False
T_QMB,triplet,pipe_organ,256,65537,3774,1482,0.3564,True,False
T_QMI,triplet,pipe_organ,256,42,3582,1482,0.3197,True,False
T_QMI,triplet,pipe_organ,256,137,3582,1482,0.3198,True,False
T_QMI,triplet,pipe_organ,256,1618,3582,1482,0.3188,True,False
T_QMI,triplet,pipe_organ,256,2718,3582,1482,0.3198,True,False
T_QMI,triplet,pipe_organ,256,3141,3582,1482,0.3224,True,False
T_QMI,triplet,pipe_organ,256,9973,3582,1482,0.3205,True,False
T_QMI,triplet,pipe_organ,256,31337,3582,1482,0.3221,True,False
T_QMI,triplet,pipe_organ,256,65537,3582,1482,0.3199,True,False
T_QMS,triplet,pipe_organ,256,42,3891,779,0.321,True,False
T_QMS,triplet,pipe_organ,256,137,3891,779,0.3214,True,False
T_QMS,triplet,pipe_organ,256,1618,3891,779,0.3215,True,False
T_QMS,triplet,pipe_organ,256,2718,3891,779,0.3274,True,False
T_QMS,triplet,pipe_organ,256,3141,3891,779,0.3264,True,False
T_QMS,triplet,pipe_organ,256,9973,3891,779,0.3222,True,False
T_QMS,triplet,pipe_organ,256,31337,3891,779,0.3227,True,False
T_QMS,triplet,pipe_organ,256,65537,3891,779,0.3247,True,False
T_QQB,triplet,pipe_organ,256,42,3880,732,0.3192,True,False
T_QQB,triplet,pipe_organ,256,137,3880,732,0.3324,True,False
T_QQB,triplet,pipe_organ,256,1618,3880,732,0.3184,True,False
T_QQB,triplet,pipe_organ,256,2718,3880,732,0.3182,True,False
T_QQB,triplet,pipe_organ,256,3141,3880,732,0.3175,True,False
T_QQB,triplet,pipe_organ,256,9973,3880,732,0.3283,True,False
T_QQB,triplet,pipe_organ,256,31337,3880,732,0.3212,True,False
T_QQB,triplet,pipe_organ,256,65537,3880,732,0.319,True,False
T_QQI,triplet,pipe_organ,256,42,3647,732,0.2913,True,False
T_QQI,triplet,pipe_organ,256,137,3647,732,0.2864,True,False
T_QQI,triplet,pipe_organ,256,1618,3647,732,0.288,True,False
T_QQI,triplet,pipe_organ,256,2718,3647,732,0.2917,True,False
T_QQI,triplet,pipe_organ,256,3141,3647,732,0.2873,True,False
T_QQI,triplet,pipe_organ,256,9973,3647,732,0.2938,True,False
T_QQI,triplet,pipe_organ,256,31337,3647,732,0.292,True,False
T_QQI,triplet,pipe_organ,256,65537,3647,732,0.2919,True,False
T_QQS,triplet,pipe_organ,256,42,3976,480,0.3135,True,False
T_QQS,triplet,pipe_organ,256,137,3976,480,0.325,True,False
T_QQS,triplet,pipe_organ,256,1618,3976,480,0.3163,True,False
T_QQS,triplet,pipe_organ,256,2718,3976,480,0.315,True,False
T_QQS,triplet,pipe_organ,256,3141,3976,480,0.3199,True,False
T_QQS,triplet,pipe_organ,256,9973,3976,480,0.317,True,False
T_QQS,triplet,pipe_organ,256,31337,3976,480,0.3197,True,False
T_QQS,triplet,pipe_organ,256,65537,3976,480,0.3171,True,False
T_QRB,triplet,pipe_organ,256,42,2410,817,0.2666,True,False
T_QRB,triplet,pipe_organ,256,137,2410,817,0.2621,True,False
T_QRB,triplet,pipe_organ,256,1618,2410,817,0.2715,True,False
T_QRB,triplet,pipe_organ,256,2718,2410,817,0.2624,True,False
T_QRB,triplet,pipe_organ,256,3141,2410,817,0.2667,True,False
T_QRB,triplet,pipe_organ,256,9973,2410,817,0.2604,True,False
T_QRB,triplet,pipe_organ,256,31337,2410,817,0.265,True,False
T_QRB,triplet,pipe_organ,256,65537,2410,817,0.2629,True,False
T_QRI,triplet,pipe_organ,256,42,2369,817,0.2543,True,False
T_QRI,triplet,pipe_organ,256,137,2369,817,0.2558,True,False
T_QRI,triplet,pipe_organ,256,1618,2369,817,0.2701,True,False
T_QRI,triplet,pipe_organ,256,2718,2369,817,0.3055,True,False
T_QRI,triplet,pipe_organ,256,3141,2369,817,0.295,True,False
T_QRI,triplet,pipe_organ,256,9973,2369,817,0.2617,True,False
T_QRI,triplet,pipe_organ,256,31337,2369,817,0.2575,True,False
T_QRI,triplet,pipe_organ,256,65537,2369,817,0.2577,True,False
T_QRS,triplet,pipe_organ,256,42,2412,738,0.2569,True,False
T_QRS,triplet,pipe_organ,256,137,2412,738,0.2575,True,False
T_QRS,triplet,pipe_organ,256,1618,2412,738,0.2571,True,False
T_QRS,triplet,pipe_organ,256,2718,2412,738,0.257,True,False
T_QRS,triplet,pipe_organ,256,3141,2412,738,0.2555,True,False
T_QRS,triplet,pipe_organ,256,9973,2412,738,0.257,True,False
T_QRS,triplet,pipe_organ,256,31337,2412,738,0.2561,True,False
T_QRS,triplet,pipe_organ,256,65537,2412,738,0.2595,True,False
T_QSB,triplet,pipe_organ,256,42,9149,461,0.5751,True,False
T_QSB,triplet,pipe_organ,256,137,9149,461,0.5992,True,False
T_QSB,triplet,pipe_organ,256,1618,9149,461,0.5676,True,False
T_QSB,triplet,pipe_organ,256,2718,9149,461,0.5738,True,False
T_QSB,triplet,pipe_organ,256,3141,9149,461,0.5733,True,False
T_QSB,triplet,pipe_organ,256,9973,9149,461,0.5666,True,False
T_QSB,triplet,pipe_organ,256,31337,9149,461,0.5713,True,False
T_QSB,triplet,pipe_organ,256,65537,9149,461,0.5739,True,False
T_QSI,triplet,pipe_organ,256,42,9108,461,0.5679,True,False
T_QSI,triplet,pipe_organ,256,137,9108,461,0.5038,True,False
T_QSI,triplet,pipe_organ,256,1618,9108,461,0.5061,True,False
T_QSI,triplet,pipe_organ,256,2718,9108,461,0.5146,True,False
T_QSI,triplet,pipe_organ,256,3141,9108,461,0.51,True,False
T_QSI,triplet,pipe_organ,256,9973,9108,461,0.5681,True,False
T_QSI,triplet,pipe_organ,256,31337,9108,461,0.5617,True,False
T_QSI,triplet,pipe_organ,256,65537,9108,461,0.5535,True,False
T_QSS,triplet,pipe_organ,256,42,9151,382,0.4994,True,False
T_QSS,triplet,pipe_organ,256,137,9151,382,0.5116,True,False
T_QSS,triplet,pipe_organ,256,1618,9151,382,0.5061,True,False
T_QSS,triplet,pipe_organ,256,2718,9151,382,0.5113,True,False
T_QSS,triplet,pipe_organ,256,3141,9151,382,0.567,True,False
T_QSS,triplet,pipe_organ,256,9973,9151,382,0.5779,True,False
T_QSS,triplet,pipe_organ,256,31337,9151,382,0.5731,True,False
T_QSS,triplet,pipe_organ,256,65537,9151,382,0.6156,True,False
TimCustom,base,pipe_organ,256,42,2618,2876,0.2726,True,False
TimCustom,base,pipe_organ,256,137,2618,2876,0.2984,True,False
TimCustom,base,pipe_organ,256,1618,2618,2876,0.295,True,False
TimCustom,base,pipe_organ,256,2718,2618,2876,0.2978,True,False
TimCustom,base,pipe_organ,256,3141,2618,2876,0.2967,True,False
TimCustom,base,pipe_organ,256,9973,2618,2876,0.3057,True,False
TimCustom,base,pipe_organ,256,31337,2618,2876,0.3055,True,False
TimCustom,base,pipe_organ,256,65537,2618,2876,0.3044,True,False
Bubble,base,random,256,42,32640,16246,2.0587,True,False
Bubble,base,random,256,137,32640,16644,2.1006,True,False
Bubble,base,random,256,1618,32640,17210,2.0061,True,False
Bubble,base,random,256,2718,32640,14279,2.0252,True,False
Bubble,base,random,256,3141,32640,16312,1.9357,True,False
Bubble,base,random,256,9973,32640,15498,1.8213,True,False
Bubble,base,random,256,31337,32640,14786,1.8492,True,False
Bubble,base,random,256,65537,32640,15339,1.8564,True,False
Heap,base,random,256,42,3306,1826,0.2575,True,False
Heap,base,random,256,137,3283,1801,0.2535,True,False
Heap,base,random,256,1618,3314,1814,0.2591,True,False
Heap,base,random,256,2718,3318,1844,0.2595,True,False
Heap,base,random,256,3141,3333,1829,0.2631,True,False
Heap,base,random,256,9973,3289,1813,0.2798,True,False
Heap,base,random,256,31337,3316,1837,0.283,True,False
Heap,base,random,256,65537,3318,1839,0.2526,True,False
Hybrid_Intro,hybrid,random,256,42,2087,333,0.1596,True,False
Hybrid_Intro,hybrid,random,256,137,2269,331,0.2212,True,False
Hybrid_Intro,hybrid,random,256,1618,2155,329,0.1779,True,False
Hybrid_Intro,hybrid,random,256,2718,1993,323,0.1716,True,False
Hybrid_Intro,hybrid,random,256,3141,2117,334,0.1647,True,False
Hybrid_Intro,hybrid,random,256,9973,2032,331,0.1563,True,False
Hybrid_Intro,hybrid,random,256,31337,2199,331,0.1627,True,False
Hybrid_Intro,hybrid,random,256,65537,2086,334,0.1576,True,False
Hybrid_MI,hybrid,random,256,42,2182,1231,0.223,True,False
Hybrid_MI,hybrid,random,256,137,2125,1219,0.2162,True,False
Hybrid_MI,hybrid,random,256,1618,2144,1233,0.2334,True,False
Hybrid_MI,hybrid,random,256,2718,2144,1226,0.2146,True,False
Hybrid_MI,hybrid,random,256,3141,2150,1220,0.2158,True,False
Hybrid_MI,hybrid,random,256,9973,2120,1225,0.2129,True,False
Hybrid_MI,hybrid,random,256,31337,2106,1217,0.2166,True,False
Hybrid_MI,hybrid,random,256,65537,2225,1236,0.2468,True,False
Hybrid_QI,hybrid,random,256,42,2087,333,0.1741,True,False
Hybrid_QI,hybrid,random,256,137,2269,331,0.1853,True,False
Hybrid_QI,hybrid,random,256,1618,2155,329,0.1784,True,False
Hybrid_QI,hybrid,random,256,2718,1993,323,0.1692,True,False
Hybrid_QI,hybrid,random,256,3141,2117,334,0.1776,True,False
Hybrid_QI,hybrid,random,256,9973,2032,331,0.1633,True,False
Hybrid_QI,hybrid,random,256,31337,2199,331,0.1621,True,False
Hybrid_QI,hybrid,random,256,65537,2086,334,0.1551,True,False
Hybrid_RI,hybrid,random,256,42,0,1024,0.1301,True,False
Hybrid_RI,hybrid,random,256,137,0,1024,0.1285,True,False
Hybrid_RI,hybrid,random,256,1618,0,1024,0.1389,True,False
Hybrid_RI,hybrid,random,256,2718,0,1024,0.128,True,False
Hybrid_RI,hybrid,random,256,3141,0,1024,0.1295,True,False
Hybrid_RI,hybrid,random,256,9973,0,1024,0.1276,True,False
Hybrid_RI,hybrid,random,256,31337,0,1024,0.1445,True,False
Hybrid_RI,hybrid,random,256,65537,0,1024,0.1301,True,False
Insertion,base,random,256,42,16497,16495,1.0352,True,False
Insertion,base,random,256,137,16897,16892,1.1685,True,False
Insertion,base,random,256,1618,17461,17457,1.0911,True,False
Insertion,base,random,256,2718,14530,14525,0.8935,True,False
Insertion,base,random,256,3141,16563,16563,1.0184,True,False
Insertion,base,random,256,9973,15746,15743,1.1749,True,False
Insertion,base,random,256,31337,15037,15035,1.029,True,False
Insertion,base,random,256,65537,15588,15588,1.0722,True,False
Merge,base,random,256,42,1726,2048,0.3364,True,False
Merge,base,random,256,137,1731,2048,0.3374,True,False
Merge,base,random,256,1618,1725,2048,0.3343,True,False
Merge,base,random,256,2718,1729,2048,0.3481,True,False
Merge,base,random,256,3141,1734,2048,0.346,True,False
Merge,base,random,256,9973,1727,2048,0.3328,True,False
Merge,base,random,256,31337,1713,2048,0.3344,True,False
Merge,base,random,256,65537,1727,2048,0.34,True,False
Quick,base,random,256,42,1987,608,0.1935,True,False
Quick,base,random,256,137,2117,615,0.2007,True,False
Quick,base,random,256,1618,1959,594,0.1882,True,False
Quick,base,random,256,2718,1911,580,0.1861,True,False
Quick,base,random,256,3141,1999,608,0.1915,True,False
Quick,base,random,256,9973,1899,597,0.1866,True,False
Quick,base,random,256,31337,2029,593,0.2549,True,False
Quick,base,random,256,65537,1974,603,0.1915,True,False
Radix,base,random,256,42,0,1024,0.1436,True,False
Radix,base,random,256,137,0,1024,0.1416,True,False
Radix,base,random,256,1618,0,1024,0.1413,True,False
Radix,base,random,256,2718,0,1024,0.1464,True,False
Radix,base,random,256,3141,0,1024,0.1431,True,False
Radix,base,random,256,9973,0,1024,0.1442,True,False
Radix,base,random,256,31337,0,1024,0.1465,True,False
Radix,base,random,256,65537,0,1024,0.1454,True,False
Selection,base,random,256,42,32640,249,1.1126,True,False
Selection,base,random,256,137,32640,251,1.1102,True,False
Selection,base,random,256,1618,32640,251,1.1068,True,False
Selection,base,random,256,2718,32640,248,1.1074,True,False
Selection,base,random,256,3141,32640,250,1.1161,True,False
Selection,base,random,256,9973,32640,250,1.0928,True,False
Selection,base,random,256,31337,32640,252,1.0548,True,False
Selection,base,random,256,65537,32640,248,1.0891,True,False
T_MHB,triplet,random,256,42,3062,1832,0.3516,True,False
T_MHB,triplet,random,256,137,3044,1828,0.3498,True,False
T_MHB,triplet,random,256,1618,3042,1824,0.3469,True,False
T_MHB,triplet,random,256,2718,3036,1824,0.3454,True,False
T_MHB,triplet,random,256,3141,3057,1824,0.3502,True,False
T_MHB,triplet,random,256,9973,3034,1821,0.3577,True,False
T_MHB,triplet,random,256,31337,3056,1846,0.3621,True,False
T_MHB,triplet,random,256,65537,3049,1825,0.3488,True,False
T_MHI,triplet,random,256,42,3062,1832,0.3594,True,False
T_MHI,triplet,random,256,137,3044,1828,0.3513,True,False
T_MHI,triplet,random,256,1618,3042,1824,0.3503,True,False
T_MHI,triplet,random,256,2718,3036,1824,0.3465,True,False
T_MHI,triplet,random,256,3141,3057,1824,0.352,True,False
T_MHI,triplet,random,256,9973,3034,1821,0.3488,True,False
T_MHI,triplet,random,256,31337,3056,1846,0.3503,True,False
T_MHI,triplet,random,256,65537,3049,1825,0.3458,True,False
T_MHS,triplet,random,256,42,3062,1832,0.3243,True,False
T_MHS,triplet,random,256,137,3044,1828,0.3111,True,False
T_MHS,triplet,random,256,1618,3042,1824,0.3127,True,False
T_MHS,triplet,random,256,2718,3036,1824,0.3449,True,False
T_MHS,triplet,random,256,3141,3057,1824,0.3525,True,False
T_MHS,triplet,random,256,9973,3034,1821,0.3102,True,False
T_MHS,triplet,random,256,31337,3056,1846,0.3171,True,False
T_MHS,triplet,random,256,65537,3049,1825,0.3447,True,False
T_MIB,triplet,random,256,42,8315,8067,0.8575,True,False
T_MIB,triplet,random,256,137,8586,8338,0.8864,True,False
T_MIB,triplet,random,256,1618,8852,8606,0.9083,True,False
T_MIB,triplet,random,256,2718,8063,7827,0.8354,True,False
T_MIB,triplet,random,256,3141,8693,8449,0.9031,True,False
T_MIB,triplet,random,256,9973,8185,7943,0.8459,True,False
T_MIB,triplet,random,256,31337,8488,8245,0.7766,True,False
T_MIB,triplet,random,256,65537,8527,8280,0.8162,True,False
T_MII,triplet,random,256,42,8315,8067,0.7696,True,False
T_MII,triplet,random,256,137,8586,8338,0.7827,True,False
T_MII,triplet,random,256,1618,8852,8606,0.8384,True,False
T_MII,triplet,random,256,2718,8063,7827,0.7503,True,False
T_MII,triplet,random,256,3141,8693,8449,0.8209,True,False
T_MII,triplet,random,256,9973,8185,7943,0.7688,True,False
T_MII,triplet,random,256,31337,8488,8245,0.7778,True,False
T_MII,triplet,random,256,65537,8527,8280,0.8116,True,False
T_MIS,triplet,random,256,42,8315,8067,0.7532,True,False
T_MIS,triplet,random,256,137,8586,8338,0.7906,True,False
T_MIS,triplet,random,256,1618,8852,8606,0.8223,True,False
T_MIS,triplet,random,256,2718,8063,7827,0.741,True,False
T_MIS,triplet,random,256,3141,8693,8449,0.8075,True,False
T_MIS,triplet,random,256,9973,8185,7943,0.7522,True,False
T_MIS,triplet,random,256,31337,8488,8245,0.7893,True,False
T_MIS,triplet,random,256,65537,8527,8280,0.8016,True,False
T_MMB,triplet,random,256,42,2789,2010,0.3061,True,False
T_MMB,triplet,random,256,137,2810,1933,0.2983,True,False
T_MMB,triplet,random,256,1618,2811,1976,0.3449,True,False
T_MMB,triplet,random,256,2718,2819,1965,0.3006,True,False
T_MMB,triplet,random,256,3141,2837,1973,0.3142,True,False
T_MMB,triplet,random,256,9973,2814,1946,0.3133,True,False
T_MMB,triplet,random,256,31337,2761,1932,0.3096,True,False
T_MMB,triplet,random,256,65537,2825,2052,0.3207,True,False
T_MMI,triplet,random,256,42,2182,2010,0.242,True,False
T_MMI,triplet,random,256,137,2125,1933,0.2437,True,False
T_MMI,triplet,random,256,1618,2144,1976,0.2398,True,False
T_MMI,triplet,random,256,2718,2144,1965,0.2696,True,False
T_MMI,triplet,random,256,3141,2150,1973,0.2418,True,False
T_MMI,triplet,random,256,9973,2120,1946,0.2401,True,False
T_MMI,triplet,random,256,31337,2106,1932,0.2326,True,False
T_MMI,triplet,random,256,65537,2225,2052,0.2649,True,False
T_MMS,triplet,random,256,42,2916,1226,0.3329,True,False
T_MMS,triplet,random,256,137,2924,1224,0.2972,True,False
T_MMS,triplet,random,256,1618,2916,1222,0.2684,True,False
T_MMS,triplet,random,256,2718,2917,1221,0.2946,True,False
T_MMS,triplet,random,256,3141,2913,1227,0.2607,True,False
T_MMS,triplet,random,256,9973,2911,1230,0.2917,True,False
T_MMS,triplet,random,256,31337,2905,1220,0.3017,True,False
T_MMS,triplet,random,256,65537,2918,1234,0.2946,True,False
T_MQB,triplet,random,256,42,2426,1114,0.2579,True,False
T_MQB,triplet,random,256,137,2490,1159,0.2649,True,False
T_MQB,triplet,random,256,1618,2397,1136,0.2547,True,False
T_MQB,triplet,random,256,2718,2340,1125,0.2398,True,False
T_MQB,triplet,random,256,3141,2317,1085,0.2468,True,False
T_MQB,triplet,random,256,9973,2445,1125,0.2569,True,False
T_MQB,triplet,random,256,31337,2502,1135,0.2671,True,False
T_MQB,triplet,random,256,65537,2386,1070,0.2229,True,False
T_MQI,triplet,random,256,42,2053,1114,0.2148,True,False
T_MQI,triplet,random,256,137,2109,1159,0.1984,True,False
T_MQI,triplet,random,256,1618,2047,1136,0.1893,True,False
T_MQI,triplet,random,256,2718,2027,1125,0.2124,True,False
T_MQI,triplet,random,256,3141,2006,1085,0.1879,True,False
T_MQI,triplet,random,256,9973,2042,1125,0.1874,True,False
T_MQI,triplet,random,256,31337,2112,1135,0.193,True,False
T_MQI,triplet,random,256,65537,1996,1070,0.1844,True,False
T_MQS,triplet,random,256,42,2480,674,0.205,True,False
T_MQS,triplet,random,256,137,2545,693,0.21,True,False
T_MQS,triplet,random,256,1618,2489,700,0.2162,True,False
T_MQS,triplet,random,256,2718,2395,690,0.2306,True,False
T_MQS,triplet,random,256,3141,2399,705,0.2312,True,False
T_MQS,triplet,random,256,9973,2540,672,0.2148,True,False
T_MQS,triplet,random,256,31337,2537,674,0.2363,True,False
T_MQS,triplet,random,256,65537,2505,673,0.2078,True,False
T_MRB,triplet,random,256,42,254,1280,0.1741,True,False
T_MRB,triplet,random,256,137,255,1280,0.1725,True,False
T_MRB,triplet,random,256,1618,255,1280,0.1732,True,False
T_MRB,triplet,random,256,2718,245,1280,0.1732,True,False
T_MRB,triplet,random,256,3141,252,1280,0.1742,True,False
T_MRB,triplet,random,256,9973,254,1280,0.1712,True,False
T_MRB,triplet,random,256,31337,253,1280,0.1722,True,False
T_MRB,triplet,random,256,65537,255,1280,0.1712,True,False
T_MRI,triplet,random,256,42,254,1280,0.1727,True,False
T_MRI,triplet,random,256,137,255,1280,0.1721,True,False
T_MRI,triplet,random,256,1618,255,1280,0.172,True,False
T_MRI,triplet,random,256,2718,245,1280,0.1764,True,False
T_MRI,triplet,random,256,3141,252,1280,0.1746,True,False
T_MRI,triplet,random,256,9973,254,1280,0.1739,True,False
T_MRI,triplet,random,256,31337,253,1280,0.1722,True,False
T_MRI,triplet,random,256,65537,255,1280,0.1722,True,False
T_MRS,triplet,random,256,42,254,1280,0.1888,True,False
T_MRS,triplet,random,256,137,255,1280,0.1712,True,False
T_MRS,triplet,random,256,1618,255,1280,0.1866,True,False
T_MRS,triplet,random,256,2718,245,1280,0.2123,True,False
T_MRS,triplet,random,256,3141,252,1280,0.2087,True,False
T_MRS,triplet,random,256,9973,254,1280,0.1936,True,False
T_MRS,triplet,random,256,31337,253,1280,0.1924,True,False
T_MRS,triplet,random,256,65537,255,1280,0.1933,True,False
T_MSB,triplet,random,256,42,16510,502,0.914,True,False
T_MSB,triplet,random,256,137,16511,504,0.9098,True,False
T_MSB,triplet,random,256,1618,16511,501,0.9952,True,False
T_MSB,triplet,random,256,2718,16501,500,0.9161,True,False
T_MSB,triplet,random,256,3141,16508,498,0.9133,True,False
T_MSB,triplet,random,256,9973,16510,499,0.9133,True,False
T_MSB,triplet,random,256,31337,16509,493,0.9101,True,False
T_MSB,triplet,random,256,65537,16511,499,0.9402,True,False
T_MSI,triplet,random,256,42,16510,502,0.928,True,False
T_MSI,triplet,random,256,137,16511,504,0.84,True,False
T_MSI,triplet,random,256,1618,16511,501,0.8191,True,False
T_MSI,triplet,random,256,2718,16501,500,0.9128,True,False
T_MSI,triplet,random,256,3141,16508,498,0.8315,True,False
T_MSI,triplet,random,256,9973,16510,499,0.822,True,False
T_MSI,triplet,random,256,31337,16509,493,0.8362,True,False
T_MSI,triplet,random,256,65537,16511,499,0.8092,True,False
T_MSS,triplet,random,256,42,16510,502,0.8788,True,False
T_MSS,triplet,random,256,137,16511,504,0.8408,True,False
T_MSS,triplet,random,256,1618,16511,501,0.8232,True,False
T_MSS,triplet,random,256,2718,16501,500,0.8166,True,False
T_MSS,triplet,random,256,3141,16508,498,0.864,True,False
T_MSS,triplet,random,256,9973,16510,499,0.8458,True,False
T_MSS,triplet,random,256,31337,16509,493,0.816,True,False
T_MSS,triplet,random,256,65537,16511,499,0.83,True,False
T_QHB,triplet,random,256,42,2950,1519,0.2987,True,False
T_QHB,triplet,random,256,137,2998,1445,0.2854,True,False
T_QHB,triplet,random,256,1618,2932,1527,0.2895,True,False
T_QHB,triplet,random,256,2718,2902,1521,0.2906,True,False
T_QHB,triplet,random,256,3141,2968,1526,0.3478,True,False
T_QHB,triplet,random,256,9973,2898,1507,0.2841,True,False
T_QHB,triplet,random,256,31337,2920,1445,0.308,True,False
T_QHB,triplet,random,256,65537,2878,1487,0.3241,True,False
T_QHI,triplet,random,256,42,2950,1519,0.284,True,False
T_QHI,triplet,random,256,137,2998,1445,0.3096,True,False
T_QHI,triplet,random,256,1618,2932,1527,0.2854,True,False
T_QHI,triplet,random,256,2718,2902,1521,0.2812,True,False
T_QHI,triplet,random,256,3141,2968,1526,0.2835,True,False
T_QHI,triplet,random,256,9973,2898,1507,0.2883,True,False
T_QHI,triplet,random,256,31337,2920,1445,0.2745,True,False
T_QHI,triplet,random,256,65537,2878,1487,0.2823,True,False
T_QHS,triplet,random,256,42,2950,1519,0.283,True,False
T_QHS,triplet,random,256,137,2998,1445,0.2901,True,False
T_QHS,triplet,random,256,1618,2932,1527,0.2893,True,False
T_QHS,triplet,random,256,2718,2902,1521,0.3013,True,False
T_QHS,triplet,random,256,3141,2968,1526,0.2793,True,False
T_QHS,triplet,random,256,9973,2898,1507,0.2855,True,False
T_QHS,triplet,random,256,31337,2920,1445,0.2735,True,False
T_QHS,triplet,random,256,65537,2878,1487,0.2783,True,False
T_QIB,triplet,random,256,42,6954,6377,0.6351,True,False
T_QIB,triplet,random,256,137,5543,4756,0.5079,True,False
T_QIB,triplet,random,256,1618,6954,6421,0.6388,True,False
T_QIB,triplet,random,256,2718,5867,5307,0.5424,True,False
T_QIB,triplet,random,256,3141,6152,5558,0.5584,True,False
T_QIB,triplet,random,256,9973,6198,5650,0.5599,True,False
T_QIB,triplet,random,256,31337,5346,4610,0.4758,True,False
T_QIB,triplet,random,256,65537,6248,5692,0.561,True,False
T_QII,triplet,random,256,42,6954,6377,0.6409,True,False
T_QII,triplet,random,256,137,5543,4756,0.4913,True,False
T_QII,triplet,random,256,1618,6954,6421,0.6262,True,False
T_QII,triplet,random,256,2718,5867,5307,0.5221,True,False
T_QII,triplet,random,256,3141,6152,5558,0.5533,True,False
T_QII,triplet,random,256,9973,6198,5650,0.5588,True,False
T_QII,triplet,random,256,31337,5346,4610,0.481,True,False
T_QII,triplet,random,256,65537,6248,5692,0.5734,True,False
T_QIS,triplet,random,256,42,6954,6377,0.6176,True,False
T_QIS,triplet,random,256,137,5543,4756,0.4875,True,False
T_QIS,triplet,random,256,1618,6954,6421,0.6236,True,False
T_QIS,triplet,random,256,2718,5867,5307,0.5786,True,False
T_QIS,triplet,random,256,3141,6152,5558,0.617,True,False
T_QIS,triplet,random,256,9973,6198,5650,0.6236,True,False
T_QIS,triplet,random,256,31337,5346,4610,0.5051,True,False
T_QIS,triplet,random,256,65537,6248,5692,0.5669,True,False
T_QMB,triplet,random,256,42,2569,1590,0.2709,True,False
T_QMB,triplet,random,256,137,2517,1444,0.2574,True,False
T_QMB,triplet,random,256,1618,2516,1548,0.2652,True,False
T_QMB,triplet,random,256,2718,2348,1517,0.2572,True,False
T_QMB,triplet,random,256,3141,2551,1559,0.2831,True,False
T_QMB,triplet,random,256,9973,2296,1465,0.2643,True,False
T_QMB,triplet,random,256,31337,2499,1485,0.2789,True,False
T_QMB,triplet,random,256,65537,2312,1475,0.2805,True,False
T_QMI,triplet,random,256,42,2100,1590,0.2443,True,False
T_QMI,triplet,random,256,137,2146,1444,0.2408,True,False
T_QMI,triplet,random,256,1618,2007,1548,0.2456,True,False
T_QMI,triplet,random,256,2718,1979,1517,0.215,True,False
T_QMI,triplet,random,256,3141,2060,1559,0.2157,True,False
T_QMI,triplet,random,256,9973,1932,1465,0.2121,True,False
T_QMI,triplet,random,256,31337,2129,1485,0.2217,True,False
T_QMI,triplet,random,256,65537,1945,1475,0.2126,True,False
T_QMS,triplet,random,256,42,2628,984,0.2343,True,False
T_QMS,triplet,random,256,137,2612,983,0.2536,True,False
T_QMS,triplet,random,256,1618,2605,1014,0.2368,True,False
T_QMS,triplet,random,256,2718,2440,1029,0.2326,True,False
T_QMS,triplet,random,256,3141,2630,991,0.234,True,False
T_QMS,triplet,random,256,9973,2383,1055,0.2557,True,False
T_QMS,triplet,random,256,31337,2569,953,0.231,True,False
T_QMS,triplet,random,256,65537,2374,1041,0.2394,True,False
T_QQB,triplet,random,256,42,2428,899,0.2182,True,False
T_QQB,triplet,random,256,137,2570,935,0.2235,True,False
T_QQB,triplet,random,256,1618,2572,1039,0.2312,True,False
T_QQB,triplet,random,256,2718,2366,866,0.2095,True,False
T_QQB,triplet,random,256,3141,2452,899,0.2136,True,False
T_QQB,triplet,random,256,9973,2399,958,0.2137,True,False
T_QQB,triplet,random,256,31337,2521,962,0.2181,True,False
T_QQB,triplet,random,256,65537,2405,901,0.216,True,False
T_QQI,triplet,random,256,42,2087,899,0.1743,True,False
T_QQI,triplet,random,256,137,2269,935,0.1851,True,False
T_QQI,triplet,random,256,1618,2155,1039,0.1845,True,False
T_QQI,triplet,random,256,2718,1993,866,0.1675,True,False
T_QQI,triplet,random,256,3141,2117,899,0.1739,True,False
T_QQI,triplet,random,256,9973,2032,958,0.1719,True,False
T_QQI,triplet,random,256,31337,2199,962,0.1831,True,False
T_QQI,triplet,random,256,65537,2086,901,0.1761,True,False
T_QQS,triplet,random,256,42,2477,493,0.1966,True,False
T_QQS,triplet,random,256,137,2632,492,0.2058,True,False
T_QQS,triplet,random,256,1618,2625,504,0.1939,True,False
T_QQS,triplet,random,256,2718,2507,492,0.1931,True,False
T_QQS,triplet,random,256,3141,2567,500,0.1938,True,False
T_QQS,triplet,random,256,9973,2509,498,0.1959,True,False
T_QQS,triplet,random,256,31337,2580,497,0.1997,True,False
T_QQS,triplet,random,256,65537,2456,501,0.1894,True,False
T_QRB,triplet,random,256,42,430,1052,0.1655,True,False
T_QRB,triplet,random,256,137,664,1089,0.1843,True,False
T_QRB,triplet,random,256,1618,392,1070,0.1632,True,False
T_QRB,triplet,random,256,2718,413,1010,0.1581,True,False
T_QRB,triplet,random,256,3141,456,1061,0.1655,True,False
T_QRB,triplet,random,256,9973,414,1048,0.1624,True,False
T_QRB,triplet,random,256,31337,620,1095,0.1799,True,False
T_QRB,triplet,random,256,65537,416,1034,0.1904,True,False
T_QRI,triplet,random,256,42,430,1052,0.1639,True,False
T_QRI,triplet,random,256,137,664,1089,0.1818,True,False
T_QRI,triplet,random,256,1618,392,1070,0.164,True,False
T_QRI,triplet,random,256,2718,413,1010,0.1612,True,False
T_QRI,triplet,random,256,3141,456,1061,0.1723,True,False
T_QRI,triplet,random,256,9973,414,1048,0.1645,True,False
T_QRI,triplet,random,256,31337,620,1095,0.1806,True,False
T_QRI,triplet,random,256,65537,416,1034,0.1644,True,False
T_QRS,triplet,random,256,42,430,1052,0.164,True,False
T_QRS,triplet,random,256,137,664,1089,0.1853,True,False
T_QRS,triplet,random,256,1618,392,1070,0.1622,True,False
T_QRS,triplet,random,256,2718,413,1010,0.1579,True,False
T_QRS,triplet,random,256,3141,456,1061,0.1648,True,False
T_QRS,triplet,random,256,9973,414,1048,0.163,True,False
T_QRS,triplet,random,256,31337,620,1095,0.1796,True,False
T_QRS,triplet,random,256,65537,416,1034,0.1608,True,False
T_QSB,triplet,random,256,42,12050,332,0.5931,True,False
T_QSB,triplet,random,256,137,10688,344,0.5361,True,False
T_QSB,triplet,random,256,1618,12470,338,0.6168,True,False
T_QSB,triplet,random,256,2718,11315,335,0.5768,True,False
T_QSB,triplet,random,256,3141,11712,341,0.5892,True,False
T_QSB,triplet,random,256,9973,11206,346,0.595,True,False
T_QSB,triplet,random,256,31337,9453,347,0.4847,True,False
T_QSB,triplet,random,256,65537,11156,338,0.5562,True,False
T_QSI,triplet,random,256,42,12050,332,0.6003,True,False
T_QSI,triplet,random,256,137,10688,344,0.5311,True,False
T_QSI,triplet,random,256,1618,12470,338,0.8172,True,False
T_QSI,triplet,random,256,2718,11315,335,0.6682,True,False
T_QSI,triplet,random,256,3141,11712,341,0.6455,True,False
T_QSI,triplet,random,256,9973,11206,346,0.6057,True,False
T_QSI,triplet,random,256,31337,9453,347,0.5448,True,False
T_QSI,triplet,random,256,65537,11156,338,0.641,True,False
T_QSS,triplet,random,256,42,12050,332,0.6869,True,False
T_QSS,triplet,random,256,137,10688,344,0.5974,True,False
T_QSS,triplet,random,256,1618,12470,338,0.6283,True,False
T_QSS,triplet,random,256,2718,11315,335,0.5791,True,False
T_QSS,triplet,random,256,3141,11712,341,0.6011,True,False
T_QSS,triplet,random,256,9973,11206,346,0.5721,True,False
T_QSS,triplet,random,256,31337,9453,347,0.4926,True,False
T_QSS,triplet,random,256,65537,11156,338,0.5909,True,False
TimCustom,base,random,256,42,2875,2890,0.2842,True,False
TimCustom,base,random,256,137,3035,3034,0.3057,True,False
TimCustom,base,random,256,1618,2919,2934,0.2858,True,False
TimCustom,base,random,256,2718,2962,2969,0.2874,True,False
TimCustom,base,random,256,3141,2897,2900,0.2827,True,False
TimCustom,base,random,256,9973,2837,2841,0.2791,True,False
TimCustom,base,random,256,31337,2976,2980,0.2891,True,False
TimCustom,base,random,256,65537,2967,2986,0.2959,True,False
Bubble,base,random_blocks,256,42,32640,17500,1.829,True,False
Bubble,base,random_blocks,256,137,32640,17475,1.8559,True,False
Bubble,base,random_blocks,256,1618,32640,19825,2.0536,True,False
Bubble,base,random_blocks,256,2718,32640,21975,2.058,True,False
Bubble,base,random_blocks,256,3141,32640,13900,1.7928,True,False
Bubble,base,random_blocks,256,9973,32640,9475,1.6615,True,False
Bubble,base,random_blocks,256,31337,32640,15625,1.9564,True,False
Bubble,base,random_blocks,256,65537,32640,11525,1.5671,True,False
Heap,base,random_blocks,256,42,3389,1856,0.2583,True,False
Heap,base,random_blocks,256,137,3250,1765,0.2424,True,False
Heap,base,random_blocks,256,1618,3156,1731,0.2407,True,False
Heap,base,random_blocks,256,2718,3206,1705,0.2349,True,False
Heap,base,random_blocks,256,3141,3309,1798,0.2432,True,False
Heap,base,random_blocks,256,9973,3270,1797,0.2423,True,False
Heap,base,random_blocks,256,31337,3201,1745,0.2424,True,False
Heap,base,random_blocks,256,65537,3271,1797,0.2492,True,False
Hybrid_Intro,hybrid,random_blocks,256,42,1942,327,0.1433,True,False
Hybrid_Intro,hybrid,random_blocks,256,137,1815,334,0.1317,True,False
Hybrid_Intro,hybrid,random_blocks,256,1618,2075,355,0.1501,True,False
Hybrid_Intro,hybrid,random_blocks,256,2718,1943,403,0.1433,True,False
Hybrid_Intro,hybrid,random_blocks,256,3141,1745,309,0.1306,True,False
Hybrid_Intro,hybrid,random_blocks,256,9973,1841,357,0.1354,True,False
Hybrid_Intro,hybrid,random_blocks,256,31337,2017,341,0.1465,True,False
Hybrid_Intro,hybrid,random_blocks,256,65537,1954,369,0.1453,True,False
Hybrid_MI,hybrid,random_blocks,256,42,1279,1066,0.166,True,False
Hybrid_MI,hybrid,random_blocks,256,137,1261,1065,0.1449,True,False
Hybrid_MI,hybrid,random_blocks,256,1618,1429,1089,0.1562,True,False
Hybrid_MI,hybrid,random_blocks,256,2718,1219,1054,0.1421,True,False
Hybrid_MI,hybrid,random_blocks,256,3141,1223,1058,0.1556,True,False
Hybrid_MI,hybrid,random_blocks,256,9973,1181,1055,0.1413,True,False
Hybrid_MI,hybrid,random_blocks,256,31337,1292,1069,0.1508,True,False
Hybrid_MI,hybrid,random_blocks,256,65537,1328,1075,0.1526,True,False
Hybrid_QI,hybrid,random_blocks,256,42,1942,327,0.1411,True,False
Hybrid_QI,hybrid,random_blocks,256,137,1815,334,0.1303,True,False
Hybrid_QI,hybrid,random_blocks,256,1618,2075,355,0.1543,True,False
Hybrid_QI,hybrid,random_blocks,256,2718,1943,403,0.144,True,False
Hybrid_QI,hybrid,random_blocks,256,3141,1745,309,0.1242,True,False
Hybrid_QI,hybrid,random_blocks,256,9973,1841,357,0.1338,True,False
Hybrid_QI,hybrid,random_blocks,256,31337,2017,341,0.1433,True,False
Hybrid_QI,hybrid,random_blocks,256,65537,1954,369,0.1451,True,False
Hybrid_RI,hybrid,random_blocks,256,42,0,768,0.095,True,False
Hybrid_RI,hybrid,random_blocks,256,137,0,768,0.0948,True,False
Hybrid_RI,hybrid,random_blocks,256,1618,0,768,0.096,True,False
Hybrid_RI,hybrid,random_blocks,256,2718,0,768,0.0954,True,False
Hybrid_RI,hybrid,random_blocks,256,3141,0,768,0.0942,True,False
Hybrid_RI,hybrid,random_blocks,256,9973,0,768,0.0955,True,False
Hybrid_RI,hybrid,random_blocks,256,31337,0,768,0.095,True,False
Hybrid_RI,hybrid,random_blocks,256,65537,0,768,0.0945,True,False
Insertion,base,random_blocks,256,42,17752,17675,1.0989,True,False
Insertion,base,random_blocks,256,137,17729,17650,1.1812,True,False
Insertion,base,random_blocks,256,1618,20077,20050,1.397,True,False
Insertion,base,random_blocks,256,2718,22226,22200,1.5378,True,False
Insertion,base,random_blocks,256,3141,14153,14075,0.9684,True,False
Insertion,base,random_blocks,256,9973,9729,9700,0.6736,True,False
Insertion,base,random_blocks,256,31337,15876,15850,0.9843,True,False
Insertion,base,random_blocks,256,65537,11778,11750,0.7213,True,False
Merge,base,random_blocks,256,42,1364,2048,0.2786,True,False
Merge,base,random_blocks,256,137,1346,2048,0.2656,True,False
Merge,base,random_blocks,256,1618,1404,2048,0.3015,True,False
Merge,base,random_blocks,256,2718,1312,2048,0.3051,True,False
Merge,base,random_blocks,256,3141,1332,2048,0.2968,True,False
Merge,base,random_blocks,256,9973,1385,2048,0.2716,True,False
Merge,base,random_blocks,256,31337,1346,2048,0.2971,True,False
Merge,base,random_blocks,256,65537,1353,2048,0.2755,True,False
Quick,base,random_blocks,256,42,2003,536,0.1828,True,False
Quick,base,random_blocks,256,137,1930,574,0.1807,True,False
Quick,base,random_blocks,256,1618,2105,591,0.1915,True,False
Quick,base,random_blocks,256,2718,1969,652,0.1865,True,False
Quick,base,random_blocks,256,3141,1942,505,0.175,True,False
Quick,base,random_blocks,256,9973,1891,612,0.1788,True,False
Quick,base,random_blocks,256,31337,2086,554,0.1881,True,False
Quick,base,random_blocks,256,65537,1905,621,0.1803,True,False
Radix,base,random_blocks,256,42,0,768,0.1039,True,False
Radix,base,random_blocks,256,137,0,768,0.1046,True,False
Radix,base,random_blocks,256,1618,0,768,0.1049,True,False
Radix,base,random_blocks,256,2718,0,768,0.1049,True,False
Radix,base,random_blocks,256,3141,0,768,0.1051,True,False
Radix,base,random_blocks,256,9973,0,768,0.1046,True,False
Radix,base,random_blocks,256,31337,0,768,0.1053,True,False
Radix,base,random_blocks,256,65537,0,768,0.104,True,False
Selection,base,random_blocks,256,42,32640,200,1.1739,True,False
Selection,base,random_blocks,256,137,32640,253,1.1101,True,False
Selection,base,random_blocks,256,1618,32640,255,1.09,True,False
Selection,base,random_blocks,256,2718,32640,253,1.0949,True,False
Selection,base,random_blocks,256,3141,32640,180,1.1077,True,False
Selection,base,random_blocks,256,9973,32640,253,1.0853,True,False
Selection,base,random_blocks,256,31337,32640,225,1.0739,True,False
Selection,base,random_blocks,256,65537,32640,255,1.1041,True,False
T_MHB,triplet,random_blocks,256,42,3040,1808,0.3368,True,False
T_MHB,triplet,random_blocks,256,137,3024,1795,0.3308,True,False
T_MHB,triplet,random_blocks,256,1618,2963,1720,0.3185,True,False
T_MHB,triplet,random_blocks,256,2718,2962,1795,0.3267,True,False
T_MHB,triplet,random_blocks,256,3141,3086,1817,0.3347,True,False
T_MHB,triplet,random_blocks,256,9973,3013,1819,0.3469,True,False
T_MHB,triplet,random_blocks,256,31337,3031,1808,0.333,True,False
T_MHB,triplet,random_blocks,256,65537,2997,1785,0.3368,True,False
T_MHI,triplet,random_blocks,256,42,3040,1808,0.3419,True,False
T_MHI,triplet,random_blocks,256,137,3024,1795,0.3393,True,False
T_MHI,triplet,random_blocks,256,1618,2963,1720,0.3495,True,False
T_MHI,triplet,random_blocks,256,2718,2962,1795,0.3321,True,False
T_MHI,triplet,random_blocks,256,3141,3086,1817,0.3385,True,False
T_MHI,triplet,random_blocks,256,9973,3013,1819,0.3297,True,False
T_MHI,triplet,random_blocks,256,31337,3031,1808,0.3344,True,False
T_MHI,triplet,random_blocks,256,65537,2997,1785,0.3338,True,False
T_MHS,triplet,random_blocks,256,42,3040,1808,0.3293,True,False
T_MHS,triplet,random_blocks,256,137,3024,1795,0.3293,True,False
T_MHS,triplet,random_blocks,256,1618,2963,1720,0.318,True,False
T_MHS,triplet,random_blocks,256,2718,2962,1795,0.3264,True,False
T_MHS,triplet,random_blocks,256,3141,3086,1817,0.3359,True,False
T_MHS,triplet,random_blocks,256,9973,3013,1819,0.3361,True,False
T_MHS,triplet,random_blocks,256,31337,3031,1808,0.3323,True,False
T_MHS,triplet,random_blocks,256,65537,2997,1785,0.3347,True,False
T_MIB,triplet,random_blocks,256,42,8525,8306,0.8799,True,False
T_MIB,triplet,random_blocks,256,137,9625,9381,0.9911,True,False
T_MIB,triplet,random_blocks,256,1618,11349,11106,1.1734,True,False
T_MIB,triplet,random_blocks,256,2718,8032,7863,0.8423,True,False
T_MIB,triplet,random_blocks,256,3141,6027,5781,0.6261,True,False
T_MIB,triplet,random_blocks,256,9973,4509,4263,0.47,True,False
T_MIB,triplet,random_blocks,256,31337,7750,7506,0.8024,True,False
T_MIB,triplet,random_blocks,256,65537,7107,6863,0.7371,True,False
T_MII,triplet,random_blocks,256,42,8525,8306,0.8683,True,False
T_MII,triplet,random_blocks,256,137,9625,9381,0.9816,True,False
T_MII,triplet,random_blocks,256,1618,11349,11106,1.1729,True,False
T_MII,triplet,random_blocks,256,2718,8032,7863,0.8367,True,False
T_MII,triplet,random_blocks,256,3141,6027,5781,0.6288,True,False
T_MII,triplet,random_blocks,256,9973,4509,4263,0.4662,True,False
T_MII,triplet,random_blocks,256,31337,7750,7506,0.767,True,False
T_MII,triplet,random_blocks,256,65537,7107,6863,0.7289,True,False
T_MIS,triplet,random_blocks,256,42,8525,8306,0.8765,True,False
T_MIS,triplet,random_blocks,256,137,9625,9381,0.9908,True,False
T_MIS,triplet,random_blocks,256,1618,11349,11106,1.1453,True,False
T_MIS,triplet,random_blocks,256,2718,8032,7863,0.8229,True,False
T_MIS,triplet,random_blocks,256,3141,6027,5781,0.5799,True,False
T_MIS,triplet,random_blocks,256,9973,4509,4263,0.4672,True,False
T_MIS,triplet,random_blocks,256,31337,7750,7506,0.7932,True,False
T_MIS,triplet,random_blocks,256,65537,7107,6863,0.6478,True,False
T_MMB,triplet,random_blocks,256,42,1422,1242,0.1645,True,False
T_MMB,triplet,random_blocks,256,137,1412,1239,0.1628,True,False
T_MMB,triplet,random_blocks,256,1618,1569,1369,0.1805,True,False
T_MMB,triplet,random_blocks,256,2718,1446,1230,0.1658,True,False
T_MMB,triplet,random_blocks,256,3141,1325,1209,0.1743,True,False
T_MMB,triplet,random_blocks,256,9973,1351,1121,0.1704,True,False
T_MMB,triplet,random_blocks,256,31337,1501,1281,0.1888,True,False
T_MMB,triplet,random_blocks,256,65537,1465,1317,0.1916,True,False
T_MMI,triplet,random_blocks,256,42,1279,1242,0.1727,True,False
T_MMI,triplet,random_blocks,256,137,1261,1239,0.1721,True,False
T_MMI,triplet,random_blocks,256,1618,1429,1369,0.1883,True,False
T_MMI,triplet,random_blocks,256,2718,1219,1230,0.1679,True,False
T_MMI,triplet,random_blocks,256,3141,1223,1209,0.1699,True,False
T_MMI,triplet,random_blocks,256,9973,1181,1121,0.1606,True,False
T_MMI,triplet,random_blocks,256,31337,1292,1281,0.1754,True,False
T_MMI,triplet,random_blocks,256,65537,1328,1317,0.2066,True,False
T_MMS,triplet,random_blocks,256,42,2746,1088,0.2596,True,False
T_MMS,triplet,random_blocks,256,137,2731,1091,0.2619,True,False
T_MMS,triplet,random_blocks,256,1618,2771,1123,0.2653,True,False
T_MMS,triplet,random_blocks,256,2718,2698,1090,0.2564,True,False
T_MMS,triplet,random_blocks,256,3141,2721,1073,0.2567,True,False
T_MMS,triplet,random_blocks,256,9973,2768,1083,0.2615,True,False
T_MMS,triplet,random_blocks,256,31337,2721,1103,0.2602,True,False
T_MMS,triplet,random_blocks,256,65537,2720,1101,0.2586,True,False
T_MQB,triplet,random_blocks,256,42,1992,748,0.1952,True,False
T_MQB,triplet,random_blocks,256,137,2230,1009,0.2259,True,False
T_MQB,triplet,random_blocks,256,1618,2334,914,0.2282,True,False
T_MQB,triplet,random_blocks,256,2718,2216,1023,0.2293,True,False
T_MQB,triplet,random_blocks,256,3141,2285,925,0.223,True,False
T_MQB,triplet,random_blocks,256,9973,2334,1055,0.2395,True,False
T_MQB,triplet,random_blocks,256,31337,2047,778,0.1951,True,False
T_MQB,triplet,random_blocks,256,65537,2225,1012,0.2289,True,False
T_MQI,triplet,random_blocks,256,42,1669,748,0.1722,True,False
T_MQI,triplet,random_blocks,256,137,1837,1009,0.1886,True,False
T_MQI,triplet,random_blocks,256,1618,1836,914,0.1826,True,False
T_MQI,triplet,random_blocks,256,2718,1881,1023,0.1933,True,False
T_MQI,triplet,random_blocks,256,3141,1889,925,0.1844,True,False
T_MQI,triplet,random_blocks,256,9973,1989,1055,0.2005,True,False
T_MQI,triplet,random_blocks,256,31337,1730,778,0.1664,True,False
T_MQI,triplet,random_blocks,256,65537,1894,1012,0.1909,True,False
T_MQS,triplet,random_blocks,256,42,2332,652,0.214,True,False
T_MQS,triplet,random_blocks,256,137,2444,709,0.2235,True,False
T_MQS,triplet,random_blocks,256,1618,2480,668,0.2232,True,False
T_MQS,triplet,random_blocks,256,2718,2412,705,0.2218,True,False
T_MQS,triplet,random_blocks,256,3141,2538,639,0.2282,True,False
T_MQS,triplet,random_blocks,256,9973,2516,673,0.2323,True,False
T_MQS,triplet,random_blocks,256,31337,2458,514,0.2107,True,False
T_MQS,triplet,random_blocks,256,65537,2393,684,0.2253,True,False
T_MRB,triplet,random_blocks,256,42,225,1024,0.151,True,False
T_MRB,triplet,random_blocks,256,137,250,1024,0.1504,True,False
T_MRB,triplet,random_blocks,256,1618,250,1024,0.1481,True,False
T_MRB,triplet,random_blocks,256,2718,175,1024,0.1521,True,False
T_MRB,triplet,random_blocks,256,3141,250,1024,0.1495,True,False
T_MRB,triplet,random_blocks,256,9973,250,1024,0.1492,True,False
T_MRB,triplet,random_blocks,256,31337,250,1024,0.15,True,False
T_MRB,triplet,random_blocks,256,65537,250,1024,0.1508,True,False
T_MRI,triplet,random_blocks,256,42,225,1024,0.1479,True,False
T_MRI,triplet,random_blocks,256,137,250,1024,0.1503,True,False
T_MRI,triplet,random_blocks,256,1618,250,1024,0.1516,True,False
T_MRI,triplet,random_blocks,256,2718,175,1024,0.1463,True,False
T_MRI,triplet,random_blocks,256,3141,250,1024,0.1492,True,False
T_MRI,triplet,random_blocks,256,9973,250,1024,0.1533,True,False
T_MRI,triplet,random_blocks,256,31337,250,1024,0.1502,True,False
T_MRI,triplet,random_blocks,256,65537,250,1024,0.1511,True,False
T_MRS,triplet,random_blocks,256,42,225,1024,0.1475,True,False
T_MRS,triplet,random_blocks,256,137,250,1024,0.1492,True,False
T_MRS,triplet,random_blocks,256,1618,250,1024,0.1502,True,False
T_MRS,triplet,random_blocks,256,2718,175,1024,0.1459,True,False
T_MRS,triplet,random_blocks,256,3141,250,1024,0.1504,True,False
T_MRS,triplet,random_blocks,256,9973,250,1024,0.1499,True,False
T_MRS,triplet,random_blocks,256,31337,250,1024,0.1509,True,False
T_MRS,triplet,random_blocks,256,65537,250,1024,0.149,True,False
T_MSB,triplet,random_blocks,256,42,16481,476,0.9148,True,False
T_MSB,triplet,random_blocks,256,137,16506,483,0.934,True,False
T_MSB,triplet,random_blocks,256,1618,16506,484,0.9119,True,False
T_MSB,triplet,random_blocks,256,2718,16431,507,0.937,True,False
T_MSB,triplet,random_blocks,256,3141,16506,461,0.8112,True,False
T_MSB,triplet,random_blocks,256,9973,16506,507,0.8267,True,False
T_MSB,triplet,random_blocks,256,31337,16506,408,0.8146,True,False
T_MSB,triplet,random_blocks,256,65537,16506,483,0.8146,True,False
T_MSI,triplet,random_blocks,256,42,16481,476,0.8729,True,False
T_MSI,triplet,random_blocks,256,137,16506,483,0.8994,True,False
T_MSI,triplet,random_blocks,256,1618,16506,484,0.8176,True,False
T_MSI,triplet,random_blocks,256,2718,16431,507,0.8402,True,False
T_MSI,triplet,random_blocks,256,3141,16506,461,0.8113,True,False
T_MSI,triplet,random_blocks,256,9973,16506,507,1.0409,True,False
T_MSI,triplet,random_blocks,256,31337,16506,408,0.8248,True,False
T_MSI,triplet,random_blocks,256,65537,16506,483,0.8225,True,False
T_MSS,triplet,random_blocks,256,42,16481,476,0.8167,True,False
T_MSS,triplet,random_blocks,256,137,16506,483,0.8174,True,False
T_MSS,triplet,random_blocks,256,1618,16506,484,0.8855,True,False
T_MSS,triplet,random_blocks,256,2718,16431,507,0.832,True,False
T_MSS,triplet,random_blocks,256,3141,16506,461,0.8158,True,False
T_MSS,triplet,random_blocks,256,9973,16506,507,0.8239,True,False
T_MSS,triplet,random_blocks,256,31337,16506,408,0.8047,True,False
T_MSS,triplet,random_blocks,256,65537,16506,483,0.9144,True,False
T_QHB,triplet,random_blocks,256,42,2922,1454,0.2747,True,False
T_QHB,triplet,random_blocks,256,137,2921,1551,0.2747,True,False
T_QHB,triplet,random_blocks,256,1618,2952,1437,0.2754,True,False
T_QHB,triplet,random_blocks,256,2718,2854,1489,0.2714,True,False
T_QHB,triplet,random_blocks,256,3141,2851,1500,0.2732,True,False
T_QHB,triplet,random_blocks,256,9973,2875,1413,0.2677,True,False
T_QHB,triplet,random_blocks,256,31337,2966,1421,0.2728,True,False
T_QHB,triplet,random_blocks,256,65537,2855,1429,0.2658,True,False
T_QHI,triplet,random_blocks,256,42,2922,1454,0.268,True,False
T_QHI,triplet,random_blocks,256,137,2921,1551,0.2763,True,False
T_QHI,triplet,random_blocks,256,1618,2952,1437,0.2725,True,False
T_QHI,triplet,random_blocks,256,2718,2854,1489,0.327,True,False
T_QHI,triplet,random_blocks,256,3141,2851,1500,0.3057,True,False
T_QHI,triplet,random_blocks,256,9973,2875,1413,0.3429,True,False
T_QHI,triplet,random_blocks,256,31337,2966,1421,0.3062,True,False
T_QHI,triplet,random_blocks,256,65537,2855,1429,0.3035,True,False
T_QHS,triplet,random_blocks,256,42,2922,1454,0.3066,True,False
T_QHS,triplet,random_blocks,256,137,2921,1551,0.3131,True,False
T_QHS,triplet,random_blocks,256,1618,2952,1437,0.3093,True,False
T_QHS,triplet,random_blocks,256,2718,2854,1489,0.3031,True,False
T_QHS,triplet,random_blocks,256,3141,2851,1500,0.3017,True,False
T_QHS,triplet,random_blocks,256,9973,2875,1413,0.302,True,False
T_QHS,triplet,random_blocks,256,31337,2966,1421,0.3097,True,False
T_QHS,triplet,random_blocks,256,65537,2855,1429,0.2984,True,False
T_QIB,triplet,random_blocks,256,42,7801,7274,0.7824,True,False
T_QIB,triplet,random_blocks,256,137,4903,4425,0.5016,True,False
T_QIB,triplet,random_blocks,256,1618,6700,5989,0.6673,True,False
T_QIB,triplet,random_blocks,256,2718,7774,7277,0.7957,True,False
T_QIB,triplet,random_blocks,256,3141,4390,3856,0.4328,True,False
T_QIB,triplet,random_blocks,256,9973,7336,6793,0.7477,True,False
T_QIB,triplet,random_blocks,256,31337,6355,5639,0.6375,True,False
T_QIB,triplet,random_blocks,256,65537,7481,6969,0.7404,True,False
T_QII,triplet,random_blocks,256,42,7801,7274,0.7834,True,False
T_QII,triplet,random_blocks,256,137,4903,4425,0.5037,True,False
T_QII,triplet,random_blocks,256,1618,6700,5989,0.6639,True,False
T_QII,triplet,random_blocks,256,2718,7774,7277,0.8182,True,False
T_QII,triplet,random_blocks,256,3141,4390,3856,0.4425,True,False
T_QII,triplet,random_blocks,256,9973,7336,6793,0.7435,True,False
T_QII,triplet,random_blocks,256,31337,6355,5639,0.6364,True,False
T_QII,triplet,random_blocks,256,65537,7481,6969,0.7676,True,False
T_QIS,triplet,random_blocks,256,42,7801,7274,0.8144,True,False
T_QIS,triplet,random_blocks,256,137,4903,4425,0.5,True,False
T_QIS,triplet,random_blocks,256,1618,6700,5989,0.6737,True,False
T_QIS,triplet,random_blocks,256,2718,7774,7277,0.7854,True,False
T_QIS,triplet,random_blocks,256,3141,4390,3856,0.3964,True,False
T_QIS,triplet,random_blocks,256,9973,7336,6793,0.6548,True,False
T_QIS,triplet,random_blocks,256,31337,6355,5639,0.5778,True,False
T_QIS,triplet,random_blocks,256,65537,7481,6969,0.68,True,False
T_QMB,triplet,random_blocks,256,42,1826,1541,0.2216,True,False
T_QMB,triplet,random_blocks,256,137,1805,1511,0.207,True,False
T_QMB,triplet,random_blocks,256,1618,2232,1641,0.2382,True,False
T_QMB,triplet,random_blocks,256,2718,2251,1806,0.2521,True,False
T_QMB,triplet,random_blocks,256,3141,1536,1374,0.2137,True,False
T_QMB,triplet,random_blocks,256,9973,1858,1296,0.2624,True,False
T_QMB,triplet,random_blocks,256,31337,2284,1586,0.2707,True,False
T_QMB,triplet,random_blocks,256,65537,1980,1474,0.218,True,False
T_QMI,triplet,random_blocks,256,42,1770,1541,0.1965,True,False
T_QMI,triplet,random_blocks,256,137,1785,1511,0.2001,True,False
T_QMI,triplet,random_blocks,256,1618,2098,1641,0.2136,True,False
T_QMI,triplet,random_blocks,256,2718,2042,1806,0.2241,True,False
T_QMI,triplet,random_blocks,256,3141,1530,1374,0.1758,True,False
T_QMI,triplet,random_blocks,256,9973,1686,1296,0.1777,True,False
T_QMI,triplet,random_blocks,256,31337,2108,1586,0.2376,True,False
T_QMI,triplet,random_blocks,256,65537,1806,1474,0.1917,True,False
T_QMS,triplet,random_blocks,256,42,2207,933,0.2082,True,False
T_QMS,triplet,random_blocks,256,137,2471,937,0.2153,True,False
T_QMS,triplet,random_blocks,256,1618,2706,801,0.2193,True,False
T_QMS,triplet,random_blocks,256,2718,2496,954,0.2184,True,False
T_QMS,triplet,random_blocks,256,3141,2112,924,0.1985,True,False
T_QMS,triplet,random_blocks,256,9973,2539,868,0.2143,True,False
T_QMS,triplet,random_blocks,256,31337,2562,878,0.2196,True,False
T_QMS,triplet,random_blocks,256,65537,2516,920,0.2421,True,False
T_QQB,triplet,random_blocks,256,42,2367,696,0.2509,True,False
T_QQB,triplet,random_blocks,256,137,2298,695,0.212,True,False
T_QQB,triplet,random_blocks,256,1618,2309,739,0.2198,True,False
T_QQB,triplet,random_blocks,256,2718,2318,839,0.2119,True,False
T_QQB,triplet,random_blocks,256,3141,1933,510,0.1774,True,False
T_QQB,triplet,random_blocks,256,9973,2301,735,0.2221,True,False
T_QQB,triplet,random_blocks,256,31337,2372,707,0.2041,True,False
T_QQB,triplet,random_blocks,256,65537,2292,859,0.2236,True,False
T_QQI,triplet,random_blocks,256,42,1942,696,0.1752,True,False
T_QQI,triplet,random_blocks,256,137,1815,695,0.1674,True,False
T_QQI,triplet,random_blocks,256,1618,2075,739,0.1712,True,False
T_QQI,triplet,random_blocks,256,2718,1943,839,0.1864,True,False
T_QQI,triplet,random_blocks,256,3141,1745,510,0.1577,True,False
T_QQI,triplet,random_blocks,256,9973,1841,735,0.1747,True,False
T_QQI,triplet,random_blocks,256,31337,2017,707,0.1833,True,False
T_QQI,triplet,random_blocks,256,65537,1954,859,0.166,True,False
T_QQS,triplet,random_blocks,256,42,2585,464,0.1985,True,False
T_QQS,triplet,random_blocks,256,137,2513,487,0.1875,True,False
T_QQS,triplet,random_blocks,256,1618,2505,511,0.2067,True,False
T_QQS,triplet,random_blocks,256,2718,2504,557,0.1954,True,False
T_QQS,triplet,random_blocks,256,3141,2383,426,0.1975,True,False
T_QQS,triplet,random_blocks,256,9973,2360,527,0.2104,True,False
T_QQS,triplet,random_blocks,256,31337,2592,467,0.2222,True,False
T_QQS,triplet,random_blocks,256,65537,2405,525,0.2099,True,False
T_QRB,triplet,random_blocks,256,42,433,745,0.137,True,False
T_QRB,triplet,random_blocks,256,137,413,796,0.1379,True,False
T_QRB,triplet,random_blocks,256,1618,613,824,0.1609,True,False
T_QRB,triplet,random_blocks,256,2718,429,892,0.1543,True,False
T_QRB,triplet,random_blocks,256,3141,413,766,0.1379,True,False
T_QRB,triplet,random_blocks,256,9973,432,773,0.1433,True,False
T_QRB,triplet,random_blocks,256,31337,671,840,0.1653,True,False
T_QRB,triplet,random_blocks,256,65537,432,865,0.1528,True,False
T_QRI,triplet,random_blocks,256,42,433,745,0.1358,True,False
T_QRI,triplet,random_blocks,256,137,413,796,0.1371,True,False
T_QRI,triplet,random_blocks,256,1618,613,824,0.1602,True,False
T_QRI,triplet,random_blocks,256,2718,429,892,0.1552,True,False
T_QRI,triplet,random_blocks,256,3141,413,766,0.136,True,False
T_QRI,triplet,random_blocks,256,9973,432,773,0.1419,True,False
T_QRI,triplet,random_blocks,256,31337,671,840,0.1661,True,False
T_QRI,triplet,random_blocks,256,65537,432,865,0.1535,True,False
T_QRS,triplet,random_blocks,256,42,433,745,0.1366,True,False
T_QRS,triplet,random_blocks,256,137,413,796,0.1378,True,False
T_QRS,triplet,random_blocks,256,1618,613,824,0.1607,True,False
T_QRS,triplet,random_blocks,256,2718,429,892,0.1558,True,False
T_QRS,triplet,random_blocks,256,3141,413,766,0.1369,True,False
T_QRS,triplet,random_blocks,256,9973,432,773,0.1421,True,False
T_QRS,triplet,random_blocks,256,31337,671,840,0.1644,True,False
T_QRS,triplet,random_blocks,256,65537,432,865,0.154,True,False
T_QSB,triplet,random_blocks,256,42,11244,258,0.6375,True,False
T_QSB,triplet,random_blocks,256,137,11791,337,0.6451,True,False
T_QSB,triplet,random_blocks,256,1618,10772,337,0.5707,True,False
T_QSB,triplet,random_blocks,256,2718,11896,355,0.6157,True,False
T_QSB,triplet,random_blocks,256,3141,11215,236,0.5605,True,False
T_QSB,triplet,random_blocks,256,9973,12060,283,0.6676,True,False
T_QSB,triplet,random_blocks,256,31337,10377,293,0.6069,True,False
T_QSB,triplet,random_blocks,256,65537,11998,331,0.7064,True,False
T_QSI,triplet,random_blocks,256,42,11244,258,0.6471,True,False
T_QSI,triplet,random_blocks,256,137,11791,337,0.6724,True,False
T_QSI,triplet,random_blocks,256,1618,10772,337,0.6249,True,False
T_QSI,triplet,random_blocks,256,2718,11896,355,0.6993,True,False
T_QSI,triplet,random_blocks,256,3141,11215,236,0.6309,True,False
T_QSI,triplet,random_blocks,256,9973,12060,283,0.6597,True,False
T_QSI,triplet,random_blocks,256,31337,10377,293,0.5386,True,False
T_QSI,triplet,random_blocks,256,65537,11998,331,0.6115,True,False
T_QSS,triplet,random_blocks,256,42,11244,258,0.5654,True,False
T_QSS,triplet,random_blocks,256,137,11791,337,0.669,True,False
T_QSS,triplet,random_blocks,256,1618,10772,337,0.6265,True,False
T_QSS,triplet,random_blocks,256,2718,11896,355,0.6977,True,False
T_QSS,triplet,random_blocks,256,3141,11215,236,0.6329,True,False
T_QSS,triplet,random_blocks,256,9973,12060,283,0.6838,True,False
T_QSS,triplet,random_blocks,256,31337,10377,293,0.6018,True,False
T_QSS,triplet,random_blocks,256,65537,11998,331,0.7041,True,False
TimCustom,base,random_blocks,256,42,1885,1844,0.227,True,False
TimCustom,base,random_blocks,256,137,1788,1760,0.2055,True,False
TimCustom,base,random_blocks,256,1618,2139,2118,0.2417,True,False
TimCustom,base,random_blocks,256,2718,1645,1628,0.202,True,False
TimCustom,base,random_blocks,256,3141,1564,1515,0.1879,True,False
TimCustom,base,random_blocks,256,9973,1558,1456,0.1808,True,False
TimCustom,base,random_blocks,256,31337,1934,1919,0.2321,True,False
TimCustom,base,random_blocks,256,65537,1937,1928,0.2191,True,False
Bubble,base,reverse,256,42,32640,32640,2.6333,True,False
Bubble,base,reverse,256,137,32640,32640,2.6305,True,False
Bubble,base,reverse,256,1618,32640,32640,2.6944,True,False
Bubble,base,reverse,256,2718,32640,32640,2.6465,True,False
Bubble,base,reverse,256,3141,32640,32640,2.6178,True,False
Bubble,base,reverse,256,9973,32640,32640,2.6831,True,False
Bubble,base,reverse,256,31337,32640,32640,2.6299,True,False
Bubble,base,reverse,256,65537,32640,32640,2.6248,True,False
Heap,base,reverse,256,42,3106,1642,0.2549,True,False
Heap,base,reverse,256,137,3106,1642,0.2549,True,False
Heap,base,reverse,256,1618,3106,1642,0.2549,True,False
Heap,base,reverse,256,2718,3106,1642,0.2552,True,False
Heap,base,reverse,256,3141,3106,1642,0.2522,True,False
Heap,base,reverse,256,9973,3106,1642,0.2768,True,False
Heap,base,reverse,256,31337,3106,1642,0.2543,True,False
Heap,base,reverse,256,65537,3106,1642,0.2535,True,False
Hybrid_Intro,hybrid,reverse,256,42,1924,224,0.1445,True,False
Hybrid_Intro,hybrid,reverse,256,137,1924,224,0.1424,True,False
Hybrid_Intro,hybrid,reverse,256,1618,1924,224,0.1423,True,False
Hybrid_Intro,hybrid,reverse,256,2718,1924,224,0.1428,True,False
Hybrid_Intro,hybrid,reverse,256,3141,1924,224,0.1442,True,False
Hybrid_Intro,hybrid,reverse,256,9973,1924,224,0.1425,True,False
Hybrid_Intro,hybrid,reverse,256,31337,1924,224,0.1436,True,False
Hybrid_Intro,hybrid,reverse,256,65537,1924,224,0.1426,True,False
Hybrid_MI,hybrid,reverse,256,42,2432,1264,0.2698,True,False
Hybrid_MI,hybrid,reverse,256,137,2432,1264,0.2853,True,False
Hybrid_MI,hybrid,reverse,256,1618,2432,1264,0.2687,True,False
Hybrid_MI,hybrid,reverse,256,2718,2432,1264,0.2682,True,False
Hybrid_MI,hybrid,reverse,256,3141,2432,1264,0.2659,True,False
Hybrid_MI,hybrid,reverse,256,9973,2432,1264,0.2711,True,False
Hybrid_MI,hybrid,reverse,256,31337,2432,1264,0.2675,True,False
Hybrid_MI,hybrid,reverse,256,65537,2432,1264,0.2689,True,False
Hybrid_QI,hybrid,reverse,256,42,1924,224,0.1423,True,False
Hybrid_QI,hybrid,reverse,256,137,1924,224,0.1441,True,False
Hybrid_QI,hybrid,reverse,256,1618,1924,224,0.1437,True,False
Hybrid_QI,hybrid,reverse,256,2718,1924,224,0.1422,True,False
Hybrid_QI,hybrid,reverse,256,3141,1924,224,0.1427,True,False
Hybrid_QI,hybrid,reverse,256,9973,1924,224,0.1418,True,False
Hybrid_QI,hybrid,reverse,256,31337,1924,224,0.1417,True,False
Hybrid_QI,hybrid,reverse,256,65537,1924,224,0.1425,True,False
Hybrid_RI,hybrid,reverse,256,42,0,768,0.1061,True,False
Hybrid_RI,hybrid,reverse,256,137,0,768,0.1066,True,False
Hybrid_RI,hybrid,reverse,256,1618,0,768,0.1065,True,False
Hybrid_RI,hybrid,reverse,256,2718,0,768,0.1074,True,False
Hybrid_RI,hybrid,reverse,256,3141,0,768,0.1074,True,False
Hybrid_RI,hybrid,reverse,256,9973,0,768,0.1068,True,False
Hybrid_RI,hybrid,reverse,256,31337,0,768,0.1073,True,False
Hybrid_RI,hybrid,reverse,256,65537,0,768,0.1063,True,False
Insertion,base,reverse,256,42,32640,32895,2.2471,True,False
Insertion,base,reverse,256,137,32640,32895,2.0808,True,False
Insertion,base,reverse,256,1618,32640,32895,2.0747,True,False
Insertion,base,reverse,256,2718,32640,32895,2.0453,True,False
Insertion,base,reverse,256,3141,32640,32895,2.3313,True,False
Insertion,base,reverse,256,9973,32640,32895,2.278,True,False
Insertion,base,reverse,256,31337,32640,32895,2.2852,True,False
Insertion,base,reverse,256,65537,32640,32895,2.2781,True,False
Merge,base,reverse,256,42,1024,2048,0.2848,True,False
Merge,base,reverse,256,137,1024,2048,0.2842,True,False
Merge,base,reverse,256,1618,1024,2048,0.2815,True,False
Merge,base,reverse,256,2718,1024,2048,0.28,True,False
Merge,base,reverse,256,3141,1024,2048,0.2803,True,False
Merge,base,reverse,256,9973,1024,2048,0.2796,True,False
Merge,base,reverse,256,31337,1024,2048,0.2812,True,False
Merge,base,reverse,256,65537,1024,2048,0.283,True,False
Quick,base,reverse,256,42,2297,526,0.1934,True,False
Quick,base,reverse,256,137,2297,526,0.2048,True,False
Quick,base,reverse,256,1618,2297,526,0.1907,True,False
Quick,base,reverse,256,2718,2297,526,0.1892,True,False
Quick,base,reverse,256,3141,2297,526,0.194,True,False
Quick,base,reverse,256,9973,2297,526,0.1939,True,False
Quick,base,reverse,256,31337,2297,526,0.1923,True,False
Quick,base,reverse,256,65537,2297,526,0.1929,True,False
Radix,base,reverse,256,42,0,768,0.1065,True,False
Radix,base,reverse,256,137,0,768,0.1048,True,False
Radix,base,reverse,256,1618,0,768,0.1049,True,False
Radix,base,reverse,256,2718,0,768,0.1037,True,False
Radix,base,reverse,256,3141,0,768,0.1051,True,False
Radix,base,reverse,256,9973,0,768,0.1043,True,False
Radix,base,reverse,256,31337,0,768,0.1043,True,False
Radix,base,reverse,256,65537,0,768,0.1051,True,False
Selection,base,reverse,256,42,32640,128,1.1492,True,False
Selection,base,reverse,256,137,32640,128,1.1608,True,False
Selection,base,reverse,256,1618,32640,128,1.1509,True,False
Selection,base,reverse,256,2718,32640,128,1.1638,True,False
Selection,base,reverse,256,3141,32640,128,1.178,True,False
Selection,base,reverse,256,9973,32640,128,1.18,True,False
Selection,base,reverse,256,31337,32640,128,1.173,True,False
Selection,base,reverse,256,65537,32640,128,1.1591,True,False
T_MHB,triplet,reverse,256,42,2716,1660,0.3015,True,False
T_MHB,triplet,reverse,256,137,2716,1660,0.3023,True,False
T_MHB,triplet,reverse,256,1618,2716,1660,0.305,True,False
T_MHB,triplet,reverse,256,2718,2716,1660,0.303,True,False
T_MHB,triplet,reverse,256,3141,2716,1660,0.3018,True,False
T_MHB,triplet,reverse,256,9973,2716,1660,0.3029,True,False
T_MHB,triplet,reverse,256,31337,2716,1660,0.3053,True,False
T_MHB,triplet,reverse,256,65537,2716,1660,0.3024,True,False
T_MHI,triplet,reverse,256,42,2716,1660,0.3017,True,False
T_MHI,triplet,reverse,256,137,2716,1660,0.3032,True,False
T_MHI,triplet,reverse,256,1618,2716,1660,0.3013,True,False
T_MHI,triplet,reverse,256,2718,2716,1660,0.3061,True,False
T_MHI,triplet,reverse,256,3141,2716,1660,0.3044,True,False
T_MHI,triplet,reverse,256,9973,2716,1660,0.3021,True,False
T_MHI,triplet,reverse,256,31337,2716,1660,0.3216,True,False
T_MHI,triplet,reverse,256,65537,2716,1660,0.3034,True,False
T_MHS,triplet,reverse,256,42,2716,1660,0.3052,True,False
T_MHS,triplet,reverse,256,137,2716,1660,0.3079,True,False
T_MHS,triplet,reverse,256,1618,2716,1660,0.3018,True,False
T_MHS,triplet,reverse,256,2718,2716,1660,0.3049,True,False
T_MHS,triplet,reverse,256,3141,2716,1660,0.3024,True,False
T_MHS,triplet,reverse,256,9973,2716,1660,0.2956,True,False
T_MHS,triplet,reverse,256,31337,2716,1660,0.2951,True,False
T_MHS,triplet,reverse,256,65537,2716,1660,0.3018,True,False
T_MIB,triplet,reverse,256,42,16384,16512,1.7242,True,False
T_MIB,triplet,reverse,256,137,16384,16512,1.6244,True,False
T_MIB,triplet,reverse,256,1618,16384,16512,1.5977,True,False
T_MIB,triplet,reverse,256,2718,16384,16512,1.6815,True,False
T_MIB,triplet,reverse,256,3141,16384,16512,1.7126,True,False
T_MIB,triplet,reverse,256,9973,16384,16512,1.6964,True,False
T_MIB,triplet,reverse,256,31337,16384,16512,1.6849,True,False
T_MIB,triplet,reverse,256,65537,16384,16512,1.7143,True,False
T_MII,triplet,reverse,256,42,16384,16512,1.6863,True,False
T_MII,triplet,reverse,256,137,16384,16512,1.7901,True,False
T_MII,triplet,reverse,256,1618,16384,16512,1.7199,True,False
T_MII,triplet,reverse,256,2718,16384,16512,1.6995,True,False
T_MII,triplet,reverse,256,3141,16384,16512,1.7021,True,False
T_MII,triplet,reverse,256,9973,16384,16512,1.7205,True,False
T_MII,triplet,reverse,256,31337,16384,16512,1.737,True,False
T_MII,triplet,reverse,256,65537,16384,16512,1.7247,True,False
T_MIS,triplet,reverse,256,42,16384,16512,1.875,True,False
T_MIS,triplet,reverse,256,137,16384,16512,1.6941,True,False
T_MIS,triplet,reverse,256,1618,16384,16512,1.6867,True,False
T_MIS,triplet,reverse,256,2718,16384,16512,1.6892,True,False
T_MIS,triplet,reverse,256,3141,16384,16512,1.6791,True,False
T_MIS,triplet,reverse,256,9973,16384,16512,1.6943,True,False
T_MIS,triplet,reverse,256,31337,16384,16512,1.7051,True,False
T_MIS,triplet,reverse,256,65537,16384,16512,1.6864,True,False
T_MMB,triplet,reverse,256,42,2432,2944,0.3639,True,False
T_MMB,triplet,reverse,256,137,2432,2944,0.3645,True,False
T_MMB,triplet,reverse,256,1618,2432,2944,0.3667,True,False
T_MMB,triplet,reverse,256,2718,2432,2944,0.3637,True,False
T_MMB,triplet,reverse,256,3141,2432,2944,0.3643,True,False
T_MMB,triplet,reverse,256,9973,2432,2944,0.364,True,False
T_MMB,triplet,reverse,256,31337,2432,2944,0.3675,True,False
T_MMB,triplet,reverse,256,65537,2432,2944,0.3843,True,False
T_MMI,triplet,reverse,256,42,2432,2944,0.3617,True,False
T_MMI,triplet,reverse,256,137,2432,2944,0.3189,True,False
T_MMI,triplet,reverse,256,1618,2432,2944,0.3182,True,False
T_MMI,triplet,reverse,256,2718,2432,2944,0.316,True,False
T_MMI,triplet,reverse,256,3141,2432,2944,0.3183,True,False
T_MMI,triplet,reverse,256,9973,2432,2944,0.3206,True,False
T_MMI,triplet,reverse,256,31337,2432,2944,0.3203,True,False
T_MMI,triplet,reverse,256,65537,2432,2944,0.3208,True,False
T_MMS,triplet,reverse,256,42,2432,1152,0.2503,True,False
T_MMS,triplet,reverse,256,137,2432,1152,0.2493,True,False
T_MMS,triplet,reverse,256,1618,2432,1152,0.2521,True,False
T_MMS,triplet,reverse,256,2718,2432,1152,0.2781,True,False
T_MMS,triplet,reverse,256,3141,2432,1152,0.2545,True,False
T_MMS,triplet,reverse,256,9973,2432,1152,0.2544,True,False
T_MMS,triplet,reverse,256,31337,2432,1152,0.2527,True,False
T_MMS,triplet,reverse,256,65537,2432,1152,0.2492,True,False
T_MQB,triplet,reverse,256,42,2690,668,0.2401,True,False
T_MQB,triplet,reverse,256,137,2690,668,0.2347,True,False
T_MQB,triplet,reverse,256,1618,2690,668,0.2342,True,False
T_MQB,triplet,reverse,256,2718,2690,668,0.2338,True,False
T_MQB,triplet,reverse,256,3141,2690,668,0.2332,True,False
T_MQB,triplet,reverse,256,9973,2690,668,0.2323,True,False
T_MQB,triplet,reverse,256,31337,2690,668,0.2373,True,False
T_MQB,triplet,reverse,256,65537,2690,668,0.2351,True,False
T_MQI,triplet,reverse,256,42,1606,668,0.1543,True,False
T_MQI,triplet,reverse,256,137,1606,668,0.1565,True,False
T_MQI,triplet,reverse,256,1618,1606,668,0.1554,True,False
T_MQI,triplet,reverse,256,2718,1606,668,0.1543,True,False
T_MQI,triplet,reverse,256,3141,1606,668,0.1637,True,False
T_MQI,triplet,reverse,256,9973,1606,668,0.1565,True,False
T_MQI,triplet,reverse,256,31337,1606,668,0.1558,True,False
T_MQI,triplet,reverse,256,65537,1606,668,0.1554,True,False
T_MQS,triplet,reverse,256,42,2690,668,0.2286,True,False
T_MQS,triplet,reverse,256,137,2690,668,0.2287,True,False
T_MQS,triplet,reverse,256,1618,2690,668,0.2291,True,False
T_MQS,triplet,reverse,256,2718,2690,668,0.2347,True,False
T_MQS,triplet,reverse,256,3141,2690,668,0.2264,True,False
T_MQS,triplet,reverse,256,9973,2690,668,0.2268,True,False
T_MQS,triplet,reverse,256,31337,2690,668,0.2266,True,False
T_MQS,triplet,reverse,256,65537,2690,668,0.2281,True,False
T_MRB,triplet,reverse,256,42,128,1024,0.1434,True,False
T_MRB,triplet,reverse,256,137,128,1024,0.1438,True,False
T_MRB,triplet,reverse,256,1618,128,1024,0.1456,True,False
T_MRB,triplet,reverse,256,2718,128,1024,0.1433,True,False
T_MRB,triplet,reverse,256,3141,128,1024,0.1428,True,False
T_MRB,triplet,reverse,256,9973,128,1024,0.1429,True,False
T_MRB,triplet,reverse,256,31337,128,1024,0.1426,True,False
T_MRB,triplet,reverse,256,65537,128,1024,0.1426,True,False
T_MRI,triplet,reverse,256,42,128,1024,0.1434,True,False
T_MRI,triplet,reverse,256,137,128,1024,0.1486,True,False
T_MRI,triplet,reverse,256,1618,128,1024,0.127,True,False
T_MRI,triplet,reverse,256,2718,128,1024,0.1287,True,False
T_MRI,triplet,reverse,256,3141,128,1024,0.1277,True,False
T_MRI,triplet,reverse,256,9973,128,1024,0.1429,True,False
T_MRI,triplet,reverse,256,31337,128,1024,0.1437,True,False
T_MRI,triplet,reverse,256,65537,128,1024,0.1319,True,False
T_MRS,triplet,reverse,256,42,128,1024,0.1345,True,False
T_MRS,triplet,reverse,256,137,128,1024,0.1473,True,False
T_MRS,triplet,reverse,256,1618,128,1024,0.1269,True,False
T_MRS,triplet,reverse,256,2718,128,1024,0.1269,True,False
T_MRS,triplet,reverse,256,3141,128,1024,0.1262,True,False
T_MRS,triplet,reverse,256,9973,128,1024,0.1269,True,False
T_MRS,triplet,reverse,256,31337,128,1024,0.1274,True,False
T_MRS,triplet,reverse,256,65537,128,1024,0.1267,True,False
T_MSB,triplet,reverse,256,42,16384,384,0.8495,True,False
T_MSB,triplet,reverse,256,137,16384,384,0.832,True,False
T_MSB,triplet,reverse,256,1618,16384,384,0.8432,True,False
T_MSB,triplet,reverse,256,2718,16384,384,0.8499,True,False
T_MSB,triplet,reverse,256,3141,16384,384,0.8426,True,False
T_MSB,triplet,reverse,256,9973,16384,384,0.835,True,False
T_MSB,triplet,reverse,256,31337,16384,384,0.8808,True,False
T_MSB,triplet,reverse,256,65537,16384,384,0.8624,True,False
T_MSI,triplet,reverse,256,42,16384,384,0.8451,True,False
T_MSI,triplet,reverse,256,137,16384,384,0.8319,True,False
T_MSI,triplet,reverse,256,1618,16384,384,0.8288,True,False
T_MSI,triplet,reverse,256,2718,16384,384,0.8341,True,False
T_MSI,triplet,reverse,256,3141,16384,384,0.8489,True,False
T_MSI,triplet,reverse,256,9973,16384,384,0.9472,True,False
T_MSI,triplet,reverse,256,31337,16384,384,0.9543,True,False
T_MSI,triplet,reverse,256,65537,16384,384,0.8756,True,False
T_MSS,triplet,reverse,256,42,16384,384,0.8451,True,False
T_MSS,triplet,reverse,256,137,16384,384,0.9261,True,False
T_MSS,triplet,reverse,256,1618,16384,384,0.8818,True,False
T_MSS,triplet,reverse,256,2718,16384,384,0.9546,True,False
T_MSS,triplet,reverse,256,3141,16384,384,0.9367,True,False
T_MSS,triplet,reverse,256,9973,16384,384,0.9666,True,False
T_MSS,triplet,reverse,256,31337,16384,384,0.94,True,False
T_MSS,triplet,reverse,256,65537,16384,384,0.9463,True,False
T_QHB,triplet,reverse,256,42,3174,1838,0.3557,True,False
T_QHB,triplet,reverse,256,137,3174,1838,0.348,True,False
T_QHB,triplet,reverse,256,1618,3174,1838,0.3437,True,False
T_QHB,triplet,reverse,256,2718,3174,1838,0.3463,True,False
T_QHB,triplet,reverse,256,3141,3174,1838,0.3491,True,False
T_QHB,triplet,reverse,256,9973,3174,1838,0.3523,True,False
T_QHB,triplet,reverse,256,31337,3174,1838,0.4333,True,False
T_QHB,triplet,reverse,256,65537,3174,1838,0.3736,True,False
T_QHI,triplet,reverse,256,42,3174,1838,0.348,True,False
T_QHI,triplet,reverse,256,137,3174,1838,0.3431,True,False
T_QHI,triplet,reverse,256,1618,3174,1838,0.3508,True,False
T_QHI,triplet,reverse,256,2718,3174,1838,0.3457,True,False
T_QHI,triplet,reverse,256,3141,3174,1838,0.3498,True,False
T_QHI,triplet,reverse,256,9973,3174,1838,0.3443,True,False
T_QHI,triplet,reverse,256,31337,3174,1838,0.3448,True,False
T_QHI,triplet,reverse,256,65537,3174,1838,0.3517,True,False
T_QHS,triplet,reverse,256,42,3174,1838,0.3582,True,False
T_QHS,triplet,reverse,256,137,3174,1838,0.3504,True,False
T_QHS,triplet,reverse,256,1618,3174,1838,0.3503,True,False
T_QHS,triplet,reverse,256,2718,3174,1838,0.3474,True,False
T_QHS,triplet,reverse,256,3141,3174,1838,0.3819,True,False
T_QHS,triplet,reverse,256,9973,3174,1838,0.3532,True,False
T_QHS,triplet,reverse,256,31337,3174,1838,0.3441,True,False
T_QHS,triplet,reverse,256,65537,3174,1838,0.3459,True,False
T_QIB,triplet,reverse,256,42,760,382,0.0719,True,False
T_QIB,triplet,reverse,256,137,760,382,0.0719,True,False
T_QIB,triplet,reverse,256,1618,760,382,0.0728,True,False
T_QIB,triplet,reverse,256,2718,760,382,0.073,True,False
T_QIB,triplet,reverse,256,3141,760,382,0.0737,True,False
T_QIB,triplet,reverse,256,9973,760,382,0.0719,True,False
T_QIB,triplet,reverse,256,31337,760,382,0.0717,True,False
T_QIB,triplet,reverse,256,65537,760,382,0.0713,True,False
T_QII,triplet,reverse,256,42,760,382,0.0718,True,False
T_QII,triplet,reverse,256,137,760,382,0.0717,True,False
T_QII,triplet,reverse,256,1618,760,382,0.0719,True,False
T_QII,triplet,reverse,256,2718,760,382,0.0719,True,False
T_QII,triplet,reverse,256,3141,760,382,0.0719,True,False
T_QII,triplet,reverse,256,9973,760,382,0.0714,True,False
T_QII,triplet,reverse,256,31337,760,382,0.0716,True,False
T_QII,triplet,reverse,256,65537,760,382,0.0715,True,False
T_QIS,triplet,reverse,256,42,760,382,0.072,True,False
T_QIS,triplet,reverse,256,137,760,382,0.0719,True,False
T_QIS,triplet,reverse,256,1618,760,382,0.0724,True,False
T_QIS,triplet,reverse,256,2718,760,382,0.0722,True,False
T_QIS,triplet,reverse,256,3141,760,382,0.0729,True,False
T_QIS,triplet,reverse,256,9973,760,382,0.0729,True,False
T_QIS,triplet,reverse,256,31337,760,382,0.0723,True,False
T_QIS,triplet,reverse,256,65537,760,382,0.0734,True,False
T_QMB,triplet,reverse,256,42,1082,924,0.1445,True,False
T_QMB,triplet,reverse,256,137,1082,924,0.1434,True,False
T_QMB,triplet,reverse,256,1618,1082,924,0.1421,True,False
T_QMB,triplet,reverse,256,2718,1082,924,0.1417,True,False
T_QMB,triplet,reverse,256,3141,1082,924,0.1417,True,False
T_QMB,triplet,reverse,256,9973,1082,924,0.1425,True,False
T_QMB,triplet,reverse,256,31337,1082,924,0.143,True,False
T_QMB,triplet,reverse,256,65537,1082,924,0.1422,True,False
T_QMI,triplet,reverse,256,42,912,924,0.1427,True,False
T_QMI,triplet,reverse,256,137,912,924,0.1338,True,False
T_QMI,triplet,reverse,256,1618,912,924,0.1339,True,False
T_QMI,triplet,reverse,256,2718,912,924,0.1348,True,False
T_QMI,triplet,reverse,256,3141,912,924,0.135,True,False
T_QMI,triplet,reverse,256,9973,912,924,0.1346,True,False
T_QMI,triplet,reverse,256,31337,912,924,0.1349,True,False
T_QMI,triplet,reverse,256,65537,912,924,0.1379,True,False
T_QMS,triplet,reverse,256,42,2552,924,0.2379,True,False
T_QMS,triplet,reverse,256,137,2552,924,0.2394,True,False
T_QMS,triplet,reverse,256,1618,2552,924,0.2354,True,False
T_QMS,triplet,reverse,256,2718,2552,924,0.2378,True,False
T_QMS,triplet,reverse,256,3141,2552,924,0.236,True,False
T_QMS,triplet,reverse,256,9973,2552,924,0.2393,True,False
T_QMS,triplet,reverse,256,31337,2552,924,0.2436,True,False
T_QMS,triplet,reverse,256,65537,2552,924,0.2395,True,False
T_QQB,triplet,reverse,256,42,2927,426,0.2341,True,False
T_QQB,triplet,reverse,256,137,2927,426,0.2314,True,False
T_QQB,triplet,reverse,256,1618,2927,426,0.2401,True,False
T_QQB,triplet,reverse,256,2718,2927,426,0.2334,True,False
T_QQB,triplet,reverse,256,3141,2927,426,0.2322,True,False
T_QQB,triplet,reverse,256,9973,2927,426,0.2307,True,False
T_QQB,triplet,reverse,256,31337,2927,426,0.2318,True,False
T_QQB,triplet,reverse,256,65537,2927,426,0.2311,True,False
T_QQI,triplet,reverse,256,42,1924,426,0.1577,True,False
T_QQI,triplet,reverse,256,137,1924,426,0.1574,True,False
T_QQI,triplet,reverse,256,1618,1924,426,0.1572,True,False
T_QQI,triplet,reverse,256,2718,1924,426,0.1583,True,False
T_QQI,triplet,reverse,256,3141,1924,426,0.1567,True,False
T_QQI,triplet,reverse,256,9973,1924,426,0.1583,True,False
T_QQI,triplet,reverse,256,31337,1924,426,0.1577,True,False
T_QQI,triplet,reverse,256,65537,1924,426,0.1567,True,False
T_QQS,triplet,reverse,256,42,2927,426,0.2258,True,False
T_QQS,triplet,reverse,256,137,2927,426,0.2325,True,False
T_QQS,triplet,reverse,256,1618,2927,426,0.2293,True,False
T_QQS,triplet,reverse,256,2718,2927,426,0.2293,True,False
T_QQS,triplet,reverse,256,3141,2927,426,0.2326,True,False
T_QQS,triplet,reverse,256,9973,2927,426,0.2598,True,False
T_QQS,triplet,reverse,256,31337,2927,426,0.2273,True,False
T_QQS,triplet,reverse,256,65537,2927,426,0.2287,True,False
T_QRB,triplet,reverse,256,42,257,896,0.1416,True,False
T_QRB,triplet,reverse,256,137,257,896,0.1395,True,False
T_QRB,triplet,reverse,256,1618,257,896,0.1451,True,False
T_QRB,triplet,reverse,256,2718,257,896,0.1403,True,False
T_QRB,triplet,reverse,256,3141,257,896,0.1383,True,False
T_QRB,triplet,reverse,256,9973,257,896,0.1401,True,False
T_QRB,triplet,reverse,256,31337,257,896,0.1412,True,False
T_QRB,triplet,reverse,256,65537,257,896,0.1411,True,False
T_QRI,triplet,reverse,256,42,257,896,0.1407,True,False
T_QRI,triplet,reverse,256,137,257,896,0.1389,True,False
T_QRI,triplet,reverse,256,1618,257,896,0.1393,True,False
T_QRI,triplet,reverse,256,2718,257,896,0.1397,True,False
T_QRI,triplet,reverse,256,3141,257,896,0.1404,True,False
T_QRI,triplet,reverse,256,9973,257,896,0.1386,True,False
T_QRI,triplet,reverse,256,31337,257,896,0.1385,True,False
T_QRI,triplet,reverse,256,65537,257,896,0.1406,True,False
T_QRS,triplet,reverse,256,42,257,896,0.1447,True,False
T_QRS,triplet,reverse,256,137,257,896,0.1403,True,False
T_QRS,triplet,reverse,256,1618,257,896,0.1412,True,False
T_QRS,triplet,reverse,256,2718,257,896,0.1483,True,False
T_QRS,triplet,reverse,256,3141,257,896,0.1421,True,False
T_QRS,triplet,reverse,256,9973,257,896,0.1406,True,False
T_QRS,triplet,reverse,256,31337,257,896,0.1393,True,False
T_QRS,triplet,reverse,256,65537,257,896,0.14,True,False
T_QSB,triplet,reverse,256,42,16386,382,0.91,True,False
T_QSB,triplet,reverse,256,137,16386,382,0.9238,True,False
T_QSB,triplet,reverse,256,1618,16386,382,0.8106,True,False
T_QSB,triplet,reverse,256,2718,16386,382,0.9502,True,False
T_QSB,triplet,reverse,256,3141,16386,382,0.8451,True,False
T_QSB,triplet,reverse,256,9973,16386,382,0.8339,True,False
T_QSB,triplet,reverse,256,31337,16386,382,0.8445,True,False
T_QSB,triplet,reverse,256,65537,16386,382,0.8238,True,False
T_QSI,triplet,reverse,256,42,16386,382,0.9284,True,False
T_QSI,triplet,reverse,256,137,16386,382,0.9296,True,False
T_QSI,triplet,reverse,256,1618,16386,382,0.9009,True,False
T_QSI,triplet,reverse,256,2718,16386,382,0.812,True,False
T_QSI,triplet,reverse,256,3141,16386,382,0.8532,True,False
T_QSI,triplet,reverse,256,9973,16386,382,0.8772,True,False
T_QSI,triplet,reverse,256,31337,16386,382,0.9041,True,False
T_QSI,triplet,reverse,256,65537,16386,382,0.9039,True,False
T_QSS,triplet,reverse,256,42,16386,382,0.8182,True,False
T_QSS,triplet,reverse,256,137,16386,382,0.8809,True,False
T_QSS,triplet,reverse,256,1618,16386,382,0.8091,True,False
T_QSS,triplet,reverse,256,2718,16386,382,0.8122,True,False
T_QSS,triplet,reverse,256,3141,16386,382,0.8092,True,False
T_QSS,triplet,reverse,256,9973,16386,382,0.814,True,False
T_QSS,triplet,reverse,256,31337,16386,382,0.8274,True,False
T_QSS,triplet,reverse,256,65537,16386,382,0.9064,True,False
TimCustom,base,reverse,256,42,4352,4984,0.4833,True,False
TimCustom,base,reverse,256,137,4352,4984,0.4808,True,False
TimCustom,base,reverse,256,1618,4352,4984,0.4743,True,False
TimCustom,base,reverse,256,2718,4352,4984,0.4749,True,False
TimCustom,base,reverse,256,3141,4352,4984,0.4448,True,False
TimCustom,base,reverse,256,9973,4352,4984,0.43,True,False
TimCustom,base,reverse,256,31337,4352,4984,0.4519,True,False
TimCustom,base,reverse,256,65537,4352,4984,0.4847,True,False
Bubble,base,rotated,256,42,32640,12288,1.7804,True,False
Bubble,base,rotated,256,137,32640,12288,1.6581,True,False
Bubble,base,rotated,256,1618,32640,12288,1.7646,True,False
Bubble,base,rotated,256,2718,32640,12288,1.8161,True,False
Bubble,base,rotated,256,3141,32640,12288,1.7706,True,False
Bubble,base,rotated,256,9973,32640,12288,1.7855,True,False
Bubble,base,rotated,256,31337,32640,12288,1.786,True,False
Bubble,base,rotated,256,65537,32640,12288,1.8077,True,False
Heap,base,rotated,256,42,3328,1826,0.2431,True,False
Heap,base,rotated,256,137,3328,1826,0.2463,True,False
Heap,base,rotated,256,1618,3328,1826,0.2461,True,False
Heap,base,rotated,256,2718,3328,1826,0.2452,True,False
Heap,base,rotated,256,3141,3328,1826,0.2501,True,False
Heap,base,rotated,256,9973,3328,1826,0.2474,True,False
Heap,base,rotated,256,31337,3328,1826,0.271,True,False
Heap,base,rotated,256,65537,3328,1826,0.2762,True,False
Hybrid_Intro,hybrid,rotated,256,42,1860,397,0.1667,True,False
Hybrid_Intro,hybrid,rotated,256,137,1860,397,0.1465,True,False
Hybrid_Intro,hybrid,rotated,256,1618,1860,397,0.137,True,False
Hybrid_Intro,hybrid,rotated,256,2718,1860,397,0.1369,True,False
Hybrid_Intro,hybrid,rotated,256,3141,1860,397,0.1366,True,False
Hybrid_Intro,hybrid,rotated,256,9973,1860,397,0.1391,True,False
Hybrid_Intro,hybrid,rotated,256,31337,1860,397,0.1357,True,False
Hybrid_Intro,hybrid,rotated,256,65537,1860,397,0.1367,True,False
Hybrid_MI,hybrid,rotated,256,42,816,1024,0.1185,True,False
Hybrid_MI,hybrid,rotated,256,137,816,1024,0.1189,True,False
Hybrid_MI,hybrid,rotated,256,1618,816,1024,0.1347,True,False
Hybrid_MI,hybrid,rotated,256,2718,816,1024,0.1432,True,False
Hybrid_MI,hybrid,rotated,256,3141,816,1024,0.1313,True,False
Hybrid_MI,hybrid,rotated,256,9973,816,1024,0.1488,True,False
Hybrid_MI,hybrid,rotated,256,31337,816,1024,0.1373,True,False
Hybrid_MI,hybrid,rotated,256,65537,816,1024,0.1355,True,False
Hybrid_QI,hybrid,rotated,256,42,1860,397,0.151,True,False
Hybrid_QI,hybrid,rotated,256,137,1860,397,0.1501,True,False
Hybrid_QI,hybrid,rotated,256,1618,1860,397,0.1499,True,False
Hybrid_QI,hybrid,rotated,256,2718,1860,397,0.1498,True,False
Hybrid_QI,hybrid,rotated,256,3141,1860,397,0.1508,True,False
Hybrid_QI,hybrid,rotated,256,9973,1860,397,0.1502,True,False
Hybrid_QI,hybrid,rotated,256,31337,1860,397,0.1513,True,False
Hybrid_QI,hybrid,rotated,256,65537,1860,397,0.1577,True,False
Hybrid_RI,hybrid,rotated,256,42,0,768,0.1059,True,False
Hybrid_RI,hybrid,rotated,256,137,0,768,0.1076,True,False
Hybrid_RI,hybrid,rotated,256,1618,0,768,0.1056,True,False
Hybrid_RI,hybrid,rotated,256,2718,0,768,0.1068,True,False
Hybrid_RI,hybrid,rotated,256,3141,0,768,0.1071,True,False
Hybrid_RI,hybrid,rotated,256,9973,0,768,0.1083,True,False
Hybrid_RI,hybrid,rotated,256,31337,0,768,0.1085,True,False
Hybrid_RI,hybrid,rotated,256,65537,0,768,0.109,True,False
Insertion,base,rotated,256,42,12542,12352,0.891,True,False
Insertion,base,rotated,256,137,12542,12352,0.8212,True,False
Insertion,base,rotated,256,1618,12542,12352,0.7798,True,False
Insertion,base,rotated,256,2718,12542,12352,0.8066,True,False
Insertion,base,rotated,256,3141,12542,12352,0.8956,True,False
Insertion,base,rotated,256,9973,12542,12352,0.9413,True,False
Insertion,base,rotated,256,31337,12542,12352,0.8875,True,False
Insertion,base,rotated,256,65537,12542,12352,0.897,True,False
Merge,base,rotated,256,42,1088,2048,0.2853,True,False
Merge,base,rotated,256,137,1088,2048,0.2859,True,False
Merge,base,rotated,256,1618,1088,2048,0.2863,True,False
Merge,base,rotated,256,2718,1088,2048,0.2877,True,False
Merge,base,rotated,256,3141,1088,2048,0.2837,True,False
Merge,base,rotated,256,9973,1088,2048,0.2889,True,False
Merge,base,rotated,256,31337,1088,2048,0.286,True,False
Merge,base,rotated,256,65537,1088,2048,0.2951,True,False
Quick,base,rotated,256,42,2087,635,0.1928,True,False
Quick,base,rotated,256,137,2087,635,0.1908,True,False
Quick,base,rotated,256,1618,2087,635,0.1902,True,False
Quick,base,rotated,256,2718,2087,635,0.1918,True,False
Quick,base,rotated,256,3141,2087,635,0.1903,True,False
Quick,base,rotated,256,9973,2087,635,0.1936,True,False
Quick,base,rotated,256,31337,2087,635,0.1903,True,False
Quick,base,rotated,256,65537,2087,635,0.1892,True,False
Radix,base,rotated,256,42,0,768,0.1054,True,False
Radix,base,rotated,256,137,0,768,0.1051,True,False
Radix,base,rotated,256,1618,0,768,0.1065,True,False
Radix,base,rotated,256,2718,0,768,0.1074,True,False
Radix,base,rotated,256,3141,0,768,0.1059,True,False
Radix,base,rotated,256,9973,0,768,0.107,True,False
Radix,base,rotated,256,31337,0,768,0.1076,True,False
Radix,base,rotated,256,65537,0,768,0.1074,True,False
Selection,base,rotated,256,42,32640,192,1.1211,True,False
Selection,base,rotated,256,137,32640,192,1.0308,True,False
Selection,base,rotated,256,1618,32640,192,1.0023,True,False
Selection,base,rotated,256,2718,32640,192,0.9967,True,False
Selection,base,rotated,256,3141,32640,192,1.1166,True,False
Selection,base,rotated,256,9973,32640,192,1.0509,True,False
Selection,base,rotated,256,31337,32640,192,0.9987,True,False
Selection,base,rotated,256,65537,32640,192,1.0279,True,False
T_MHB,triplet,rotated,256,42,3086,1844,0.3515,True,False
T_MHB,triplet,rotated,256,137,3086,1844,0.344,True,False
T_MHB,triplet,rotated,256,1618,3086,1844,0.3399,True,False
T_MHB,triplet,rotated,256,2718,3086,1844,0.342,True,False
T_MHB,triplet,rotated,256,3141,3086,1844,0.3403,True,False
T_MHB,triplet,rotated,256,9973,3086,1844,0.3477,True,False
T_MHB,triplet,rotated,256,31337,3086,1844,0.3498,True,False
T_MHB,triplet,rotated,256,65537,3086,1844,0.3452,True,False
T_MHI,triplet,rotated,256,42,3086,1844,0.3409,True,False
T_MHI,triplet,rotated,256,137,3086,1844,0.3398,True,False
T_MHI,triplet,rotated,256,1618,3086,1844,0.3419,True,False
T_MHI,triplet,rotated,256,2718,3086,1844,0.3423,True,False
T_MHI,triplet,rotated,256,3141,3086,1844,0.3459,True,False
T_MHI,triplet,rotated,256,9973,3086,1844,0.3061,True,False
T_MHI,triplet,rotated,256,31337,3086,1844,0.3055,True,False
T_MHI,triplet,rotated,256,65537,3086,1844,0.3104,True,False
T_MHS,triplet,rotated,256,42,3086,1844,0.3054,True,False
T_MHS,triplet,rotated,256,137,3086,1844,0.3262,True,False
T_MHS,triplet,rotated,256,1618,3086,1844,0.3081,True,False
T_MHS,triplet,rotated,256,2718,3086,1844,0.3104,True,False
T_MHS,triplet,rotated,256,3141,3086,1844,0.3039,True,False
T_MHS,triplet,rotated,256,9973,3086,1844,0.3004,True,False
T_MHS,triplet,rotated,256,31337,3086,1844,0.3418,True,False
T_MHS,triplet,rotated,256,65537,3086,1844,0.3464,True,False
T_MIB,triplet,rotated,256,42,4541,4352,0.4758,True,False
T_MIB,triplet,rotated,256,137,4541,4352,0.4293,True,False
T_MIB,triplet,rotated,256,1618,4541,4352,0.4303,True,False
T_MIB,triplet,rotated,256,2718,4541,4352,0.4297,True,False
T_MIB,triplet,rotated,256,3141,4541,4352,0.4291,True,False
T_MIB,triplet,rotated,256,9973,4541,4352,0.4241,True,False
T_MIB,triplet,rotated,256,31337,4541,4352,0.4199,True,False
T_MIB,triplet,rotated,256,65537,4541,4352,0.4166,True,False
T_MII,triplet,rotated,256,42,4541,4352,0.4292,True,False
T_MII,triplet,rotated,256,137,4541,4352,0.4589,True,False
T_MII,triplet,rotated,256,1618,4541,4352,0.4649,True,False
T_MII,triplet,rotated,256,2718,4541,4352,0.4342,True,False
T_MII,triplet,rotated,256,3141,4541,4352,0.4313,True,False
T_MII,triplet,rotated,256,9973,4541,4352,0.4397,True,False
T_MII,triplet,rotated,256,31337,4541,4352,0.4257,True,False
T_MII,triplet,rotated,256,65537,4541,4352,0.4276,True,False
T_MIS,triplet,rotated,256,42,4541,4352,0.4325,True,False
T_MIS,triplet,rotated,256,137,4541,4352,0.4207,True,False
T_MIS,triplet,rotated,256,1618,4541,4352,0.4674,True,False
T_MIS,triplet,rotated,256,2718,4541,4352,0.4264,True,False
T_MIS,triplet,rotated,256,3141,4541,4352,0.4256,True,False
T_MIS,triplet,rotated,256,9973,4541,4352,0.4235,True,False
T_MIS,triplet,rotated,256,31337,4541,4352,0.4243,True,False
T_MIS,triplet,rotated,256,65537,4541,4352,0.4413,True,False
T_MMB,triplet,rotated,256,42,816,1024,0.117,True,False
T_MMB,triplet,rotated,256,137,816,1024,0.1185,True,False
T_MMB,triplet,rotated,256,1618,816,1024,0.1178,True,False
T_MMB,triplet,rotated,256,2718,816,1024,0.1172,True,False
T_MMB,triplet,rotated,256,3141,816,1024,0.116,True,False
T_MMB,triplet,rotated,256,9973,816,1024,0.1167,True,False
T_MMB,triplet,rotated,256,31337,816,1024,0.1189,True,False
T_MMB,triplet,rotated,256,65537,816,1024,0.1164,True,False
T_MMI,triplet,rotated,256,42,816,1024,0.1213,True,False
T_MMI,triplet,rotated,256,137,816,1024,0.1286,True,False
T_MMI,triplet,rotated,256,1618,816,1024,0.1209,True,False
T_MMI,triplet,rotated,256,2718,816,1024,0.1241,True,False
T_MMI,triplet,rotated,256,3141,816,1024,0.1346,True,False
T_MMI,triplet,rotated,256,9973,816,1024,0.1306,True,False
T_MMI,triplet,rotated,256,31337,816,1024,0.1234,True,False
T_MMI,triplet,rotated,256,65537,816,1024,0.1369,True,False
T_MMS,triplet,rotated,256,42,2496,1024,0.2304,True,False
T_MMS,triplet,rotated,256,137,2496,1024,0.2189,True,False
T_MMS,triplet,rotated,256,1618,2496,1024,0.2276,True,False
T_MMS,triplet,rotated,256,2718,2496,1024,0.2191,True,False
T_MMS,triplet,rotated,256,3141,2496,1024,0.2169,True,False
T_MMS,triplet,rotated,256,9973,2496,1024,0.2155,True,False
T_MMS,triplet,rotated,256,31337,2496,1024,0.216,True,False
T_MMS,triplet,rotated,256,65537,2496,1024,0.2164,True,False
T_MQB,triplet,rotated,256,42,1953,621,0.1605,True,False
T_MQB,triplet,rotated,256,137,1953,621,0.1614,True,False
T_MQB,triplet,rotated,256,1618,1953,621,0.1723,True,False
T_MQB,triplet,rotated,256,2718,1953,621,0.1602,True,False
T_MQB,triplet,rotated,256,3141,1953,621,0.1656,True,False
T_MQB,triplet,rotated,256,9973,1953,621,0.1621,True,False
T_MQB,triplet,rotated,256,31337,1953,621,0.162,True,False
T_MQB,triplet,rotated,256,65537,1953,621,0.1618,True,False
T_MQI,triplet,rotated,256,42,1582,621,0.1542,True,False
T_MQI,triplet,rotated,256,137,1582,621,0.1542,True,False
T_MQI,triplet,rotated,256,1618,1582,621,0.1361,True,False
T_MQI,triplet,rotated,256,2718,1582,621,0.1356,True,False
T_MQI,triplet,rotated,256,3141,1582,621,0.1349,True,False
T_MQI,triplet,rotated,256,9973,1582,621,0.1486,True,False
T_MQI,triplet,rotated,256,31337,1582,621,0.1452,True,False
T_MQI,triplet,rotated,256,65537,1582,621,0.139,True,False
T_MQS,triplet,rotated,256,42,2695,533,0.2218,True,False
T_MQS,triplet,rotated,256,137,2695,533,0.2226,True,False
T_MQS,triplet,rotated,256,1618,2695,533,0.2267,True,False
T_MQS,triplet,rotated,256,2718,2695,533,0.2221,True,False
T_MQS,triplet,rotated,256,3141,2695,533,0.2221,True,False
T_MQS,triplet,rotated,256,9973,2695,533,0.223,True,False
T_MQS,triplet,rotated,256,31337,2695,533,0.2231,True,False
T_MQS,triplet,rotated,256,65537,2695,533,0.2237,True,False
T_MRB,triplet,rotated,256,42,192,1024,0.1466,True,False
T_MRB,triplet,rotated,256,137,192,1024,0.1471,True,False
T_MRB,triplet,rotated,256,1618,192,1024,0.1464,True,False
T_MRB,triplet,rotated,256,2718,192,1024,0.1503,True,False
T_MRB,triplet,rotated,256,3141,192,1024,0.1507,True,False
T_MRB,triplet,rotated,256,9973,192,1024,0.146,True,False
T_MRB,triplet,rotated,256,31337,192,1024,0.1314,True,False
T_MRB,triplet,rotated,256,65537,192,1024,0.1315,True,False
T_MRI,triplet,rotated,256,42,192,1024,0.1307,True,False
T_MRI,triplet,rotated,256,137,192,1024,0.146,True,False
T_MRI,triplet,rotated,256,1618,192,1024,0.1318,True,False
T_MRI,triplet,rotated,256,2718,192,1024,0.13,True,False
T_MRI,triplet,rotated,256,3141,192,1024,0.136,True,False
T_MRI,triplet,rotated,256,9973,192,1024,0.1305,True,False
T_MRI,triplet,rotated,256,31337,192,1024,0.1432,True,False
T_MRI,triplet,rotated,256,65537,192,1024,0.1309,True,False
T_MRS,triplet,rotated,256,42,192,1024,0.1524,True,False
T_MRS,triplet,rotated,256,137,192,1024,0.1305,True,False
T_MRS,triplet,rotated,256,1618,192,1024,0.1322,True,False
T_MRS,triplet,rotated,256,2718,192,1024,0.1313,True,False
T_MRS,triplet,rotated,256,3141,192,1024,0.1303,True,False
T_MRS,triplet,rotated,256,9973,192,1024,0.1295,True,False
T_MRS,triplet,rotated,256,31337,192,1024,0.1315,True,False
T_MRS,triplet,rotated,256,65537,192,1024,0.1324,True,False
T_MSB,triplet,rotated,256,42,16448,320,0.817,True,False
T_MSB,triplet,rotated,256,137,16448,320,0.8138,True,False
T_MSB,triplet,rotated,256,1618,16448,320,0.8147,True,False
T_MSB,triplet,rotated,256,2718,16448,320,0.8472,True,False
T_MSB,triplet,rotated,256,3141,16448,320,0.8263,True,False
T_MSB,triplet,rotated,256,9973,16448,320,0.8074,True,False
T_MSB,triplet,rotated,256,31337,16448,320,0.8838,True,False
T_MSB,triplet,rotated,256,65537,16448,320,0.7874,True,False
T_MSI,triplet,rotated,256,42,16448,320,0.796,True,False
T_MSI,triplet,rotated,256,137,16448,320,0.7891,True,False
T_MSI,triplet,rotated,256,1618,16448,320,0.7868,True,False
T_MSI,triplet,rotated,256,2718,16448,320,0.8153,True,False
T_MSI,triplet,rotated,256,3141,16448,320,0.8068,True,False
T_MSI,triplet,rotated,256,9973,16448,320,0.836,True,False
T_MSI,triplet,rotated,256,31337,16448,320,0.8283,True,False
T_MSI,triplet,rotated,256,65537,16448,320,0.8379,True,False
T_MSS,triplet,rotated,256,42,16448,320,0.8388,True,False
T_MSS,triplet,rotated,256,137,16448,320,0.9042,True,False
T_MSS,triplet,rotated,256,1618,16448,320,0.9052,True,False
T_MSS,triplet,rotated,256,2718,16448,320,0.8992,True,False
T_MSS,triplet,rotated,256,3141,16448,320,0.9113,True,False
T_MSS,triplet,rotated,256,9973,16448,320,0.9105,True,False
T_MSS,triplet,rotated,256,31337,16448,320,0.9125,True,False
T_MSS,triplet,rotated,256,65537,16448,320,0.8994,True,False
T_QHB,triplet,rotated,256,42,2928,1450,0.3018,True,False
T_QHB,triplet,rotated,256,137,2928,1450,0.3056,True,False
T_QHB,triplet,rotated,256,1618,2928,1450,0.3036,True,False
T_QHB,triplet,rotated,256,2718,2928,1450,0.3066,True,False
T_QHB,triplet,rotated,256,3141,2928,1450,0.3009,True,False
T_QHB,triplet,rotated,256,9973,2928,1450,0.2994,True,False
T_QHB,triplet,rotated,256,31337,2928,1450,0.3012,True,False
T_QHB,triplet,rotated,256,65537,2928,1450,0.2971,True,False
T_QHI,triplet,rotated,256,42,2928,1450,0.273,True,False
T_QHI,triplet,rotated,256,137,2928,1450,0.282,True,False
T_QHI,triplet,rotated,256,1618,2928,1450,0.2732,True,False
T_QHI,triplet,rotated,256,2718,2928,1450,0.2755,True,False
T_QHI,triplet,rotated,256,3141,2928,1450,0.2744,True,False
T_QHI,triplet,rotated,256,9973,2928,1450,0.2682,True,False
T_QHI,triplet,rotated,256,31337,2928,1450,0.3011,True,False
T_QHI,triplet,rotated,256,65537,2928,1450,0.281,True,False
T_QHS,triplet,rotated,256,42,2928,1450,0.2731,True,False
T_QHS,triplet,rotated,256,137,2928,1450,0.2728,True,False
T_QHS,triplet,rotated,256,1618,2928,1450,0.2712,True,False
T_QHS,triplet,rotated,256,2718,2928,1450,0.2696,True,False
T_QHS,triplet,rotated,256,3141,2928,1450,0.2682,True,False
T_QHS,triplet,rotated,256,9973,2928,1450,0.2734,True,False
T_QHS,triplet,rotated,256,31337,2928,1450,0.2724,True,False
T_QHS,triplet,rotated,256,65537,2928,1450,0.2716,True,False
T_QIB,triplet,rotated,256,42,8511,8068,0.8732,True,False
T_QIB,triplet,rotated,256,137,8511,8068,0.7842,True,False
T_QIB,triplet,rotated,256,1618,8511,8068,0.801,True,False
T_QIB,triplet,rotated,256,2718,8511,8068,0.7801,True,False
T_QIB,triplet,rotated,256,3141,8511,8068,0.7767,True,False
T_QIB,triplet,rotated,256,9973,8511,8068,0.8079,True,False
T_QIB,triplet,rotated,256,31337,8511,8068,0.767,True,False
T_QIB,triplet,rotated,256,65537,8511,8068,0.7718,True,False
T_QII,triplet,rotated,256,42,8511,8068,0.7688,True,False
T_QII,triplet,rotated,256,137,8511,8068,0.7916,True,False
T_QII,triplet,rotated,256,1618,8511,8068,0.7741,True,False
T_QII,triplet,rotated,256,2718,8511,8068,0.8815,True,False
T_QII,triplet,rotated,256,3141,8511,8068,0.811,True,False
T_QII,triplet,rotated,256,9973,8511,8068,0.7755,True,False
T_QII,triplet,rotated,256,31337,8511,8068,0.7909,True,False
T_QII,triplet,rotated,256,65537,8511,8068,0.882,True,False
T_QIS,triplet,rotated,256,42,8511,8068,0.8678,True,False
T_QIS,triplet,rotated,256,137,8511,8068,0.7874,True,False
T_QIS,triplet,rotated,256,1618,8511,8068,0.7966,True,False
T_QIS,triplet,rotated,256,2718,8511,8068,0.7935,True,False
T_QIS,triplet,rotated,256,3141,8511,8068,0.81,True,False
T_QIS,triplet,rotated,256,9973,8511,8068,0.7813,True,False
T_QIS,triplet,rotated,256,31337,8511,8068,0.7775,True,False
T_QIS,triplet,rotated,256,65537,8511,8068,0.7698,True,False
T_QMB,triplet,rotated,256,42,2058,1712,0.2297,True,False
T_QMB,triplet,rotated,256,137,2058,1712,0.2325,True,False
T_QMB,triplet,rotated,256,1618,2058,1712,0.2303,True,False
T_QMB,triplet,rotated,256,2718,2058,1712,0.2281,True,False
T_QMB,triplet,rotated,256,3141,2058,1712,0.225,True,False
T_QMB,triplet,rotated,256,9973,2058,1712,0.2272,True,False
T_QMB,triplet,rotated,256,31337,2058,1712,0.2297,True,False
T_QMB,triplet,rotated,256,65537,2058,1712,0.2271,True,False
T_QMI,triplet,rotated,256,42,1941,1712,0.1988,True,False
T_QMI,triplet,rotated,256,137,1941,1712,0.1985,True,False
T_QMI,triplet,rotated,256,1618,1941,1712,0.2005,True,False
T_QMI,triplet,rotated,256,2718,1941,1712,0.201,True,False
T_QMI,triplet,rotated,256,3141,1941,1712,0.2026,True,False
T_QMI,triplet,rotated,256,9973,1941,1712,0.2036,True,False
T_QMI,triplet,rotated,256,31337,1941,1712,0.2007,True,False
T_QMI,triplet,rotated,256,65537,1941,1712,0.2002,True,False
T_QMS,triplet,rotated,256,42,2766,858,0.2186,True,False
T_QMS,triplet,rotated,256,137,2766,858,0.2189,True,False
T_QMS,triplet,rotated,256,1618,2766,858,0.2219,True,False
T_QMS,triplet,rotated,256,2718,2766,858,0.2218,True,False
T_QMS,triplet,rotated,256,3141,2766,858,0.2328,True,False
T_QMS,triplet,rotated,256,9973,2766,858,0.2222,True,False
T_QMS,triplet,rotated,256,31337,2766,858,0.2197,True,False
T_QMS,triplet,rotated,256,65537,2766,858,0.2219,True,False
T_QQB,triplet,rotated,256,42,2420,657,0.1875,True,False
T_QQB,triplet,rotated,256,137,2420,657,0.1967,True,False
T_QQB,triplet,rotated,256,1618,2420,657,0.1922,True,False
T_QQB,triplet,rotated,256,2718,2420,657,0.191,True,False
T_QQB,triplet,rotated,256,3141,2420,657,0.1889,True,False
T_QQB,triplet,rotated,256,9973,2420,657,0.1861,True,False
T_QQB,triplet,rotated,256,31337,2420,657,0.1866,True,False
T_QQB,triplet,rotated,256,65537,2420,657,0.1923,True,False
T_QQI,triplet,rotated,256,42,1860,657,0.1511,True,False
T_QQI,triplet,rotated,256,137,1860,657,0.1513,True,False
T_QQI,triplet,rotated,256,1618,1860,657,0.154,True,False
T_QQI,triplet,rotated,256,2718,1860,657,0.1482,True,False
T_QQI,triplet,rotated,256,3141,1860,657,0.1508,True,False
T_QQI,triplet,rotated,256,9973,1860,657,0.1553,True,False
T_QQI,triplet,rotated,256,31337,1860,657,0.1515,True,False
T_QQI,triplet,rotated,256,65537,1860,657,0.1483,True,False
T_QQS,triplet,rotated,256,42,2799,547,0.2136,True,False
T_QQS,triplet,rotated,256,137,2799,547,0.2094,True,False
T_QQS,triplet,rotated,256,1618,2799,547,0.2023,True,False
T_QQS,triplet,rotated,256,2718,2799,547,0.2065,True,False
T_QQS,triplet,rotated,256,3141,2799,547,0.2015,True,False
T_QQS,triplet,rotated,256,9973,2799,547,0.1998,True,False
T_QQS,triplet,rotated,256,31337,2799,547,0.1995,True,False
T_QQS,triplet,rotated,256,65537,2799,547,0.2036,True,False
T_QRB,triplet,rotated,256,42,449,830,0.13,True,False
T_QRB,triplet,rotated,256,137,449,830,0.1263,True,False
T_QRB,triplet,rotated,256,1618,449,830,0.1267,True,False
T_QRB,triplet,rotated,256,2718,449,830,0.1263,True,False
T_QRB,triplet,rotated,256,3141,449,830,0.1265,True,False
T_QRB,triplet,rotated,256,9973,449,830,0.1288,True,False
T_QRB,triplet,rotated,256,31337,449,830,0.1283,True,False
T_QRB,triplet,rotated,256,65537,449,830,0.1267,True,False
T_QRI,triplet,rotated,256,42,449,830,0.1264,True,False
T_QRI,triplet,rotated,256,137,449,830,0.1312,True,False
T_QRI,triplet,rotated,256,1618,449,830,0.1295,True,False
T_QRI,triplet,rotated,256,2718,449,830,0.1259,True,False
T_QRI,triplet,rotated,256,3141,449,830,0.1271,True,False
T_QRI,triplet,rotated,256,9973,449,830,0.128,True,False
T_QRI,triplet,rotated,256,31337,449,830,0.1258,True,False
T_QRI,triplet,rotated,256,65537,449,830,0.128,True,False
T_QRS,triplet,rotated,256,42,449,830,0.1258,True,False
T_QRS,triplet,rotated,256,137,449,830,0.1374,True,False
T_QRS,triplet,rotated,256,1618,449,830,0.1374,True,False
T_QRS,triplet,rotated,256,2718,449,830,0.1262,True,False
T_QRS,triplet,rotated,256,3141,449,830,0.1269,True,False
T_QRS,triplet,rotated,256,9973,449,830,0.1262,True,False
T_QRS,triplet,rotated,256,31337,449,830,0.1263,True,False
T_QRS,triplet,rotated,256,65537,449,830,0.1282,True,False
T_QSB,triplet,rotated,256,42,12356,320,0.6113,True,False
T_QSB,triplet,rotated,256,137,12356,320,0.6404,True,False
T_QSB,triplet,rotated,256,1618,12356,320,0.6199,True,False
T_QSB,triplet,rotated,256,2718,12356,320,0.6121,True,False
T_QSB,triplet,rotated,256,3141,12356,320,0.6153,True,False
T_QSB,triplet,rotated,256,9973,12356,320,0.6093,True,False
T_QSB,triplet,rotated,256,31337,12356,320,0.6087,True,False
T_QSB,triplet,rotated,256,65537,12356,320,0.6205,True,False
T_QSI,triplet,rotated,256,42,12356,320,0.6252,True,False
T_QSI,triplet,rotated,256,137,12356,320,0.6207,True,False
T_QSI,triplet,rotated,256,1618,12356,320,0.6399,True,False
T_QSI,triplet,rotated,256,2718,12356,320,0.6349,True,False
T_QSI,triplet,rotated,256,3141,12356,320,0.6336,True,False
T_QSI,triplet,rotated,256,9973,12356,320,0.6253,True,False
T_QSI,triplet,rotated,256,31337,12356,320,0.6223,True,False
T_QSI,triplet,rotated,256,65537,12356,320,0.6223,True,False
T_QSS,triplet,rotated,256,42,12356,320,0.6185,True,False
T_QSS,triplet,rotated,256,137,12356,320,0.6151,True,False
T_QSS,triplet,rotated,256,1618,12356,320,0.6137,True,False
T_QSS,triplet,rotated,256,2718,12356,320,0.6085,True,False
T_QSS,triplet,rotated,256,3141,12356,320,0.6102,True,False
T_QSS,triplet,rotated,256,9973,12356,320,0.6082,True,False
T_QSS,triplet,rotated,256,31337,12356,320,0.6085,True,False
T_QSS,triplet,rotated,256,65537,12356,320,0.63,True,False
TimCustom,base,rotated,256,42,696,768,0.1067,True,False
TimCustom,base,rotated,256,137,696,768,0.1007,True,False
TimCustom,base,rotated,256,1618,696,768,0.097,True,False
TimCustom,base,rotated,256,2718,696,768,0.0926,True,False
TimCustom,base,rotated,256,3141,696,768,0.0942,True,False
TimCustom,base,rotated,256,9973,696,768,0.091,True,False
TimCustom,base,rotated,256,31337,696,768,0.091,True,False
TimCustom,base,rotated,256,65537,696,768,0.0909,True,False
Bubble,base,sawtooth,256,42,32640,14790,1.7353,True,False
Bubble,base,sawtooth,256,137,32640,14790,1.802,True,False
Bubble,base,sawtooth,256,1618,32640,14790,1.7676,True,False
Bubble,base,sawtooth,256,2718,32640,14790,1.9876,True,False
Bubble,base,sawtooth,256,3141,32640,14790,2.0318,True,False
Bubble,base,sawtooth,256,9973,32640,14790,1.7922,True,False
Bubble,base,sawtooth,256,31337,32640,14790,1.7721,True,False
Bubble,base,sawtooth,256,65537,32640,14790,1.9775,True,False
Heap,base,sawtooth,256,42,3246,1751,0.2819,True,False
Heap,base,sawtooth,256,137,3246,1751,0.2752,True,False
Heap,base,sawtooth,256,1618,3246,1751,0.2737,True,False
Heap,base,sawtooth,256,2718,3246,1751,0.2776,True,False
Heap,base,sawtooth,256,3141,3246,1751,0.2755,True,False
Heap,base,sawtooth,256,9973,3246,1751,0.2811,True,False
Heap,base,sawtooth,256,31337,3246,1751,0.274,True,False
Heap,base,sawtooth,256,65537,3246,1751,0.2762,True,False
Hybrid_Intro,hybrid,sawtooth,256,42,1914,356,0.1596,True,False
Hybrid_Intro,hybrid,sawtooth,256,137,1914,356,0.1582,True,False
Hybrid_Intro,hybrid,sawtooth,256,1618,1914,356,0.1592,True,False
Hybrid_Intro,hybrid,sawtooth,256,2718,1914,356,0.1587,True,False
Hybrid_Intro,hybrid,sawtooth,256,3141,1914,356,0.1625,True,False
Hybrid_Intro,hybrid,sawtooth,256,9973,1914,356,0.1574,True,False
Hybrid_Intro,hybrid,sawtooth,256,31337,1914,356,0.1569,True,False
Hybrid_Intro,hybrid,sawtooth,256,65537,1914,356,0.1579,True,False
Hybrid_MI,hybrid,sawtooth,256,42,1652,1105,0.1956,True,False
Hybrid_MI,hybrid,sawtooth,256,137,1652,1105,0.1976,True,False
Hybrid_MI,hybrid,sawtooth,256,1618,1652,1105,0.1969,True,False
Hybrid_MI,hybrid,sawtooth,256,2718,1652,1105,0.1965,True,False
Hybrid_MI,hybrid,sawtooth,256,3141,1652,1105,0.196,True,False
Hybrid_MI,hybrid,sawtooth,256,9973,1652,1105,0.1742,True,False
Hybrid_MI,hybrid,sawtooth,256,31337,1652,1105,0.1782,True,False
Hybrid_MI,hybrid,sawtooth,256,65537,1652,1105,0.1785,True,False
Hybrid_QI,hybrid,sawtooth,256,42,1914,356,0.143,True,False
Hybrid_QI,hybrid,sawtooth,256,137,1914,356,0.1411,True,False
Hybrid_QI,hybrid,sawtooth,256,1618,1914,356,0.141,True,False
Hybrid_QI,hybrid,sawtooth,256,2718,1914,356,0.1405,True,False
Hybrid_QI,hybrid,sawtooth,256,3141,1914,356,0.1397,True,False
Hybrid_QI,hybrid,sawtooth,256,9973,1914,356,0.1399,True,False
Hybrid_QI,hybrid,sawtooth,256,31337,1914,356,0.1403,True,False
Hybrid_QI,hybrid,sawtooth,256,65537,1914,356,0.1396,True,False
Hybrid_RI,hybrid,sawtooth,256,42,0,512,0.0651,True,False
Hybrid_RI,hybrid,sawtooth,256,137,0,512,0.065,True,False
Hybrid_RI,hybrid,sawtooth,256,1618,0,512,0.0656,True,False
Hybrid_RI,hybrid,sawtooth,256,2718,0,512,0.0645,True,False
Hybrid_RI,hybrid,sawtooth,256,3141,0,512,0.0655,True,False
Hybrid_RI,hybrid,sawtooth,256,9973,0,512,0.0647,True,False
Hybrid_RI,hybrid,sawtooth,256,31337,0,512,0.0654,True,False
Hybrid_RI,hybrid,sawtooth,256,65537,0,512,0.0771,True,False
Insertion,base,sawtooth,256,42,15045,15012,0.973,True,False
Insertion,base,sawtooth,256,137,15045,15012,0.9633,True,False
Insertion,base,sawtooth,256,1618,15045,15012,0.9635,True,False
Insertion,base,sawtooth,256,2718,15045,15012,0.9735,True,False
Insertion,base,sawtooth,256,3141,15045,15012,0.9626,True,False
Insertion,base,sawtooth,256,9973,15045,15012,0.9481,True,False
Insertion,base,sawtooth,256,31337,15045,15012,0.9539,True,False
Insertion,base,sawtooth,256,65537,15045,15012,0.9488,True,False
Merge,base,sawtooth,256,42,1550,2048,0.2864,True,False
Merge,base,sawtooth,256,137,1550,2048,0.2807,True,False
Merge,base,sawtooth,256,1618,1550,2048,0.2822,True,False
Merge,base,sawtooth,256,2718,1550,2048,0.2829,True,False
Merge,base,sawtooth,256,3141,1550,2048,0.2823,True,False
Merge,base,sawtooth,256,9973,1550,2048,0.28,True,False
Merge,base,sawtooth,256,31337,1550,2048,0.2788,True,False
Merge,base,sawtooth,256,65537,1550,2048,0.2815,True,False
Quick,base,sawtooth,256,42,1993,577,0.1664,True,False
Quick,base,sawtooth,256,137,1993,577,0.1684,True,False
Quick,base,sawtooth,256,1618,1993,577,0.167,True,False
Quick,base,sawtooth,256,2718,1993,577,0.1682,True,False
Quick,base,sawtooth,256,3141,1993,577,0.1672,True,False
Quick,base,sawtooth,256,9973,1993,577,0.1668,True,False
Quick,base,sawtooth,256,31337,1993,577,0.1898,True,False
Quick,base,sawtooth,256,65537,1993,577,0.1677,True,False
Radix,base,sawtooth,256,42,0,512,0.0643,True,False
Radix,base,sawtooth,256,137,0,512,0.0635,True,False
Radix,base,sawtooth,256,1618,0,512,0.0629,True,False
Radix,base,sawtooth,256,2718,0,512,0.0633,True,False
Radix,base,sawtooth,256,3141,0,512,0.0653,True,False
Radix,base,sawtooth,256,9973,0,512,0.0639,True,False
Radix,base,sawtooth,256,31337,0,512,0.0639,True,False
Radix,base,sawtooth,256,65537,0,512,0.064,True,False
Selection,base,sawtooth,256,42,32640,242,1.0056,True,False
Selection,base,sawtooth,256,137,32640,242,1.0102,True,False
Selection,base,sawtooth,256,1618,32640,242,0.9996,True,False
Selection,base,sawtooth,256,2718,32640,242,1.0254,True,False
Selection,base,sawtooth,256,3141,32640,242,1.0081,True,False
Selection,base,sawtooth,256,9973,32640,242,1.0046,True,False
Selection,base,sawtooth,256,31337,32640,242,0.9994,True,False
Selection,base,sawtooth,256,65537,32640,242,1.037,True,False
T_MHB,triplet,sawtooth,256,42,3027,1786,0.2982,True,False
T_MHB,triplet,sawtooth,256,137,3027,1786,0.2951,True,False
T_MHB,triplet,sawtooth,256,1618,3027,1786,0.3645,True,False
T_MHB,triplet,sawtooth,256,2718,3027,1786,0.302,True,False
T_MHB,triplet,sawtooth,256,3141,3027,1786,0.301,True,False
T_MHB,triplet,sawtooth,256,9973,3027,1786,0.3006,True,False
T_MHB,triplet,sawtooth,256,31337,3027,1786,0.296,True,False
T_MHB,triplet,sawtooth,256,65537,3027,1786,0.299,True,False
T_MHI,triplet,sawtooth,256,42,3027,1786,0.3066,True,False
T_MHI,triplet,sawtooth,256,137,3027,1786,0.3094,True,False
T_MHI,triplet,sawtooth,256,1618,3027,1786,0.2944,True,False
T_MHI,triplet,sawtooth,256,2718,3027,1786,0.2956,True,False
T_MHI,triplet,sawtooth,256,3141,3027,1786,0.2969,True,False
T_MHI,triplet,sawtooth,256,9973,3027,1786,0.2999,True,False
T_MHI,triplet,sawtooth,256,31337,3027,1786,0.2966,True,False
T_MHI,triplet,sawtooth,256,65537,3027,1786,0.2985,True,False
T_MHS,triplet,sawtooth,256,42,3027,1786,0.2951,True,False
T_MHS,triplet,sawtooth,256,137,3027,1786,0.2947,True,False
T_MHS,triplet,sawtooth,256,1618,3027,1786,0.2969,True,False
T_MHS,triplet,sawtooth,256,2718,3027,1786,0.2963,True,False
T_MHS,triplet,sawtooth,256,3141,3027,1786,0.2934,True,False
T_MHS,triplet,sawtooth,256,9973,3027,1786,0.3009,True,False
T_MHS,triplet,sawtooth,256,31337,3027,1786,0.2964,True,False
T_MHS,triplet,sawtooth,256,65537,3027,1786,0.3183,True,False
T_MIB,triplet,sawtooth,256,42,7479,7231,0.6893,True,False
T_MIB,triplet,sawtooth,256,137,7479,7231,0.7463,True,False
T_MIB,triplet,sawtooth,256,1618,7479,7231,0.688,True,False
T_MIB,triplet,sawtooth,256,2718,7479,7231,0.698,True,False
T_MIB,triplet,sawtooth,256,3141,7479,7231,0.7075,True,False
T_MIB,triplet,sawtooth,256,9973,7479,7231,0.6981,True,False
T_MIB,triplet,sawtooth,256,31337,7479,7231,0.6936,True,False
T_MIB,triplet,sawtooth,256,65537,7479,7231,0.6881,True,False
T_MII,triplet,sawtooth,256,42,7479,7231,0.6866,True,False
T_MII,triplet,sawtooth,256,137,7479,7231,0.7825,True,False
T_MII,triplet,sawtooth,256,1618,7479,7231,0.6948,True,False
T_MII,triplet,sawtooth,256,2718,7479,7231,0.6915,True,False
T_MII,triplet,sawtooth,256,3141,7479,7231,0.6969,True,False
T_MII,triplet,sawtooth,256,9973,7479,7231,0.6947,True,False
T_MII,triplet,sawtooth,256,31337,7479,7231,0.71,True,False
T_MII,triplet,sawtooth,256,65537,7479,7231,0.7031,True,False
T_MIS,triplet,sawtooth,256,42,7479,7231,0.6936,True,False
T_MIS,triplet,sawtooth,256,137,7479,7231,0.6782,True,False
T_MIS,triplet,sawtooth,256,1618,7479,7231,0.6863,True,False
T_MIS,triplet,sawtooth,256,2718,7479,7231,0.7261,True,False
T_MIS,triplet,sawtooth,256,3141,7479,7231,0.6943,True,False
T_MIS,triplet,sawtooth,256,9973,7479,7231,0.6919,True,False
T_MIS,triplet,sawtooth,256,31337,7479,7231,0.6849,True,False
T_MIS,triplet,sawtooth,256,65537,7479,7231,0.6838,True,False
T_MMB,triplet,sawtooth,256,42,1952,1471,0.213,True,False
T_MMB,triplet,sawtooth,256,137,1952,1471,0.2127,True,False
T_MMB,triplet,sawtooth,256,1618,1952,1471,0.211,True,False
T_MMB,triplet,sawtooth,256,2718,1952,1471,0.2134,True,False
T_MMB,triplet,sawtooth,256,3141,1952,1471,0.239,True,False
T_MMB,triplet,sawtooth,256,9973,1952,1471,0.2424,True,False
T_MMB,triplet,sawtooth,256,31337,1952,1471,0.2196,True,False
T_MMB,triplet,sawtooth,256,65537,1952,1471,0.2125,True,False
T_MMI,triplet,sawtooth,256,42,1652,1471,0.1895,True,False
T_MMI,triplet,sawtooth,256,137,1652,1471,0.1888,True,False
T_MMI,triplet,sawtooth,256,1618,1652,1471,0.1879,True,False
T_MMI,triplet,sawtooth,256,2718,1652,1471,0.1884,True,False
T_MMI,triplet,sawtooth,256,3141,1652,1471,0.1876,True,False
T_MMI,triplet,sawtooth,256,9973,1652,1471,0.1914,True,False
T_MMI,triplet,sawtooth,256,31337,1652,1471,0.187,True,False
T_MMI,triplet,sawtooth,256,65537,1652,1471,0.1877,True,False
T_MMS,triplet,sawtooth,256,42,2895,1161,0.2485,True,False
T_MMS,triplet,sawtooth,256,137,2895,1161,0.2523,True,False
T_MMS,triplet,sawtooth,256,1618,2895,1161,0.2507,True,False
T_MMS,triplet,sawtooth,256,2718,2895,1161,0.2492,True,False
T_MMS,triplet,sawtooth,256,3141,2895,1161,0.2487,True,False
T_MMS,triplet,sawtooth,256,9973,2895,1161,0.2505,True,False
T_MMS,triplet,sawtooth,256,31337,2895,1161,0.2846,True,False
T_MMS,triplet,sawtooth,256,65537,2895,1161,0.2756,True,False
T_MQB,triplet,sawtooth,256,42,2396,949,0.2343,True,False
T_MQB,triplet,sawtooth,256,137,2396,949,0.2217,True,False
T_MQB,triplet,sawtooth,256,1618,2396,949,0.2434,True,False
T_MQB,triplet,sawtooth,256,2718,2396,949,0.2392,True,False
T_MQB,triplet,sawtooth,256,3141,2396,949,0.2412,True,False
T_MQB,triplet,sawtooth,256,9973,2396,949,0.2411,True,False
T_MQB,triplet,sawtooth,256,31337,2396,949,0.2407,True,False
T_MQB,triplet,sawtooth,256,65537,2396,949,0.2396,True,False
T_MQI,triplet,sawtooth,256,42,1950,949,0.1977,True,False
T_MQI,triplet,sawtooth,256,137,1950,949,0.1956,True,False
T_MQI,triplet,sawtooth,256,1618,1950,949,0.2448,True,False
T_MQI,triplet,sawtooth,256,2718,1950,949,0.1963,True,False
T_MQI,triplet,sawtooth,256,3141,1950,949,0.1959,True,False
T_MQI,triplet,sawtooth,256,9973,1950,949,0.1967,True,False
T_MQI,triplet,sawtooth,256,31337,1950,949,0.197,True,False
T_MQI,triplet,sawtooth,256,65537,1950,949,0.1969,True,False
T_MQS,triplet,sawtooth,256,42,2514,664,0.2194,True,False
T_MQS,triplet,sawtooth,256,137,2514,664,0.2112,True,False
T_MQS,triplet,sawtooth,256,1618,2514,664,0.2334,True,False
T_MQS,triplet,sawtooth,256,2718,2514,664,0.2346,True,False
T_MQS,triplet,sawtooth,256,3141,2514,664,0.2313,True,False
T_MQS,triplet,sawtooth,256,9973,2514,664,0.2336,True,False
T_MQS,triplet,sawtooth,256,31337,2514,664,0.2333,True,False
T_MQS,triplet,sawtooth,256,65537,2514,664,0.2331,True,False
T_MRB,triplet,sawtooth,256,42,251,768,0.1133,True,False
T_MRB,triplet,sawtooth,256,137,251,768,0.113,True,False
T_MRB,triplet,sawtooth,256,1618,251,768,0.1135,True,False
T_MRB,triplet,sawtooth,256,2718,251,768,0.1005,True,False
T_MRB,triplet,sawtooth,256,3141,251,768,0.1024,True,False
T_MRB,triplet,sawtooth,256,9973,251,768,0.1009,True,False
T_MRB,triplet,sawtooth,256,31337,251,768,0.1001,True,False
T_MRB,triplet,sawtooth,256,65537,251,768,0.1011,True,False
T_MRI,triplet,sawtooth,256,42,251,768,0.0999,True,False
T_MRI,triplet,sawtooth,256,137,251,768,0.1002,True,False
T_MRI,triplet,sawtooth,256,1618,251,768,0.0998,True,False
T_MRI,triplet,sawtooth,256,2718,251,768,0.0997,True,False
T_MRI,triplet,sawtooth,256,3141,251,768,0.1002,True,False
T_MRI,triplet,sawtooth,256,9973,251,768,0.1094,True,False
T_MRI,triplet,sawtooth,256,31337,251,768,0.1002,True,False
T_MRI,triplet,sawtooth,256,65537,251,768,0.0996,True,False
T_MRS,triplet,sawtooth,256,42,251,768,0.1,True,False
T_MRS,triplet,sawtooth,256,137,251,768,0.101,True,False
T_MRS,triplet,sawtooth,256,1618,251,768,0.0998,True,False
T_MRS,triplet,sawtooth,256,2718,251,768,0.1118,True,False
T_MRS,triplet,sawtooth,256,3141,251,768,0.1128,True,False
T_MRS,triplet,sawtooth,256,9973,251,768,0.1113,True,False
T_MRS,triplet,sawtooth,256,31337,251,768,0.1006,True,False
T_MRS,triplet,sawtooth,256,65537,251,768,0.1073,True,False
T_MSB,triplet,sawtooth,256,42,16507,492,0.8377,True,False
T_MSB,triplet,sawtooth,256,137,16507,492,0.8418,True,False
T_MSB,triplet,sawtooth,256,1618,16507,492,0.8382,True,False
T_MSB,triplet,sawtooth,256,2718,16507,492,0.8357,True,False
T_MSB,triplet,sawtooth,256,3141,16507,492,0.9556,True,False
T_MSB,triplet,sawtooth,256,9973,16507,492,0.9381,True,False
T_MSB,triplet,sawtooth,256,31337,16507,492,0.9566,True,False
T_MSB,triplet,sawtooth,256,65537,16507,492,0.9303,True,False
T_MSI,triplet,sawtooth,256,42,16507,492,0.9331,True,False
T_MSI,triplet,sawtooth,256,137,16507,492,0.9511,True,False
T_MSI,triplet,sawtooth,256,1618,16507,492,0.9385,True,False
T_MSI,triplet,sawtooth,256,2718,16507,492,0.9134,True,False
T_MSI,triplet,sawtooth,256,3141,16507,492,0.8446,True,False
T_MSI,triplet,sawtooth,256,9973,16507,492,1.0129,True,False
T_MSI,triplet,sawtooth,256,31337,16507,492,0.8188,True,False
T_MSI,triplet,sawtooth,256,65537,16507,492,0.8243,True,False
T_MSS,triplet,sawtooth,256,42,16507,492,0.8287,True,False
T_MSS,triplet,sawtooth,256,137,16507,492,0.8092,True,False
T_MSS,triplet,sawtooth,256,1618,16507,492,0.8793,True,False
T_MSS,triplet,sawtooth,256,2718,16507,492,0.8374,True,False
T_MSS,triplet,sawtooth,256,3141,16507,492,0.8343,True,False
T_MSS,triplet,sawtooth,256,9973,16507,492,0.8335,True,False
T_MSS,triplet,sawtooth,256,31337,16507,492,0.8471,True,False
T_MSS,triplet,sawtooth,256,65537,16507,492,0.8663,True,False
T_QHB,triplet,sawtooth,256,42,2918,1329,0.2662,True,False
T_QHB,triplet,sawtooth,256,137,2918,1329,0.2664,True,False
T_QHB,triplet,sawtooth,256,1618,2918,1329,0.3071,True,False
T_QHB,triplet,sawtooth,256,2718,2918,1329,0.2904,True,False
T_QHB,triplet,sawtooth,256,3141,2918,1329,0.2646,True,False
T_QHB,triplet,sawtooth,256,9973,2918,1329,0.2642,True,False
T_QHB,triplet,sawtooth,256,31337,2918,1329,0.2643,True,False
T_QHB,triplet,sawtooth,256,65537,2918,1329,0.266,True,False
T_QHI,triplet,sawtooth,256,42,2918,1329,0.2639,True,False
T_QHI,triplet,sawtooth,256,137,2918,1329,0.2638,True,False
T_QHI,triplet,sawtooth,256,1618,2918,1329,0.2951,True,False
T_QHI,triplet,sawtooth,256,2718,2918,1329,0.2985,True,False
T_QHI,triplet,sawtooth,256,3141,2918,1329,0.2946,True,False
T_QHI,triplet,sawtooth,256,9973,2918,1329,0.2656,True,False
T_QHI,triplet,sawtooth,256,31337,2918,1329,0.2658,True,False
T_QHI,triplet,sawtooth,256,65537,2918,1329,0.2733,True,False
T_QHS,triplet,sawtooth,256,42,2918,1329,0.268,True,False
T_QHS,triplet,sawtooth,256,137,2918,1329,0.2638,True,False
T_QHS,triplet,sawtooth,256,1618,2918,1329,0.258,True,False
T_QHS,triplet,sawtooth,256,2718,2918,1329,0.2598,True,False
T_QHS,triplet,sawtooth,256,3141,2918,1329,0.2583,True,False
T_QHS,triplet,sawtooth,256,9973,2918,1329,0.2627,True,False
T_QHS,triplet,sawtooth,256,31337,2918,1329,0.263,True,False
T_QHS,triplet,sawtooth,256,65537,2918,1329,0.2612,True,False
T_QIB,triplet,sawtooth,256,42,5401,4609,0.473,True,False
T_QIB,triplet,sawtooth,256,137,5401,4609,0.4889,True,False
T_QIB,triplet,sawtooth,256,1618,5401,4609,0.4752,True,False
T_QIB,triplet,sawtooth,256,2718,5401,4609,0.4827,True,False
T_QIB,triplet,sawtooth,256,3141,5401,4609,0.4735,True,False
T_QIB,triplet,sawtooth,256,9973,5401,4609,0.4836,True,False
T_QIB,triplet,sawtooth,256,31337,5401,4609,0.4751,True,False
T_QIB,triplet,sawtooth,256,65537,5401,4609,0.4814,True,False
T_QII,triplet,sawtooth,256,42,5401,4609,0.4802,True,False
T_QII,triplet,sawtooth,256,137,5401,4609,0.4773,True,False
T_QII,triplet,sawtooth,256,1618,5401,4609,0.4811,True,False
T_QII,triplet,sawtooth,256,2718,5401,4609,0.4895,True,False
T_QII,triplet,sawtooth,256,3141,5401,4609,0.478,True,False
T_QII,triplet,sawtooth,256,9973,5401,4609,0.4762,True,False
T_QII,triplet,sawtooth,256,31337,5401,4609,0.4817,True,False
T_QII,triplet,sawtooth,256,65537,5401,4609,0.4792,True,False
T_QIS,triplet,sawtooth,256,42,5401,4609,0.4746,True,False
T_QIS,triplet,sawtooth,256,137,5401,4609,0.4734,True,False
T_QIS,triplet,sawtooth,256,1618,5401,4609,0.4822,True,False
T_QIS,triplet,sawtooth,256,2718,5401,4609,0.4758,True,False
T_QIS,triplet,sawtooth,256,3141,5401,4609,0.4826,True,False
T_QIS,triplet,sawtooth,256,9973,5401,4609,0.4762,True,False
T_QIS,triplet,sawtooth,256,31337,5401,4609,0.4818,True,False
T_QIS,triplet,sawtooth,256,65537,5401,4609,0.4687,True,False
T_QMB,triplet,sawtooth,256,42,2623,1429,0.2574,True,False
T_QMB,triplet,sawtooth,256,137,2623,1429,0.2524,True,False
T_QMB,triplet,sawtooth,256,1618,2623,1429,0.2536,True,False
T_QMB,triplet,sawtooth,256,2718,2623,1429,0.2557,True,False
T_QMB,triplet,sawtooth,256,3141,2623,1429,0.2546,True,False
T_QMB,triplet,sawtooth,256,9973,2623,1429,0.258,True,False
T_QMB,triplet,sawtooth,256,31337,2623,1429,0.2586,True,False
T_QMB,triplet,sawtooth,256,65537,2623,1429,0.2549,True,False
T_QMI,triplet,sawtooth,256,42,2138,1429,0.2079,True,False
T_QMI,triplet,sawtooth,256,137,2138,1429,0.2114,True,False
T_QMI,triplet,sawtooth,256,1618,2138,1429,0.2034,True,False
T_QMI,triplet,sawtooth,256,2718,2138,1429,0.2032,True,False
T_QMI,triplet,sawtooth,256,3141,2138,1429,0.2052,True,False
T_QMI,triplet,sawtooth,256,9973,2138,1429,0.215,True,False
T_QMI,triplet,sawtooth,256,31337,2138,1429,0.203,True,False
T_QMI,triplet,sawtooth,256,65537,2138,1429,0.204,True,False
T_QMS,triplet,sawtooth,256,42,2852,907,0.2364,True,False
T_QMS,triplet,sawtooth,256,137,2852,907,0.2405,True,False
T_QMS,triplet,sawtooth,256,1618,2852,907,0.2359,True,False
T_QMS,triplet,sawtooth,256,2718,2852,907,0.2411,True,False
T_QMS,triplet,sawtooth,256,3141,2852,907,0.2412,True,False
T_QMS,triplet,sawtooth,256,9973,2852,907,0.2722,True,False
T_QMS,triplet,sawtooth,256,31337,2852,907,0.2698,True,False
T_QMS,triplet,sawtooth,256,65537,2852,907,0.2901,True,False
T_QQB,triplet,sawtooth,256,42,2345,637,0.1953,True,False
T_QQB,triplet,sawtooth,256,137,2345,637,0.1921,True,False
T_QQB,triplet,sawtooth,256,1618,2345,637,0.1897,True,False
T_QQB,triplet,sawtooth,256,2718,2345,637,0.1941,True,False
T_QQB,triplet,sawtooth,256,3141,2345,637,0.1899,True,False
T_QQB,triplet,sawtooth,256,9973,2345,637,0.1892,True,False
T_QQB,triplet,sawtooth,256,31337,2345,637,0.1887,True,False
T_QQB,triplet,sawtooth,256,65537,2345,637,0.1883,True,False
T_QQI,triplet,sawtooth,256,42,1914,637,0.1625,True,False
T_QQI,triplet,sawtooth,256,137,1914,637,0.1637,True,False
T_QQI,triplet,sawtooth,256,1618,1914,637,0.2045,True,False
T_QQI,triplet,sawtooth,256,2718,1914,637,0.1571,True,False
T_QQI,triplet,sawtooth,256,3141,1914,637,0.1629,True,False
T_QQI,triplet,sawtooth,256,9973,1914,637,0.1725,True,False
T_QQI,triplet,sawtooth,256,31337,1914,637,0.1562,True,False
T_QQI,triplet,sawtooth,256,65537,1914,637,0.1573,True,False
T_QQS,triplet,sawtooth,256,42,2584,450,0.2239,True,False
T_QQS,triplet,sawtooth,256,137,2584,450,0.2009,True,False
T_QQS,triplet,sawtooth,256,1618,2584,450,0.2283,True,False
T_QQS,triplet,sawtooth,256,2718,2584,450,0.2269,True,False
T_QQS,triplet,sawtooth,256,3141,2584,450,0.2198,True,False
T_QQS,triplet,sawtooth,256,9973,2584,450,0.2191,True,False
T_QQS,triplet,sawtooth,256,31337,2584,450,0.2199,True,False
T_QQS,triplet,sawtooth,256,65537,2584,450,0.2204,True,False
T_QRB,triplet,sawtooth,256,42,665,549,0.124,True,False
T_QRB,triplet,sawtooth,256,137,665,549,0.1238,True,False
T_QRB,triplet,sawtooth,256,1618,665,549,0.1201,True,False
T_QRB,triplet,sawtooth,256,2718,665,549,0.1208,True,False
T_QRB,triplet,sawtooth,256,3141,665,549,0.1233,True,False
T_QRB,triplet,sawtooth,256,9973,665,549,0.1225,True,False
T_QRB,triplet,sawtooth,256,31337,665,549,0.1224,True,False
T_QRB,triplet,sawtooth,256,65537,665,549,0.1203,True,False
T_QRI,triplet,sawtooth,256,42,665,549,0.1209,True,False
T_QRI,triplet,sawtooth,256,137,665,549,0.1227,True,False
T_QRI,triplet,sawtooth,256,1618,665,549,0.1203,True,False
T_QRI,triplet,sawtooth,256,2718,665,549,0.1211,True,False
T_QRI,triplet,sawtooth,256,3141,665,549,0.1195,True,False
T_QRI,triplet,sawtooth,256,9973,665,549,0.1222,True,False
T_QRI,triplet,sawtooth,256,31337,665,549,0.1197,True,False
T_QRI,triplet,sawtooth,256,65537,665,549,0.1364,True,False
T_QRS,triplet,sawtooth,256,42,665,549,0.1225,True,False
T_QRS,triplet,sawtooth,256,137,665,549,0.1207,True,False
T_QRS,triplet,sawtooth,256,1618,665,549,0.1237,True,False
T_QRS,triplet,sawtooth,256,2718,665,549,0.1212,True,False
T_QRS,triplet,sawtooth,256,3141,665,549,0.1267,True,False
T_QRS,triplet,sawtooth,256,9973,665,549,0.1219,True,False
T_QRS,triplet,sawtooth,256,31337,665,549,0.1228,True,False
T_QRS,triplet,sawtooth,256,65537,665,549,0.1235,True,False
T_QSB,triplet,sawtooth,256,42,10638,324,0.6288,True,False
T_QSB,triplet,sawtooth,256,137,10638,324,0.6257,True,False
T_QSB,triplet,sawtooth,256,1618,10638,324,0.6314,True,False
T_QSB,triplet,sawtooth,256,2718,10638,324,0.6261,True,False
T_QSB,triplet,sawtooth,256,3141,10638,324,0.6311,True,False
T_QSB,triplet,sawtooth,256,9973,10638,324,0.6255,True,False
T_QSB,triplet,sawtooth,256,31337,10638,324,0.6254,True,False
T_QSB,triplet,sawtooth,256,65537,10638,324,0.634,True,False
T_QSI,triplet,sawtooth,256,42,10638,324,0.6363,True,False
T_QSI,triplet,sawtooth,256,137,10638,324,0.6363,True,False
T_QSI,triplet,sawtooth,256,1618,10638,324,0.6429,True,False
T_QSI,triplet,sawtooth,256,2718,10638,324,0.6502,True,False
T_QSI,triplet,sawtooth,256,3141,10638,324,0.6364,True,False
T_QSI,triplet,sawtooth,256,9973,10638,324,0.5689,True,False
T_QSI,triplet,sawtooth,256,31337,10638,324,0.561,True,False
T_QSI,triplet,sawtooth,256,65537,10638,324,0.5613,True,False
T_QSS,triplet,sawtooth,256,42,10638,324,0.5795,True,False
T_QSS,triplet,sawtooth,256,137,10638,324,0.5816,True,False
T_QSS,triplet,sawtooth,256,1618,10638,324,0.569,True,False
T_QSS,triplet,sawtooth,256,2718,10638,324,0.6122,True,False
T_QSS,triplet,sawtooth,256,3141,10638,324,0.5629,True,False
T_QSS,triplet,sawtooth,256,9973,10638,324,0.5585,True,False
T_QSS,triplet,sawtooth,256,31337,10638,324,0.561,True,False
T_QSS,triplet,sawtooth,256,65537,10638,324,0.565,True,False
TimCustom,base,sawtooth,256,42,2479,2405,0.2458,True,False
TimCustom,base,sawtooth,256,137,2479,2405,0.2406,True,False
TimCustom,base,sawtooth,256,1618,2479,2405,0.2569,True,False
TimCustom,base,sawtooth,256,2718,2479,2405,0.2741,True,False
TimCustom,base,sawtooth,256,3141,2479,2405,0.2759,True,False
TimCustom,base,sawtooth,256,9973,2479,2405,0.2718,True,False
TimCustom,base,sawtooth,256,31337,2479,2405,0.2714,True,False
TimCustom,base,sawtooth,256,65537,2479,2405,0.2698,True,False
Bubble,base,sorted,256,42,32640,0,1.2088,True,False
Bubble,base,sorted,256,137,32640,0,1.2666,True,False
Bubble,base,sorted,256,1618,32640,0,1.3017,True,False
Bubble,base,sorted,256,2718,32640,0,1.1433,True,False
Bubble,base,sorted,256,3141,32640,0,1.1505,True,False
Bubble,base,sorted,256,9973,32640,0,1.1398,True,False
Bubble,base,sorted,256,31337,32640,0,1.2569,True,False
Bubble,base,sorted,256,65537,32640,0,1.2503,True,False
Heap,base,sorted,256,42,3452,1972,0.2946,True,False
Heap,base,sorted,256,137,3452,1972,0.2947,True,False
Heap,base,sorted,256,1618,3452,1972,0.2928,True,False
Heap,base,sorted,256,2718,3452,1972,0.2622,True,False
Heap,base,sorted,256,3141,3452,1972,0.2703,True,False
Heap,base,sorted,256,9973,3452,1972,0.2925,True,False
Heap,base,sorted,256,31337,3452,1972,0.2927,True,False
Heap,base,sorted,256,65537,3452,1972,0.2883,True,False
Hybrid_Intro,hybrid,sorted,256,42,1253,30,0.0894,True,False
Hybrid_Intro,hybrid,sorted,256,137,1253,30,0.089,True,False
Hybrid_Intro,hybrid,sorted,256,1618,1253,30,0.0904,True,False
Hybrid_Intro,hybrid,sorted,256,2718,1253,30,0.0942,True,False
Hybrid_Intro,hybrid,sorted,256,3141,1253,30,0.0801,True,False
Hybrid_Intro,hybrid,sorted,256,9973,1253,30,0.0789,True,False
Hybrid_Intro,hybrid,sorted,256,31337,1253,30,0.0796,True,False
Hybrid_Intro,hybrid,sorted,256,65537,1253,30,0.0912,True,False
Hybrid_MI,hybrid,sorted,256,42,752,1024,0.1164,True,False
Hybrid_MI,hybrid,sorted,256,137,752,1024,0.1152,True,False
Hybrid_MI,hybrid,sorted,256,1618,752,1024,0.1164,True,False
Hybrid_MI,hybrid,sorted,256,2718,752,1024,0.1206,True,False
Hybrid_MI,hybrid,sorted,256,3141,752,1024,0.1299,True,False
Hybrid_MI,hybrid,sorted,256,9973,752,1024,0.1162,True,False
Hybrid_MI,hybrid,sorted,256,31337,752,1024,0.1152,True,False
Hybrid_MI,hybrid,sorted,256,65537,752,1024,0.1159,True,False
Hybrid_QI,hybrid,sorted,256,42,1253,30,0.078,True,False
Hybrid_QI,hybrid,sorted,256,137,1253,30,0.0792,True,False
Hybrid_QI,hybrid,sorted,256,1618,1253,30,0.0781,True,False
Hybrid_QI,hybrid,sorted,256,2718,1253,30,0.0799,True,False
Hybrid_QI,hybrid,sorted,256,3141,1253,30,0.0792,True,False
Hybrid_QI,hybrid,sorted,256,9973,1253,30,0.0782,True,False
Hybrid_QI,hybrid,sorted,256,31337,1253,30,0.0776,True,False
Hybrid_QI,hybrid,sorted,256,65537,1253,30,0.0786,True,False
Hybrid_RI,hybrid,sorted,256,42,0,768,0.095,True,False
Hybrid_RI,hybrid,sorted,256,137,0,768,0.0936,True,False
Hybrid_RI,hybrid,sorted,256,1618,0,768,0.0939,True,False
Hybrid_RI,hybrid,sorted,256,2718,0,768,0.095,True,False
Hybrid_RI,hybrid,sorted,256,3141,0,768,0.0949,True,False
Hybrid_RI,hybrid,sorted,256,9973,0,768,0.0957,True,False
Hybrid_RI,hybrid,sorted,256,31337,0,768,0.0945,True,False
Hybrid_RI,hybrid,sorted,256,65537,0,768,0.0943,True,False
Insertion,base,sorted,256,42,255,0,0.018,True,False
Insertion,base,sorted,256,137,255,0,0.0178,True,False
Insertion,base,sorted,256,1618,255,0,0.0181,True,False
Insertion,base,sorted,256,2718,255,0,0.0183,True,False
Insertion,base,sorted,256,3141,255,0,0.0178,True,False
Insertion,base,sorted,256,9973,255,0,0.0182,True,False
Insertion,base,sorted,256,31337,255,0,0.0183,True,False
Insertion,base,sorted,256,65537,255,0,0.0179,True,False
Merge,base,sorted,256,42,1024,2048,0.2751,True,False
Merge,base,sorted,256,137,1024,2048,0.248,True,False
Merge,base,sorted,256,1618,1024,2048,0.2484,True,False
Merge,base,sorted,256,2718,1024,2048,0.2525,True,False
Merge,base,sorted,256,3141,1024,2048,0.2533,True,False
Merge,base,sorted,256,9973,1024,2048,0.2458,True,False
Merge,base,sorted,256,31337,1024,2048,0.2436,True,False
Merge,base,sorted,256,65537,1024,2048,0.2441,True,False
Quick,base,sorted,256,42,1674,128,0.1193,True,False
Quick,base,sorted,256,137,1674,128,0.1171,True,False
Quick,base,sorted,256,1618,1674,128,0.115,True,False
Quick,base,sorted,256,2718,1674,128,0.115,True,False
Quick,base,sorted,256,3141,1674,128,0.1162,True,False
Quick,base,sorted,256,9973,1674,128,0.1185,True,False
Quick,base,sorted,256,31337,1674,128,0.1147,True,False
Quick,base,sorted,256,65537,1674,128,0.1184,True,False
Radix,base,sorted,256,42,0,768,0.093,True,False
Radix,base,sorted,256,137,0,768,0.0923,True,False
Radix,base,sorted,256,1618,0,768,0.0906,True,False
Radix,base,sorted,256,2718,0,768,0.0911,True,False
Radix,base,sorted,256,3141,0,768,0.0916,True,False
Radix,base,sorted,256,9973,0,768,0.0915,True,False
Radix,base,sorted,256,31337,0,768,0.0933,True,False
Radix,base,sorted,256,65537,0,768,0.0938,True,False
Selection,base,sorted,256,42,32640,0,1.0541,True,False
Selection,base,sorted,256,137,32640,0,0.9835,True,False
Selection,base,sorted,256,1618,32640,0,0.9564,True,False
Selection,base,sorted,256,2718,32640,0,0.9919,True,False
Selection,base,sorted,256,3141,32640,0,0.9924,True,False
Selection,base,sorted,256,9973,32640,0,0.955,True,False
Selection,base,sorted,256,31337,32640,0,0.9712,True,False
Selection,base,sorted,256,65537,32640,0,0.9548,True,False
T_MHB,triplet,sorted,256,42,3046,1956,0.3061,True,False
T_MHB,triplet,sorted,256,137,3046,1956,0.3126,True,False
T_MHB,triplet,sorted,256,1618,3046,1956,0.312,True,False
T_MHB,triplet,sorted,256,2718,3046,1956,0.3084,True,False
T_MHB,triplet,sorted,256,3141,3046,1956,0.3076,True,False
T_MHB,triplet,sorted,256,9973,3046,1956,0.3117,True,False
T_MHB,triplet,sorted,256,31337,3046,1956,0.3112,True,False
T_MHB,triplet,sorted,256,65537,3046,1956,0.3098,True,False
T_MHI,triplet,sorted,256,42,3046,1956,0.3118,True,False
T_MHI,triplet,sorted,256,137,3046,1956,0.3103,True,False
T_MHI,triplet,sorted,256,1618,3046,1956,0.3127,True,False
T_MHI,triplet,sorted,256,2718,3046,1956,0.3096,True,False
T_MHI,triplet,sorted,256,3141,3046,1956,0.3123,True,False
T_MHI,triplet,sorted,256,9973,3046,1956,0.3158,True,False
T_MHI,triplet,sorted,256,31337,3046,1956,0.3093,True,False
T_MHI,triplet,sorted,256,65537,3046,1956,0.3135,True,False
T_MHS,triplet,sorted,256,42,3046,1956,0.3202,True,False
T_MHS,triplet,sorted,256,137,3046,1956,0.3129,True,False
T_MHS,triplet,sorted,256,1618,3046,1956,0.3139,True,False
T_MHS,triplet,sorted,256,2718,3046,1956,0.3174,True,False
T_MHS,triplet,sorted,256,3141,3046,1956,0.3144,True,False
T_MHS,triplet,sorted,256,9973,3046,1956,0.3139,True,False
T_MHS,triplet,sorted,256,31337,3046,1956,0.3151,True,False
T_MHS,triplet,sorted,256,65537,3046,1956,0.3135,True,False
T_MIB,triplet,sorted,256,42,382,256,0.0423,True,False
T_MIB,triplet,sorted,256,137,382,256,0.0418,True,False
T_MIB,triplet,sorted,256,1618,382,256,0.0419,True,False
T_MIB,triplet,sorted,256,2718,382,256,0.0447,True,False
T_MIB,triplet,sorted,256,3141,382,256,0.0429,True,False
T_MIB,triplet,sorted,256,9973,382,256,0.0426,True,False
T_MIB,triplet,sorted,256,31337,382,256,0.0434,True,False
T_MIB,triplet,sorted,256,65537,382,256,0.0454,True,False
T_MII,triplet,sorted,256,42,382,256,0.0431,True,False
T_MII,triplet,sorted,256,137,382,256,0.0425,True,False
T_MII,triplet,sorted,256,1618,382,256,0.0427,True,False
T_MII,triplet,sorted,256,2718,382,256,0.0424,True,False
T_MII,triplet,sorted,256,3141,382,256,0.0432,True,False
T_MII,triplet,sorted,256,9973,382,256,0.0661,True,False
T_MII,triplet,sorted,256,31337,382,256,0.0465,True,False
T_MII,triplet,sorted,256,65537,382,256,0.0463,True,False
T_MIS,triplet,sorted,256,42,382,256,0.0484,True,False
T_MIS,triplet,sorted,256,137,382,256,0.0418,True,False
T_MIS,triplet,sorted,256,1618,382,256,0.0417,True,False
T_MIS,triplet,sorted,256,2718,382,256,0.0418,True,False
T_MIS,triplet,sorted,256,3141,382,256,0.0436,True,False
T_MIS,triplet,sorted,256,9973,382,256,0.0416,True,False
T_MIS,triplet,sorted,256,31337,382,256,0.0423,True,False
T_MIS,triplet,sorted,256,65537,382,256,0.0419,True,False
T_MMB,triplet,sorted,256,42,752,1024,0.1159,True,False
T_MMB,triplet,sorted,256,137,752,1024,0.1146,True,False
T_MMB,triplet,sorted,256,1618,752,1024,0.115,True,False
T_MMB,triplet,sorted,256,2718,752,1024,0.1177,True,False
T_MMB,triplet,sorted,256,3141,752,1024,0.1151,True,False
T_MMB,triplet,sorted,256,9973,752,1024,0.1168,True,False
T_MMB,triplet,sorted,256,31337,752,1024,0.1134,True,False
T_MMB,triplet,sorted,256,65537,752,1024,0.1132,True,False
T_MMI,triplet,sorted,256,42,752,1024,0.1199,True,False
T_MMI,triplet,sorted,256,137,752,1024,0.1186,True,False
T_MMI,triplet,sorted,256,1618,752,1024,0.1187,True,False
T_MMI,triplet,sorted,256,2718,752,1024,0.1199,True,False
T_MMI,triplet,sorted,256,3141,752,1024,0.1196,True,False
T_MMI,triplet,sorted,256,9973,752,1024,0.1189,True,False
T_MMI,triplet,sorted,256,31337,752,1024,0.119,True,False
T_MMI,triplet,sorted,256,65537,752,1024,0.1188,True,False
T_MMS,triplet,sorted,256,42,2432,1024,0.2159,True,False
T_MMS,triplet,sorted,256,137,2432,1024,0.2146,True,False
T_MMS,triplet,sorted,256,1618,2432,1024,0.2152,True,False
T_MMS,triplet,sorted,256,2718,2432,1024,0.2138,True,False
T_MMS,triplet,sorted,256,3141,2432,1024,0.2143,True,False
T_MMS,triplet,sorted,256,9973,2432,1024,0.2149,True,False
T_MMS,triplet,sorted,256,31337,2432,1024,0.2127,True,False
T_MMS,triplet,sorted,256,65537,2432,1024,0.2162,True,False
T_MQB,triplet,sorted,256,42,1128,284,0.0898,True,False
T_MQB,triplet,sorted,256,137,1128,284,0.0892,True,False
T_MQB,triplet,sorted,256,1618,1128,284,0.0875,True,False
T_MQB,triplet,sorted,256,2718,1128,284,0.0858,True,False
T_MQB,triplet,sorted,256,3141,1128,284,0.0865,True,False
T_MQB,triplet,sorted,256,9973,1128,284,0.0878,True,False
T_MQB,triplet,sorted,256,31337,1128,284,0.0891,True,False
T_MQB,triplet,sorted,256,65537,1128,284,0.0882,True,False
T_MQI,triplet,sorted,256,42,1128,284,0.0966,True,False
T_MQI,triplet,sorted,256,137,1128,284,0.0957,True,False
T_MQI,triplet,sorted,256,1618,1128,284,0.0935,True,False
T_MQI,triplet,sorted,256,2718,1128,284,0.0921,True,False
T_MQI,triplet,sorted,256,3141,1128,284,0.0931,True,False
T_MQI,triplet,sorted,256,9973,1128,284,0.0914,True,False
T_MQI,triplet,sorted,256,31337,1128,284,0.0922,True,False
T_MQI,triplet,sorted,256,65537,1128,284,0.092,True,False
T_MQS,triplet,sorted,256,42,2612,284,0.1751,True,False
T_MQS,triplet,sorted,256,137,2612,284,0.1775,True,False
T_MQS,triplet,sorted,256,1618,2612,284,0.1765,True,False
T_MQS,triplet,sorted,256,2718,2612,284,0.1766,True,False
T_MQS,triplet,sorted,256,3141,2612,284,0.1764,True,False
T_MQS,triplet,sorted,256,9973,2612,284,0.1775,True,False
T_MQS,triplet,sorted,256,31337,2612,284,0.178,True,False
T_MQS,triplet,sorted,256,65537,2612,284,0.296,True,False
T_MRB,triplet,sorted,256,42,128,1024,0.1456,True,False
T_MRB,triplet,sorted,256,137,128,1024,0.1438,True,False
T_MRB,triplet,sorted,256,1618,128,1024,0.1469,True,False
T_MRB,triplet,sorted,256,2718,128,1024,0.1476,True,False
T_MRB,triplet,sorted,256,3141,128,1024,0.1464,True,False
T_MRB,triplet,sorted,256,9973,128,1024,0.148,True,False
T_MRB,triplet,sorted,256,31337,128,1024,0.145,True,False
T_MRB,triplet,sorted,256,65537,128,1024,0.1474,True,False
T_MRI,triplet,sorted,256,42,128,1024,0.1451,True,False
T_MRI,triplet,sorted,256,137,128,1024,0.1449,True,False
T_MRI,triplet,sorted,256,1618,128,1024,0.1481,True,False
T_MRI,triplet,sorted,256,2718,128,1024,0.1438,True,False
T_MRI,triplet,sorted,256,3141,128,1024,0.1467,True,False
T_MRI,triplet,sorted,256,9973,128,1024,0.1495,True,False
T_MRI,triplet,sorted,256,31337,128,1024,0.1454,True,False
T_MRI,triplet,sorted,256,65537,128,1024,0.144,True,False
T_MRS,triplet,sorted,256,42,128,1024,0.1484,True,False
T_MRS,triplet,sorted,256,137,128,1024,0.1456,True,False
T_MRS,triplet,sorted,256,1618,128,1024,0.1448,True,False
T_MRS,triplet,sorted,256,2718,128,1024,0.1491,True,False
T_MRS,triplet,sorted,256,3141,128,1024,0.1432,True,False
T_MRS,triplet,sorted,256,9973,128,1024,0.1451,True,False
T_MRS,triplet,sorted,256,31337,128,1024,0.152,True,False
T_MRS,triplet,sorted,256,65537,128,1024,0.1476,True,False
T_MSB,triplet,sorted,256,42,16384,256,0.9147,True,False
T_MSB,triplet,sorted,256,137,16384,256,0.9079,True,False
T_MSB,triplet,sorted,256,1618,16384,256,0.9319,True,False
T_MSB,triplet,sorted,256,2718,16384,256,0.9263,True,False
T_MSB,triplet,sorted,256,3141,16384,256,0.9225,True,False
T_MSB,triplet,sorted,256,9973,16384,256,0.941,True,False
T_MSB,triplet,sorted,256,31337,16384,256,0.9138,True,False
T_MSB,triplet,sorted,256,65537,16384,256,0.9161,True,False
T_MSI,triplet,sorted,256,42,16384,256,0.8973,True,False
T_MSI,triplet,sorted,256,137,16384,256,0.9051,True,False
T_MSI,triplet,sorted,256,1618,16384,256,0.9025,True,False
T_MSI,triplet,sorted,256,2718,16384,256,0.9235,True,False
T_MSI,triplet,sorted,256,3141,16384,256,0.8887,True,False
T_MSI,triplet,sorted,256,9973,16384,256,0.9107,True,False
T_MSI,triplet,sorted,256,31337,16384,256,0.8977,True,False
T_MSI,triplet,sorted,256,65537,16384,256,0.905,True,False
T_MSS,triplet,sorted,256,42,16384,256,0.8904,True,False
T_MSS,triplet,sorted,256,137,16384,256,0.8938,True,False
T_MSS,triplet,sorted,256,1618,16384,256,0.9075,True,False
T_MSS,triplet,sorted,256,2718,16384,256,0.9003,True,False
T_MSS,triplet,sorted,256,3141,16384,256,0.909,True,False
T_MSS,triplet,sorted,256,9973,16384,256,0.9004,True,False
T_MSS,triplet,sorted,256,31337,16384,256,0.9181,True,False
T_MSS,triplet,sorted,256,65537,16384,256,0.9059,True,False
T_QHB,triplet,sorted,256,42,3161,1704,0.3459,True,False
T_QHB,triplet,sorted,256,137,3161,1704,0.341,True,False
T_QHB,triplet,sorted,256,1618,3161,1704,0.3416,True,False
T_QHB,triplet,sorted,256,2718,3161,1704,0.3341,True,False
T_QHB,triplet,sorted,256,3141,3161,1704,0.3366,True,False
T_QHB,triplet,sorted,256,9973,3161,1704,0.3349,True,False
T_QHB,triplet,sorted,256,31337,3161,1704,0.3382,True,False
T_QHB,triplet,sorted,256,65537,3161,1704,0.3388,True,False
T_QHI,triplet,sorted,256,42,3161,1704,0.3329,True,False
T_QHI,triplet,sorted,256,137,3161,1704,0.336,True,False
T_QHI,triplet,sorted,256,1618,3161,1704,0.3381,True,False
T_QHI,triplet,sorted,256,2718,3161,1704,0.3385,True,False
T_QHI,triplet,sorted,256,3141,3161,1704,0.3318,True,False
T_QHI,triplet,sorted,256,9973,3161,1704,0.3375,True,False
T_QHI,triplet,sorted,256,31337,3161,1704,0.3403,True,False
T_QHI,triplet,sorted,256,65537,3161,1704,0.3397,True,False
T_QHS,triplet,sorted,256,42,3161,1704,0.348,True,False
T_QHS,triplet,sorted,256,137,3161,1704,0.3383,True,False
T_QHS,triplet,sorted,256,1618,3161,1704,0.3419,True,False
T_QHS,triplet,sorted,256,2718,3161,1704,0.3379,True,False
T_QHS,triplet,sorted,256,3141,3161,1704,0.3383,True,False
T_QHS,triplet,sorted,256,9973,3161,1704,0.3382,True,False
T_QHS,triplet,sorted,256,31337,3161,1704,0.3434,True,False
T_QHS,triplet,sorted,256,65537,3161,1704,0.3364,True,False
T_QIB,triplet,sorted,256,42,510,2,0.0396,True,False
T_QIB,triplet,sorted,256,137,510,2,0.0395,True,False
T_QIB,triplet,sorted,256,1618,510,2,0.0395,True,False
T_QIB,triplet,sorted,256,2718,510,2,0.0387,True,False
T_QIB,triplet,sorted,256,3141,510,2,0.0387,True,False
T_QIB,triplet,sorted,256,9973,510,2,0.0387,True,False
T_QIB,triplet,sorted,256,31337,510,2,0.0388,True,False
T_QIB,triplet,sorted,256,65537,510,2,0.0395,True,False
T_QII,triplet,sorted,256,42,510,2,0.039,True,False
T_QII,triplet,sorted,256,137,510,2,0.0388,True,False
T_QII,triplet,sorted,256,1618,510,2,0.0392,True,False
T_QII,triplet,sorted,256,2718,510,2,0.0391,True,False
T_QII,triplet,sorted,256,3141,510,2,0.0389,True,False
T_QII,triplet,sorted,256,9973,510,2,0.0387,True,False
T_QII,triplet,sorted,256,31337,510,2,0.0395,True,False
T_QII,triplet,sorted,256,65537,510,2,0.0391,True,False
T_QIS,triplet,sorted,256,42,510,2,0.0387,True,False
T_QIS,triplet,sorted,256,137,510,2,0.0394,True,False
T_QIS,triplet,sorted,256,1618,510,2,0.0393,True,False
T_QIS,triplet,sorted,256,2718,510,2,0.0393,True,False
T_QIS,triplet,sorted,256,3141,510,2,0.0392,True,False
T_QIS,triplet,sorted,256,9973,510,2,0.042,True,False
T_QIS,triplet,sorted,256,31337,510,2,0.0392,True,False
T_QIS,triplet,sorted,256,65537,510,2,0.0397,True,False
T_QMB,triplet,sorted,256,42,880,767,0.1191,True,False
T_QMB,triplet,sorted,256,137,880,767,0.119,True,False
T_QMB,triplet,sorted,256,1618,880,767,0.1179,True,False
T_QMB,triplet,sorted,256,2718,880,767,0.1177,True,False
T_QMB,triplet,sorted,256,3141,880,767,0.1185,True,False
T_QMB,triplet,sorted,256,9973,880,767,0.118,True,False
T_QMB,triplet,sorted,256,31337,880,767,0.1173,True,False
T_QMB,triplet,sorted,256,65537,880,767,0.1218,True,False
T_QMI,triplet,sorted,256,42,880,767,0.1103,True,False
T_QMI,triplet,sorted,256,137,880,767,0.1109,True,False
T_QMI,triplet,sorted,256,1618,880,767,0.1094,True,False
T_QMI,triplet,sorted,256,2718,880,767,0.111,True,False
T_QMI,triplet,sorted,256,3141,880,767,0.1099,True,False
T_QMI,triplet,sorted,256,9973,880,767,0.1121,True,False
T_QMI,triplet,sorted,256,31337,880,767,0.1091,True,False
T_QMI,triplet,sorted,256,65537,880,767,0.1094,True,False
T_QMS,triplet,sorted,256,42,2546,767,0.21,True,False
T_QMS,triplet,sorted,256,137,2546,767,0.2037,True,False
T_QMS,triplet,sorted,256,1618,2546,767,0.2028,True,False
T_QMS,triplet,sorted,256,2718,2546,767,0.2049,True,False
T_QMS,triplet,sorted,256,3141,2546,767,0.2097,True,False
T_QMS,triplet,sorted,256,9973,2546,767,0.2007,True,False
T_QMS,triplet,sorted,256,31337,2546,767,0.2015,True,False
T_QMS,triplet,sorted,256,65537,2546,767,0.2025,True,False
T_QQB,triplet,sorted,256,42,1253,30,0.0781,True,False
T_QQB,triplet,sorted,256,137,1253,30,0.0789,True,False
T_QQB,triplet,sorted,256,1618,1253,30,0.0885,True,False
T_QQB,triplet,sorted,256,2718,1253,30,0.0787,True,False
T_QQB,triplet,sorted,256,3141,1253,30,0.0787,True,False
T_QQB,triplet,sorted,256,9973,1253,30,0.0832,True,False
T_QQB,triplet,sorted,256,31337,1253,30,0.0874,True,False
T_QQB,triplet,sorted,256,65537,1253,30,0.0884,True,False
T_QQI,triplet,sorted,256,42,1253,30,0.0941,True,False
T_QQI,triplet,sorted,256,137,1253,30,0.0951,True,False
T_QQI,triplet,sorted,256,1618,1253,30,0.0839,True,False
T_QQI,triplet,sorted,256,2718,1253,30,0.084,True,False
T_QQI,triplet,sorted,256,3141,1253,30,0.0841,True,False
T_QQI,triplet,sorted,256,9973,1253,30,0.0834,True,False
T_QQI,triplet,sorted,256,31337,1253,30,0.0848,True,False
T_QQI,triplet,sorted,256,65537,1253,30,0.0842,True,False
T_QQS,triplet,sorted,256,42,2723,30,0.1685,True,False
T_QQS,triplet,sorted,256,137,2723,30,0.1655,True,False
T_QQS,triplet,sorted,256,1618,2723,30,0.1667,True,False
T_QQS,triplet,sorted,256,2718,2723,30,0.1677,True,False
T_QQS,triplet,sorted,256,3141,2723,30,0.167,True,False
T_QQS,triplet,sorted,256,9973,2723,30,0.1664,True,False
T_QQS,triplet,sorted,256,31337,2723,30,0.1662,True,False
T_QQS,triplet,sorted,256,65537,2723,30,0.1675,True,False
T_QRB,triplet,sorted,256,42,257,767,0.118,True,False
T_QRB,triplet,sorted,256,137,257,767,0.1166,True,False
T_QRB,triplet,sorted,256,1618,257,767,0.1169,True,False
T_QRB,triplet,sorted,256,2718,257,767,0.1169,True,False
T_QRB,triplet,sorted,256,3141,257,767,0.1169,True,False
T_QRB,triplet,sorted,256,9973,257,767,0.1187,True,False
T_QRB,triplet,sorted,256,31337,257,767,0.117,True,False
T_QRB,triplet,sorted,256,65537,257,767,0.1188,True,False
T_QRI,triplet,sorted,256,42,257,767,0.1175,True,False
T_QRI,triplet,sorted,256,137,257,767,0.1171,True,False
T_QRI,triplet,sorted,256,1618,257,767,0.1172,True,False
T_QRI,triplet,sorted,256,2718,257,767,0.1173,True,False
T_QRI,triplet,sorted,256,3141,257,767,0.1189,True,False
T_QRI,triplet,sorted,256,9973,257,767,0.1199,True,False
T_QRI,triplet,sorted,256,31337,257,767,0.1193,True,False
T_QRI,triplet,sorted,256,65537,257,767,0.1193,True,False
T_QRS,triplet,sorted,256,42,257,767,0.1178,True,False
T_QRS,triplet,sorted,256,137,257,767,0.1197,True,False
T_QRS,triplet,sorted,256,1618,257,767,0.1192,True,False
T_QRS,triplet,sorted,256,2718,257,767,0.1178,True,False
T_QRS,triplet,sorted,256,3141,257,767,0.1185,True,False
T_QRS,triplet,sorted,256,9973,257,767,0.119,True,False
T_QRS,triplet,sorted,256,31337,257,767,0.1169,True,False
T_QRS,triplet,sorted,256,65537,257,767,0.1176,True,False
T_QSB,triplet,sorted,256,42,16386,2,0.7824,True,False
T_QSB,triplet,sorted,256,137,16386,2,0.7796,True,False
T_QSB,triplet,sorted,256,1618,16386,2,0.7637,True,False
T_QSB,triplet,sorted,256,2718,16386,2,0.7982,True,False
T_QSB,triplet,sorted,256,3141,16386,2,0.7793,True,False
T_QSB,triplet,sorted,256,9973,16386,2,0.8482,True,False
T_QSB,triplet,sorted,256,31337,16386,2,0.8677,True,False
T_QSB,triplet,sorted,256,65537,16386,2,0.8806,True,False
T_QSI,triplet,sorted,256,42,16386,2,0.9125,True,False
T_QSI,triplet,sorted,256,137,16386,2,0.8812,True,False
T_QSI,triplet,sorted,256,1618,16386,2,0.8919,True,False
T_QSI,triplet,sorted,256,2718,16386,2,0.8939,True,False
T_QSI,triplet,sorted,256,3141,16386,2,0.9054,True,False
T_QSI,triplet,sorted,256,9973,16386,2,0.8893,True,False
T_QSI,triplet,sorted,256,31337,16386,2,0.8836,True,False
T_QSI,triplet,sorted,256,65537,16386,2,0.8814,True,False
T_QSS,triplet,sorted,256,42,16386,2,0.8886,True,False
T_QSS,triplet,sorted,256,137,16386,2,0.9048,True,False
T_QSS,triplet,sorted,256,1618,16386,2,0.883,True,False
T_QSS,triplet,sorted,256,2718,16386,2,0.8777,True,False
T_QSS,triplet,sorted,256,3141,16386,2,0.8855,True,False
T_QSS,triplet,sorted,256,9973,16386,2,0.9218,True,False
T_QSS,triplet,sorted,256,31337,16386,2,0.8868,True,False
T_QSS,triplet,sorted,256,65537,16386,2,0.8965,True,False
TimCustom,base,sorted,256,42,632,768,0.1025,True,False
TimCustom,base,sorted,256,137,632,768,0.1007,True,False
TimCustom,base,sorted,256,1618,632,768,0.1,True,False
TimCustom,base,sorted,256,2718,632,768,0.1018,True,False
TimCustom,base,sorted,256,3141,632,768,0.1003,True,False
TimCustom,base,sorted,256,9973,632,768,0.1009,True,False
TimCustom,base,sorted,256,31337,632,768,0.1007,True,False
TimCustom,base,sorted,256,65537,632,768,0.1013,True,False
Bubble,base,two_values,256,42,32640,8006,1.6777,True,False
Bubble,base,two_values,256,137,32640,8495,1.6963,True,False
Bubble,base,two_values,256,1618,32640,8300,1.6934,True,False
Bubble,base,two_values,256,2718,32640,7537,1.6872,True,False
Bubble,base,two_values,256,3141,32640,8572,1.8105,True,False
Bubble,base,two_values,256,9973,32640,7208,1.684,True,False
Bubble,base,two_values,256,31337,32640,7595,1.6555,True,False
Bubble,base,two_values,256,65537,32640,7985,1.5228,True,False
Heap,base,two_values,256,42,1881,879,0.1365,True,False
Heap,base,two_values,256,137,1970,934,0.1443,True,False
Heap,base,two_values,256,1618,2026,966,0.1551,True,False
Heap,base,two_values,256,2718,1952,922,0.1525,True,False
Heap,base,two_values,256,3141,2011,957,0.1463,True,False
Heap,base,two_values,256,9973,1989,953,0.1589,True,False
Heap,base,two_values,256,31337,1953,921,0.1456,True,False
Heap,base,two_values,256,65537,2008,953,0.1443,True,False
Hybrid_Intro,hybrid,two_values,256,42,1392,494,0.112,True,False
Hybrid_Intro,hybrid,two_values,256,137,1337,478,0.1084,True,False
Hybrid_Intro,hybrid,two_values,256,1618,1424,534,0.1165,True,False
Hybrid_Intro,hybrid,two_values,256,2718,1392,486,0.1116,True,False
Hybrid_Intro,hybrid,two_values,256,3141,1398,494,0.1147,True,False
Hybrid_Intro,hybrid,two_values,256,9973,1407,486,0.1123,True,False
Hybrid_Intro,hybrid,two_values,256,31337,1432,528,0.1159,True,False
Hybrid_Intro,hybrid,two_values,256,65537,1382,476,0.1122,True,False
Hybrid_MI,hybrid,two_values,256,42,1552,1151,0.2072,True,False
Hybrid_MI,hybrid,two_values,256,137,1397,1126,0.1609,True,False
Hybrid_MI,hybrid,two_values,256,1618,1490,1127,0.1718,True,False
Hybrid_MI,hybrid,two_values,256,2718,1429,1128,0.1618,True,False
Hybrid_MI,hybrid,two_values,256,3141,1491,1134,0.1668,True,False
Hybrid_MI,hybrid,two_values,256,9973,1479,1127,0.1663,True,False
Hybrid_MI,hybrid,two_values,256,31337,1467,1132,0.164,True,False
Hybrid_MI,hybrid,two_values,256,65537,1431,1132,0.1614,True,False
Hybrid_QI,hybrid,two_values,256,42,1392,494,0.1109,True,False
Hybrid_QI,hybrid,two_values,256,137,1337,478,0.1063,True,False
Hybrid_QI,hybrid,two_values,256,1618,1424,534,0.115,True,False
Hybrid_QI,hybrid,two_values,256,2718,1392,486,0.1095,True,False
Hybrid_QI,hybrid,two_values,256,3141,1398,494,0.1111,True,False
Hybrid_QI,hybrid,two_values,256,9973,1407,486,0.1133,True,False
Hybrid_QI,hybrid,two_values,256,31337,1432,528,0.1162,True,False
Hybrid_QI,hybrid,two_values,256,65537,1382,476,0.1081,True,False
Hybrid_RI,hybrid,two_values,256,42,0,256,0.0367,True,False
Hybrid_RI,hybrid,two_values,256,137,0,256,0.041,True,False
Hybrid_RI,hybrid,two_values,256,1618,0,256,0.041,True,False
Hybrid_RI,hybrid,two_values,256,2718,0,256,0.0415,True,False
Hybrid_RI,hybrid,two_values,256,3141,0,256,0.0416,True,False
Hybrid_RI,hybrid,two_values,256,9973,0,256,0.0408,True,False
Hybrid_RI,hybrid,two_values,256,31337,0,256,0.0411,True,False
Hybrid_RI,hybrid,two_values,256,65537,0,256,0.0412,True,False
Insertion,base,two_values,256,42,8261,8149,0.5929,True,False
Insertion,base,two_values,256,137,8750,8613,0.5847,True,False
Insertion,base,two_values,256,1618,8555,8416,0.5713,True,False
Insertion,base,two_values,256,2718,7792,7666,0.4936,True,False
Insertion,base,two_values,256,3141,8826,8694,0.5523,True,False
Insertion,base,two_values,256,9973,7462,7317,0.4714,True,False
Insertion,base,two_values,256,31337,7850,7722,0.4962,True,False
Insertion,base,two_values,256,65537,8239,8110,0.5295,True,False
Merge,base,two_values,256,42,1471,2048,0.2818,True,False
Merge,base,two_values,256,137,1403,2048,0.2725,True,False
Merge,base,two_values,256,1618,1419,2048,0.3106,True,False
Merge,base,two_values,256,2718,1433,2048,0.3057,True,False
Merge,base,two_values,256,3141,1419,2048,0.3051,True,False
Merge,base,two_values,256,9973,1374,2048,0.312,True,False
Merge,base,two_values,256,31337,1425,2048,0.3074,True,False
Merge,base,two_values,256,65537,1412,2048,0.3042,True,False
Quick,base,two_values,256,42,1733,735,0.1738,True,False
Quick,base,two_values,256,137,1717,734,0.1746,True,False
Quick,base,two_values,256,1618,1721,758,0.1749,True,False
Quick,base,two_values,256,2718,1737,723,0.173,True,False
Quick,base,two_values,256,3141,1737,729,0.1749,True,False
Quick,base,two_values,256,9973,1744,726,0.176,True,False
Quick,base,two_values,256,31337,1717,741,0.1752,True,False
Quick,base,two_values,256,65537,1745,726,0.1745,True,False
Radix,base,two_values,256,42,0,256,0.0389,True,False
Radix,base,two_values,256,137,0,256,0.0383,True,False
Radix,base,two_values,256,1618,0,256,0.0386,True,False
Radix,base,two_values,256,2718,0,256,0.0383,True,False
Radix,base,two_values,256,3141,0,256,0.0385,True,False
Radix,base,two_values,256,9973,0,256,0.0381,True,False
Radix,base,two_values,256,31337,0,256,0.0389,True,False
Radix,base,two_values,256,65537,0,256,0.0385,True,False
Selection,base,two_values,256,42,32640,143,1.1728,True,False
Selection,base,two_values,256,137,32640,118,1.1537,True,False
Selection,base,two_values,256,1618,32640,116,1.1521,True,False
Selection,base,two_values,256,2718,32640,129,1.0162,True,False
Selection,base,two_values,256,3141,32640,122,1.0317,True,False
Selection,base,two_values,256,9973,32640,109,1.0063,True,False
Selection,base,two_values,256,31337,32640,127,1.0548,True,False
Selection,base,two_values,256,65537,32640,125,1.0487,True,False
T_MHB,triplet,two_values,256,42,1902,1051,0.1877,True,False
T_MHB,triplet,two_values,256,137,1931,1080,0.1921,True,False
T_MHB,triplet,two_values,256,1618,1990,1111,0.1967,True,False
T_MHB,triplet,two_values,256,2718,1942,1082,0.1853,True,False
T_MHB,triplet,two_values,256,3141,1988,1117,0.1918,True,False
T_MHB,triplet,two_values,256,9973,1972,1110,0.1919,True,False
T_MHB,triplet,two_values,256,31337,1936,1079,0.1865,True,False
T_MHB,triplet,two_values,256,65537,1949,1088,0.1893,True,False
T_MHI,triplet,two_values,256,42,1902,1051,0.1831,True,False
T_MHI,triplet,two_values,256,137,1931,1080,0.1864,True,False
T_MHI,triplet,two_values,256,1618,1990,1111,0.1945,True,False
T_MHI,triplet,two_values,256,2718,1942,1082,0.1901,True,False
T_MHI,triplet,two_values,256,3141,1988,1117,0.1932,True,False
T_MHI,triplet,two_values,256,9973,1972,1110,0.1919,True,False
T_MHI,triplet,two_values,256,31337,1936,1079,0.1949,True,False
T_MHI,triplet,two_values,256,65537,1949,1088,0.1873,True,False
T_MHS,triplet,two_values,256,42,1902,1051,0.1873,True,False
T_MHS,triplet,two_values,256,137,1931,1080,0.2081,True,False
T_MHS,triplet,two_values,256,1618,1990,1111,0.1984,True,False
T_MHS,triplet,two_values,256,2718,1942,1082,0.1876,True,False
T_MHS,triplet,two_values,256,3141,1988,1117,0.1898,True,False
T_MHS,triplet,two_values,256,9973,1972,1110,0.1894,True,False
T_MHS,triplet,two_values,256,31337,1936,1079,0.1867,True,False
T_MHS,triplet,two_values,256,65537,1949,1088,0.1878,True,False
T_MIB,triplet,two_values,256,42,3980,3778,0.3586,True,False
T_MIB,triplet,two_values,256,137,4466,4278,0.4136,True,False
T_MIB,triplet,two_values,256,1618,4738,4554,0.4342,True,False
T_MIB,triplet,two_values,256,2718,4442,4255,0.4044,True,False
T_MIB,triplet,two_values,256,3141,4402,4213,0.3996,True,False
T_MIB,triplet,two_values,256,9973,4645,4474,0.4519,True,False
T_MIB,triplet,two_values,256,31337,4316,4130,0.4061,True,False
T_MIB,triplet,two_values,256,65537,4398,4211,0.4095,True,False
T_MII,triplet,two_values,256,42,3980,3778,0.3665,True,False
T_MII,triplet,two_values,256,137,4466,4278,0.4174,True,False
T_MII,triplet,two_values,256,1618,4738,4554,0.4364,True,False
T_MII,triplet,two_values,256,2718,4442,4255,0.4164,True,False
T_MII,triplet,two_values,256,3141,4402,4213,0.441,True,False
T_MII,triplet,two_values,256,9973,4645,4474,0.4309,True,False
T_MII,triplet,two_values,256,31337,4316,4130,0.4615,True,False
T_MII,triplet,two_values,256,65537,4398,4211,0.4086,True,False
T_MIS,triplet,two_values,256,42,3980,3778,0.3731,True,False
T_MIS,triplet,two_values,256,137,4466,4278,0.4211,True,False
T_MIS,triplet,two_values,256,1618,4738,4554,0.5032,True,False
T_MIS,triplet,two_values,256,2718,4442,4255,0.408,True,False
T_MIS,triplet,two_values,256,3141,4402,4213,0.4121,True,False
T_MIS,triplet,two_values,256,9973,4645,4474,0.4331,True,False
T_MIS,triplet,two_values,256,31337,4316,4130,0.4049,True,False
T_MIS,triplet,two_values,256,65537,4398,4211,0.4801,True,False
T_MMB,triplet,two_values,256,42,2139,1552,0.229,True,False
T_MMB,triplet,two_values,256,137,2143,1433,0.2214,True,False
T_MMB,triplet,two_values,256,1618,2307,1524,0.238,True,False
T_MMB,triplet,two_values,256,2718,2168,1442,0.2345,True,False
T_MMB,triplet,two_values,256,3141,2226,1529,0.2329,True,False
T_MMB,triplet,two_values,256,9973,2291,1549,0.2374,True,False
T_MMB,triplet,two_values,256,31337,2242,1493,0.2299,True,False
T_MMB,triplet,two_values,256,65537,2091,1466,0.2185,True,False
T_MMI,triplet,two_values,256,42,1552,1552,0.1814,True,False
T_MMI,triplet,two_values,256,137,1397,1433,0.1686,True,False
T_MMI,triplet,two_values,256,1618,1490,1524,0.1781,True,False
T_MMI,triplet,two_values,256,2718,1429,1442,0.1721,True,False
T_MMI,triplet,two_values,256,3141,1491,1529,0.179,True,False
T_MMI,triplet,two_values,256,9973,1479,1549,0.177,True,False
T_MMI,triplet,two_values,256,31337,1467,1493,0.2004,True,False
T_MMI,triplet,two_values,256,65537,1431,1466,0.1929,True,False
T_MMS,triplet,two_values,256,42,2711,1151,0.265,True,False
T_MMS,triplet,two_values,256,137,2675,1126,0.2338,True,False
T_MMS,triplet,two_values,256,1618,2676,1127,0.2362,True,False
T_MMS,triplet,two_values,256,2718,2695,1128,0.2384,True,False
T_MMS,triplet,two_values,256,3141,2676,1134,0.2538,True,False
T_MMS,triplet,two_values,256,9973,2645,1127,0.2315,True,False
T_MMS,triplet,two_values,256,31337,2682,1132,0.2584,True,False
T_MMS,triplet,two_values,256,65537,2675,1132,0.2337,True,False
T_MQB,triplet,two_values,256,42,1358,660,0.1274,True,False
T_MQB,triplet,two_values,256,137,1377,659,0.1282,True,False
T_MQB,triplet,two_values,256,1618,1407,675,0.1323,True,False
T_MQB,triplet,two_values,256,2718,1437,675,0.1317,True,False
T_MQB,triplet,two_values,256,3141,1403,659,0.1432,True,False
T_MQB,triplet,two_values,256,9973,1434,694,0.1495,True,False
T_MQB,triplet,two_values,256,31337,1437,679,0.1496,True,False
T_MQB,triplet,two_values,256,65537,1408,697,0.1481,True,False
T_MQI,triplet,two_values,256,42,1344,660,0.1441,True,False
T_MQI,triplet,two_values,256,137,1359,659,0.1457,True,False
T_MQI,triplet,two_values,256,1618,1356,675,0.1477,True,False
T_MQI,triplet,two_values,256,2718,1364,675,0.1464,True,False
T_MQI,triplet,two_values,256,3141,1345,659,0.1452,True,False
T_MQI,triplet,two_values,256,9973,1370,694,0.1497,True,False
T_MQI,triplet,two_values,256,31337,1375,679,0.1489,True,False
T_MQI,triplet,two_values,256,65537,1382,697,0.1322,True,False
T_MQS,triplet,two_values,256,42,2410,644,0.1909,True,False
T_MQS,triplet,two_values,256,137,2281,650,0.1859,True,False
T_MQS,triplet,two_values,256,1618,2211,663,0.1833,True,False
T_MQS,triplet,two_values,256,2718,2272,656,0.1861,True,False
T_MQS,triplet,two_values,256,3141,2316,645,0.1868,True,False
T_MQS,triplet,two_values,256,9973,2260,656,0.1971,True,False
T_MQS,triplet,two_values,256,31337,2146,662,0.239,True,False
T_MQS,triplet,two_values,256,65537,2215,668,0.1864,True,False
T_MRB,triplet,two_values,256,42,204,512,0.0667,True,False
T_MRB,triplet,two_values,256,137,191,512,0.0658,True,False
T_MRB,triplet,two_values,256,1618,186,512,0.065,True,False
T_MRB,triplet,two_values,256,2718,189,512,0.0649,True,False
T_MRB,triplet,two_values,256,3141,193,512,0.0659,True,False
T_MRB,triplet,two_values,256,9973,174,512,0.0642,True,False
T_MRB,triplet,two_values,256,31337,189,512,0.0656,True,False
T_MRB,triplet,two_values,256,65537,190,512,0.066,True,False
T_MRI,triplet,two_values,256,42,204,512,0.0666,True,False
T_MRI,triplet,two_values,256,137,191,512,0.0659,True,False
T_MRI,triplet,two_values,256,1618,186,512,0.0654,True,False
T_MRI,triplet,two_values,256,2718,189,512,0.066,True,False
T_MRI,triplet,two_values,256,3141,193,512,0.0655,True,False
T_MRI,triplet,two_values,256,9973,174,512,0.065,True,False
T_MRI,triplet,two_values,256,31337,189,512,0.0647,True,False
T_MRI,triplet,two_values,256,65537,190,512,0.0645,True,False
T_MRS,triplet,two_values,256,42,204,512,0.0657,True,False
T_MRS,triplet,two_values,256,137,191,512,0.0666,True,False
T_MRS,triplet,two_values,256,1618,186,512,0.0653,True,False
T_MRS,triplet,two_values,256,2718,189,512,0.0653,True,False
T_MRS,triplet,two_values,256,3141,193,512,0.065,True,False
T_MRS,triplet,two_values,256,9973,174,512,0.07,True,False
T_MRS,triplet,two_values,256,31337,189,512,0.0655,True,False
T_MRS,triplet,two_values,256,65537,190,512,0.0743,True,False
T_MSB,triplet,two_values,256,42,16460,394,0.943,True,False
T_MSB,triplet,two_values,256,137,16447,374,0.9712,True,False
T_MSB,triplet,two_values,256,1618,16442,371,0.9354,True,False
T_MSB,triplet,two_values,256,2718,16445,382,0.969,True,False
T_MSB,triplet,two_values,256,3141,16449,378,0.8602,True,False
T_MSB,triplet,two_values,256,9973,16430,364,0.8639,True,False
T_MSB,triplet,two_values,256,31337,16445,383,0.9514,True,False
T_MSB,triplet,two_values,256,65537,16446,380,0.9256,True,False
T_MSI,triplet,two_values,256,42,16460,394,0.8611,True,False
T_MSI,triplet,two_values,256,137,16447,374,0.8571,True,False
T_MSI,triplet,two_values,256,1618,16442,371,0.8326,True,False
T_MSI,triplet,two_values,256,2718,16445,382,0.8397,True,False
T_MSI,triplet,two_values,256,3141,16449,378,0.8559,True,False
T_MSI,triplet,two_values,256,9973,16430,364,0.8339,True,False
T_MSI,triplet,two_values,256,31337,16445,383,0.8441,True,False
T_MSI,triplet,two_values,256,65537,16446,380,0.8313,True,False
T_MSS,triplet,two_values,256,42,16460,394,0.836,True,False
T_MSS,triplet,two_values,256,137,16447,374,0.9458,True,False
T_MSS,triplet,two_values,256,1618,16442,371,0.8409,True,False
T_MSS,triplet,two_values,256,2718,16445,382,0.8345,True,False
T_MSS,triplet,two_values,256,3141,16449,378,0.9674,True,False
T_MSS,triplet,two_values,256,9973,16430,364,0.8188,True,False
T_MSS,triplet,two_values,256,31337,16445,383,0.849,True,False
T_MSS,triplet,two_values,256,65537,16446,380,0.8333,True,False
T_QHB,triplet,two_values,256,42,1346,497,0.1212,True,False
T_QHB,triplet,two_values,256,137,1513,616,0.1373,True,False
T_QHB,triplet,two_values,256,1618,1526,617,0.1357,True,False
T_QHB,triplet,two_values,256,2718,1428,520,0.1248,True,False
T_QHB,triplet,two_values,256,3141,1227,412,0.1067,True,False
T_QHB,triplet,two_values,256,9973,1327,469,0.1154,True,False
T_QHB,triplet,two_values,256,31337,1528,615,0.1343,True,False
T_QHB,triplet,two_values,256,65537,1371,483,0.1194,True,False
T_QHI,triplet,two_values,256,42,1346,497,0.1181,True,False
T_QHI,triplet,two_values,256,137,1513,616,0.1343,True,False
T_QHI,triplet,two_values,256,1618,1526,617,0.1376,True,False
T_QHI,triplet,two_values,256,2718,1428,520,0.1248,True,False
T_QHI,triplet,two_values,256,3141,1227,412,0.1074,True,False
T_QHI,triplet,two_values,256,9973,1327,469,0.117,True,False
T_QHI,triplet,two_values,256,31337,1528,615,0.1356,True,False
T_QHI,triplet,two_values,256,65537,1371,483,0.1404,True,False
T_QHS,triplet,two_values,256,42,1346,497,0.1183,True,False
T_QHS,triplet,two_values,256,137,1513,616,0.135,True,False
T_QHS,triplet,two_values,256,1618,1526,617,0.1367,True,False
T_QHS,triplet,two_values,256,2718,1428,520,0.126,True,False
T_QHS,triplet,two_values,256,3141,1227,412,0.116,True,False
T_QHS,triplet,two_values,256,9973,1327,469,0.118,True,False
T_QHS,triplet,two_values,256,31337,1528,615,0.1386,True,False
T_QHS,triplet,two_values,256,65537,1371,483,0.1202,True,False
T_QIB,triplet,two_values,256,42,1218,686,0.1028,True,False
T_QIB,triplet,two_values,256,137,1681,1170,0.1463,True,False
T_QIB,triplet,two_values,256,1618,1901,1382,0.1655,True,False
T_QIB,triplet,two_values,256,2718,1098,477,0.0895,True,False
T_QIB,triplet,two_values,256,3141,950,403,0.0782,True,False
T_QIB,triplet,two_values,256,9973,1496,951,0.1279,True,False
T_QIB,triplet,two_values,256,31337,2042,1521,0.1788,True,False
T_QIB,triplet,two_values,256,65537,986,366,0.0798,True,False
T_QII,triplet,two_values,256,42,1218,686,0.1008,True,False
T_QII,triplet,two_values,256,137,1681,1170,0.1459,True,False
T_QII,triplet,two_values,256,1618,1901,1382,0.1641,True,False
T_QII,triplet,two_values,256,2718,1098,477,0.0888,True,False
T_QII,triplet,two_values,256,3141,950,403,0.0785,True,False
T_QII,triplet,two_values,256,9973,1496,951,0.1321,True,False
T_QII,triplet,two_values,256,31337,2042,1521,0.1777,True,False
T_QII,triplet,two_values,256,65537,986,366,0.0802,True,False
T_QIS,triplet,two_values,256,42,1218,686,0.1026,True,False
T_QIS,triplet,two_values,256,137,1681,1170,0.1488,True,False
T_QIS,triplet,two_values,256,1618,1901,1382,0.1664,True,False
T_QIS,triplet,two_values,256,2718,1098,477,0.0898,True,False
T_QIS,triplet,two_values,256,3141,950,403,0.0778,True,False
T_QIS,triplet,two_values,256,9973,1496,951,0.1284,True,False
T_QIS,triplet,two_values,256,31337,2042,1521,0.1794,True,False
T_QIS,triplet,two_values,256,65537,986,366,0.0815,True,False
T_QMB,triplet,two_values,256,42,1441,916,0.1501,True,False
T_QMB,triplet,two_values,256,137,1374,1000,0.1543,True,False
T_QMB,triplet,two_values,256,1618,1443,1036,0.1617,True,False
T_QMB,triplet,two_values,256,2718,1261,886,0.1446,True,False
T_QMB,triplet,two_values,256,3141,1209,900,0.1359,True,False
T_QMB,triplet,two_values,256,9973,1388,953,0.1474,True,False
T_QMB,triplet,two_values,256,31337,1451,1069,0.165,True,False
T_QMB,triplet,two_values,256,65537,1239,875,0.1385,True,False
T_QMI,triplet,two_values,256,42,1083,916,0.1315,True,False
T_QMI,triplet,two_values,256,137,1208,1000,0.1433,True,False
T_QMI,triplet,two_values,256,1618,1211,1036,0.1456,True,False
T_QMI,triplet,two_values,256,2718,1173,886,0.1369,True,False
T_QMI,triplet,two_values,256,3141,1174,900,0.1368,True,False
T_QMI,triplet,two_values,256,9973,1281,953,0.1437,True,False
T_QMI,triplet,two_values,256,31337,1256,1069,0.1499,True,False
T_QMI,triplet,two_values,256,65537,1224,875,0.1398,True,False
T_QMS,triplet,two_values,256,42,2328,868,0.2006,True,False
T_QMS,triplet,two_values,256,137,2249,932,0.2044,True,False
T_QMS,triplet,two_values,256,1618,2101,949,0.2003,True,False
T_QMS,triplet,two_values,256,2718,2200,855,0.1991,True,False
T_QMS,triplet,two_values,256,3141,2455,889,0.2202,True,False
T_QMS,triplet,two_values,256,9973,2495,915,0.2167,True,False
T_QMS,triplet,two_values,256,31337,2126,963,0.2032,True,False
T_QMS,triplet,two_values,256,65537,2266,873,0.2055,True,False
T_QQB,triplet,two_values,256,42,1447,512,0.1218,True,False
T_QQB,triplet,two_values,256,137,1343,492,0.117,True,False
T_QQB,triplet,two_values,256,1618,1446,546,0.1247,True,False
T_QQB,triplet,two_values,256,2718,1438,495,0.1191,True,False
T_QQB,triplet,two_values,256,3141,1418,509,0.12,True,False
T_QQB,triplet,two_values,256,9973,1429,506,0.1206,True,False
T_QQB,triplet,two_values,256,31337,1470,541,0.126,True,False
T_QQB,triplet,two_values,256,65537,1418,493,0.1177,True,False
T_QQI,triplet,two_values,256,42,1392,512,0.1215,True,False
T_QQI,triplet,two_values,256,137,1337,492,0.1185,True,False
T_QQI,triplet,two_values,256,1618,1424,546,0.1253,True,False
T_QQI,triplet,two_values,256,2718,1392,495,0.1187,True,False
T_QQI,triplet,two_values,256,3141,1398,509,0.1205,True,False
T_QQI,triplet,two_values,256,9973,1407,506,0.1217,True,False
T_QQI,triplet,two_values,256,31337,1432,541,0.1257,True,False
T_QQI,triplet,two_values,256,65537,1382,493,0.1183,True,False
T_QQS,triplet,two_values,256,42,2412,497,0.1812,True,False
T_QQS,triplet,two_values,256,137,2527,487,0.184,True,False
T_QQS,triplet,two_values,256,1618,2180,538,0.1734,True,False
T_QQS,triplet,two_values,256,2718,2476,487,0.1811,True,False
T_QQS,triplet,two_values,256,3141,2443,498,0.1833,True,False
T_QQS,triplet,two_values,256,9973,2416,494,0.1848,True,False
T_QQS,triplet,two_values,256,31337,2200,533,0.1757,True,False
T_QQS,triplet,two_values,256,65537,2608,479,0.1981,True,False
T_QRB,triplet,two_values,256,42,418,257,0.0513,True,False
T_QRB,triplet,two_values,256,137,420,348,0.0632,True,False
T_QRB,triplet,two_values,256,1618,429,333,0.0607,True,False
T_QRB,triplet,two_values,256,2718,562,321,0.0651,True,False
T_QRB,triplet,two_values,256,3141,425,383,0.0707,True,False
T_QRB,triplet,two_values,256,9973,423,383,0.0709,True,False
T_QRB,triplet,two_values,256,31337,429,329,0.0617,True,False
T_QRB,triplet,two_values,256,65537,561,378,0.0746,True,False
T_QRI,triplet,two_values,256,42,418,257,0.051,True,False
T_QRI,triplet,two_values,256,137,420,348,0.0628,True,False
T_QRI,triplet,two_values,256,1618,429,333,0.0603,True,False
T_QRI,triplet,two_values,256,2718,562,321,0.0654,True,False
T_QRI,triplet,two_values,256,3141,425,383,0.0709,True,False
T_QRI,triplet,two_values,256,9973,423,383,0.0722,True,False
T_QRI,triplet,two_values,256,31337,429,329,0.0612,True,False
T_QRI,triplet,two_values,256,65537,561,378,0.0742,True,False
T_QRS,triplet,two_values,256,42,418,257,0.051,True,False
T_QRS,triplet,two_values,256,137,420,348,0.063,True,False
T_QRS,triplet,two_values,256,1618,429,333,0.0606,True,False
T_QRS,triplet,two_values,256,2718,562,321,0.0651,True,False
T_QRS,triplet,two_values,256,3141,425,383,0.0703,True,False
T_QRS,triplet,two_values,256,9973,423,383,0.0702,True,False
T_QRS,triplet,two_values,256,31337,429,329,0.061,True,False
T_QRS,triplet,two_values,256,65537,561,378,0.0747,True,False
T_QSB,triplet,two_values,256,42,12736,146,0.6226,True,False
T_QSB,triplet,two_values,256,137,11311,211,0.5691,True,False
T_QSB,triplet,two_values,256,1618,11141,194,0.5927,True,False
T_QSB,triplet,two_values,256,2718,9008,197,0.4527,True,False
T_QSB,triplet,two_values,256,3141,13084,232,0.6355,True,False
T_QSB,triplet,two_values,256,9973,12906,237,0.6318,True,False
T_QSB,triplet,two_values,256,31337,11239,202,0.5562,True,False
T_QSB,triplet,two_values,256,65537,9188,236,0.4577,True,False
T_QSI,triplet,two_values,256,42,12736,146,0.611,True,False
T_QSI,triplet,two_values,256,137,11311,211,0.6328,True,False
T_QSI,triplet,two_values,256,1618,11141,194,0.557,True,False
T_QSI,triplet,two_values,256,2718,9008,197,0.4573,True,False
T_QSI,triplet,two_values,256,3141,13084,232,0.6397,True,False
T_QSI,triplet,two_values,256,9973,12906,237,0.6589,True,False
T_QSI,triplet,two_values,256,31337,11239,202,0.557,True,False
T_QSI,triplet,two_values,256,65537,9188,236,0.4623,True,False
T_QSS,triplet,two_values,256,42,12736,146,0.62,True,False
T_QSS,triplet,two_values,256,137,11311,211,0.565,True,False
T_QSS,triplet,two_values,256,1618,11141,194,0.6561,True,False
T_QSS,triplet,two_values,256,2718,9008,197,0.4615,True,False
T_QSS,triplet,two_values,256,3141,13084,232,0.6441,True,False
T_QSS,triplet,two_values,256,9973,12906,237,0.6432,True,False
T_QSS,triplet,two_values,256,31337,11239,202,0.5681,True,False
T_QSS,triplet,two_values,256,65537,9188,236,0.4673,True,False
TimCustom,base,two_values,256,42,1793,1853,0.1877,True,False
TimCustom,base,two_values,256,137,1737,1802,0.1832,True,False
TimCustom,base,two_values,256,1618,1974,2044,0.2046,True,False
TimCustom,base,two_values,256,2718,1824,1888,0.195,True,False
TimCustom,base,two_values,256,3141,1797,1873,0.1871,True,False
TimCustom,base,two_values,256,9973,1784,1872,0.1855,True,False
TimCustom,base,two_values,256,31337,1780,1851,0.1846,True,False
TimCustom,base,two_values,256,65537,1675,1744,0.1855,True,False
Bubble,base,all_same,1024,42,,,,,True
Bubble,base,all_same,1024,137,,,,,True
Bubble,base,all_same,1024,1618,,,,,True
Bubble,base,all_same,1024,2718,,,,,True
Bubble,base,all_same,1024,3141,,,,,True
Bubble,base,all_same,1024,9973,,,,,True
Bubble,base,all_same,1024,31337,,,,,True
Bubble,base,all_same,1024,65537,,,,,True
Heap,base,all_same,1024,42,3066,1023,0.2458,True,False
Heap,base,all_same,1024,137,3066,1023,0.2452,True,False
Heap,base,all_same,1024,1618,3066,1023,0.2506,True,False
Heap,base,all_same,1024,2718,3066,1023,0.2444,True,False
Heap,base,all_same,1024,3141,3066,1023,0.2414,True,False
Heap,base,all_same,1024,9973,3066,1023,0.2437,True,False
Heap,base,all_same,1024,31337,3066,1023,0.2489,True,False
Heap,base,all_same,1024,65537,3066,1023,0.2441,True,False
Hybrid_Intro,hybrid,all_same,1024,42,7041,3072,0.6118,True,False
Hybrid_Intro,hybrid,all_same,1024,137,7041,3072,0.6484,True,False
Hybrid_Intro,hybrid,all_same,1024,1618,7041,3072,0.6142,True,False
Hybrid_Intro,hybrid,all_same,1024,2718,7041,3072,0.6807,True,False
Hybrid_Intro,hybrid,all_same,1024,3141,7041,3072,0.6819,True,False
Hybrid_Intro,hybrid,all_same,1024,9973,7041,3072,0.6734,True,False
Hybrid_Intro,hybrid,all_same,1024,31337,7041,3072,0.6813,True,False
Hybrid_Intro,hybrid,all_same,1024,65537,7041,3072,0.699,True,False
Hybrid_MI,hybrid,all_same,1024,42,4032,6144,0.8084,True,False
Hybrid_MI,hybrid,all_same,1024,137,4032,6144,0.7804,True,False
Hybrid_MI,hybrid,all_same,1024,1618,4032,6144,0.7807,True,False
Hybrid_MI,hybrid,all_same,1024,2718,4032,6144,0.7747,True,False
Hybrid_MI,hybrid,all_same,1024,3141,4032,6144,0.7778,True,False
Hybrid_MI,hybrid,all_same,1024,9973,4032,6144,0.7909,True,False
Hybrid_MI,hybrid,all_same,1024,31337,4032,6144,0.7798,True,False
Hybrid_MI,hybrid,all_same,1024,65537,4032,6144,0.7639,True,False
Hybrid_QI,hybrid,all_same,1024,42,7041,3072,0.6095,True,False
Hybrid_QI,hybrid,all_same,1024,137,7041,3072,0.6018,True,False
Hybrid_QI,hybrid,all_same,1024,1618,7041,3072,0.6745,True,False
Hybrid_QI,hybrid,all_same,1024,2718,7041,3072,0.6092,True,False
Hybrid_QI,hybrid,all_same,1024,3141,7041,3072,0.6093,True,False
Hybrid_QI,hybrid,all_same,1024,9973,7041,3072,0.6436,True,False
Hybrid_QI,hybrid,all_same,1024,31337,7041,3072,0.6836,True,False
Hybrid_QI,hybrid,all_same,1024,65537,7041,3072,0.6016,True,False
Hybrid_RI,hybrid,all_same,1024,42,0,2048,0.2711,True,False
Hybrid_RI,hybrid,all_same,1024,137,0,2048,0.3044,True,False
Hybrid_RI,hybrid,all_same,1024,1618,0,2048,0.3061,True,False
Hybrid_RI,hybrid,all_same,1024,2718,0,2048,0.3031,True,False
Hybrid_RI,hybrid,all_same,1024,3141,0,2048,0.3019,True,False
Hybrid_RI,hybrid,all_same,1024,9973,0,2048,0.3003,True,False
Hybrid_RI,hybrid,all_same,1024,31337,0,2048,0.3073,True,False
Hybrid_RI,hybrid,all_same,1024,65537,0,2048,0.3057,True,False
Insertion,base,all_same,1024,42,1023,0,0.0925,True,False
Insertion,base,all_same,1024,137,1023,0,0.0938,True,False
Insertion,base,all_same,1024,1618,1023,0,0.0922,True,False
Insertion,base,all_same,1024,2718,1023,0,0.0933,True,False
Insertion,base,all_same,1024,3141,1023,0,0.0933,True,False
Insertion,base,all_same,1024,9973,1023,0,0.0916,True,False
Insertion,base,all_same,1024,31337,1023,0,0.0932,True,False
Insertion,base,all_same,1024,65537,1023,0,0.0941,True,False
Merge,base,all_same,1024,42,5120,10240,1.4131,True,False
Merge,base,all_same,1024,137,5120,10240,1.4058,True,False
Merge,base,all_same,1024,1618,5120,10240,1.4025,True,False
Merge,base,all_same,1024,2718,5120,10240,1.4024,True,False
Merge,base,all_same,1024,3141,5120,10240,1.4007,True,False
Merge,base,all_same,1024,9973,5120,10240,1.4241,True,False
Merge,base,all_same,1024,31337,5120,10240,1.4476,True,False
Merge,base,all_same,1024,65537,5120,10240,1.4328,True,False
Quick,base,all_same,1024,42,8707,4098,0.9258,True,False
Quick,base,all_same,1024,137,8707,4098,0.9214,True,False
Quick,base,all_same,1024,1618,8707,4098,0.938,True,False
Quick,base,all_same,1024,2718,8707,4098,0.916,True,False
Quick,base,all_same,1024,3141,8707,4098,0.9073,True,False
Quick,base,all_same,1024,9973,8707,4098,0.9116,True,False
Quick,base,all_same,1024,31337,8707,4098,0.9283,True,False
Quick,base,all_same,1024,65537,8707,4098,0.9141,True,False
Radix,base,all_same,1024,42,0,2048,0.2988,True,False
Radix,base,all_same,1024,137,0,2048,0.2966,True,False
Radix,base,all_same,1024,1618,0,2048,0.2988,True,False
Radix,base,all_same,1024,2718,0,2048,0.2996,True,False
Radix,base,all_same,1024,3141,0,2048,0.3011,True,False
Radix,base,all_same,1024,9973,0,2048,0.3,True,False
Radix,base,all_same,1024,31337,0,2048,0.2653,True,False
Radix,base,all_same,1024,65537,0,2048,0.2633,True,False
Selection,base,all_same,1024,42,,,,,True
Selection,base,all_same,1024,137,,,,,True
Selection,base,all_same,1024,1618,,,,,True
Selection,base,all_same,1024,2718,,,,,True
Selection,base,all_same,1024,3141,,,,,True
Selection,base,all_same,1024,9973,,,,,True
Selection,base,all_same,1024,31337,,,,,True
Selection,base,all_same,1024,65537,,,,,True
T_MHB,triplet,all_same,1024,42,4560,4088,0.5799,True,False
T_MHB,triplet,all_same,1024,137,4560,4088,0.6464,True,False
T_MHB,triplet,all_same,1024,1618,4560,4088,0.6369,True,False
T_MHB,triplet,all_same,1024,2718,4560,4088,0.6458,True,False
T_MHB,triplet,all_same,1024,3141,4560,4088,0.5966,True,False
T_MHB,triplet,all_same,1024,9973,4560,4088,0.5675,True,False
T_MHB,triplet,all_same,1024,31337,4560,4088,0.699,True,False
T_MHB,triplet,all_same,1024,65537,4560,4088,0.6563,True,False
T_MHI,triplet,all_same,1024,42,4560,4088,0.6599,True,False
T_MHI,triplet,all_same,1024,137,4560,4088,0.6729,True,False
T_MHI,triplet,all_same,1024,1618,4560,4088,0.6632,True,False
T_MHI,triplet,all_same,1024,2718,4560,4088,0.654,True,False
T_MHI,triplet,all_same,1024,3141,4560,4088,0.6418,True,False
T_MHI,triplet,all_same,1024,9973,4560,4088,0.654,True,False
T_MHI,triplet,all_same,1024,31337,4560,4088,0.6398,True,False
T_MHI,triplet,all_same,1024,65537,4560,4088,0.6525,True,False
T_MHS,triplet,all_same,1024,42,4560,4088,0.6559,True,False
T_MHS,triplet,all_same,1024,137,4560,4088,0.6382,True,False
T_MHS,triplet,all_same,1024,1618,4560,4088,0.6431,True,False
T_MHS,triplet,all_same,1024,2718,4560,4088,0.6413,True,False
T_MHS,triplet,all_same,1024,3141,4560,4088,0.657,True,False
T_MHS,triplet,all_same,1024,9973,4560,4088,0.6478,True,False
T_MHS,triplet,all_same,1024,31337,4560,4088,0.6453,True,False
T_MHS,triplet,all_same,1024,65537,4560,4088,0.5956,True,False
T_MIB,triplet,all_same,1024,42,2552,3072,0.3844,True,False
T_MIB,triplet,all_same,1024,137,2552,3072,0.4348,True,False
T_MIB,triplet,all_same,1024,1618,2552,3072,0.43,True,False
T_MIB,triplet,all_same,1024,2718,2552,3072,0.4306,True,False
T_MIB,triplet,all_same,1024,3141,2552,3072,0.4476,True,False
T_MIB,triplet,all_same,1024,9973,2552,3072,0.4389,True,False
T_MIB,triplet,all_same,1024,31337,2552,3072,0.4314,True,False
T_MIB,triplet,all_same,1024,65537,2552,3072,0.4285,True,False
T_MII,triplet,all_same,1024,42,2552,3072,0.4276,True,False
T_MII,triplet,all_same,1024,137,2552,3072,0.3839,True,False
T_MII,triplet,all_same,1024,1618,2552,3072,0.3822,True,False
T_MII,triplet,all_same,1024,2718,2552,3072,0.3846,True,False
T_MII,triplet,all_same,1024,3141,2552,3072,0.388,True,False
T_MII,triplet,all_same,1024,9973,2552,3072,0.4525,True,False
T_MII,triplet,all_same,1024,31337,2552,3072,0.5088,True,False
T_MII,triplet,all_same,1024,65537,2552,3072,0.4333,True,False
T_MIS,triplet,all_same,1024,42,2552,3072,0.4328,True,False
T_MIS,triplet,all_same,1024,137,2552,3072,0.4263,True,False
T_MIS,triplet,all_same,1024,1618,2552,3072,0.4527,True,False
T_MIS,triplet,all_same,1024,2718,2552,3072,0.4323,True,False
T_MIS,triplet,all_same,1024,3141,2552,3072,0.433,True,False
T_MIS,triplet,all_same,1024,9973,2552,3072,0.4318,True,False
T_MIS,triplet,all_same,1024,31337,2552,3072,0.4288,True,False
T_MIS,triplet,all_same,1024,65537,2552,3072,0.4354,True,False
T_MMB,triplet,all_same,1024,42,4032,6144,0.7535,True,False
T_MMB,triplet,all_same,1024,137,4032,6144,0.7541,True,False
T_MMB,triplet,all_same,1024,1618,4032,6144,0.7164,True,False
T_MMB,triplet,all_same,1024,2718,4032,6144,0.7503,True,False
T_MMB,triplet,all_same,1024,3141,4032,6144,0.7532,True,False
T_MMB,triplet,all_same,1024,9973,4032,6144,0.7527,True,False
T_MMB,triplet,all_same,1024,31337,4032,6144,0.7492,True,False
T_MMB,triplet,all_same,1024,65537,4032,6144,0.7592,True,False
T_MMI,triplet,all_same,1024,42,4032,6144,0.7812,True,False
T_MMI,triplet,all_same,1024,137,4032,6144,0.7842,True,False
T_MMI,triplet,all_same,1024,1618,4032,6144,0.7808,True,False
T_MMI,triplet,all_same,1024,2718,4032,6144,0.7023,True,False
T_MMI,triplet,all_same,1024,3141,4032,6144,0.7158,True,False
T_MMI,triplet,all_same,1024,9973,4032,6144,0.6981,True,False
T_MMI,triplet,all_same,1024,31337,4032,6144,0.7026,True,False
T_MMI,triplet,all_same,1024,65537,4032,6144,0.6965,True,False
T_MMS,triplet,all_same,1024,42,10752,6144,1.2014,True,False
T_MMS,triplet,all_same,1024,137,10752,6144,1.1072,True,False
T_MMS,triplet,all_same,1024,1618,10752,6144,1.0976,True,False
T_MMS,triplet,all_same,1024,2718,10752,6144,1.1052,True,False
T_MMS,triplet,all_same,1024,3141,10752,6144,1.165,True,False
T_MMS,triplet,all_same,1024,9973,10752,6144,1.0878,True,False
T_MMS,triplet,all_same,1024,31337,10752,6144,1.0732,True,False
T_MMS,triplet,all_same,1024,65537,10752,6144,1.2647,True,False
T_MQB,triplet,all_same,1024,42,5512,4608,0.6559,True,False
T_MQB,triplet,all_same,1024,137,5512,4608,0.6452,True,False
T_MQB,triplet,all_same,1024,1618,5512,4608,0.6493,True,False
T_MQB,triplet,all_same,1024,2718,5512,4608,0.6526,True,False
T_MQB,triplet,all_same,1024,3141,5512,4608,0.6543,True,False
T_MQB,triplet,all_same,1024,9973,5512,4608,0.6573,True,False
T_MQB,triplet,all_same,1024,31337,5512,4608,0.6468,True,False
T_MQB,triplet,all_same,1024,65537,5512,4608,0.6503,True,False
T_MQI,triplet,all_same,1024,42,5512,4608,0.6757,True,False
T_MQI,triplet,all_same,1024,137,5512,4608,0.6767,True,False
T_MQI,triplet,all_same,1024,1618,5512,4608,0.7102,True,False
T_MQI,triplet,all_same,1024,2718,5512,4608,0.6759,True,False
T_MQI,triplet,all_same,1024,3141,5512,4608,0.6759,True,False
T_MQI,triplet,all_same,1024,9973,5512,4608,0.6741,True,False
T_MQI,triplet,all_same,1024,31337,5512,4608,0.6743,True,False
T_MQI,triplet,all_same,1024,65537,5512,4608,0.6744,True,False
T_MQS,triplet,all_same,1024,42,11448,4608,1.0386,True,False
T_MQS,triplet,all_same,1024,137,11448,4608,1.0359,True,False
T_MQS,triplet,all_same,1024,1618,11448,4608,1.0314,True,False
T_MQS,triplet,all_same,1024,2718,11448,4608,1.0363,True,False
T_MQS,triplet,all_same,1024,3141,11448,4608,1.0452,True,False
T_MQS,triplet,all_same,1024,9973,11448,4608,1.0518,True,False
T_MQS,triplet,all_same,1024,31337,11448,4608,1.0631,True,False
T_MQS,triplet,all_same,1024,65537,11448,4608,1.1008,True,False
T_MRB,triplet,all_same,1024,42,1536,5120,0.588,True,False
T_MRB,triplet,all_same,1024,137,1536,5120,0.5804,True,False
T_MRB,triplet,all_same,1024,1618,1536,5120,0.5933,True,False
T_MRB,triplet,all_same,1024,2718,1536,5120,0.5903,True,False
T_MRB,triplet,all_same,1024,3141,1536,5120,0.5893,True,False
T_MRB,triplet,all_same,1024,9973,1536,5120,0.5804,True,False
T_MRB,triplet,all_same,1024,31337,1536,5120,0.5803,True,False
T_MRB,triplet,all_same,1024,65537,1536,5120,0.598,True,False
T_MRI,triplet,all_same,1024,42,1536,5120,0.5845,True,False
T_MRI,triplet,all_same,1024,137,1536,5120,0.579,True,False
T_MRI,triplet,all_same,1024,1618,1536,5120,0.5752,True,False
T_MRI,triplet,all_same,1024,2718,1536,5120,0.5904,True,False
T_MRI,triplet,all_same,1024,3141,1536,5120,0.5961,True,False
T_MRI,triplet,all_same,1024,9973,1536,5120,0.5694,True,False
T_MRI,triplet,all_same,1024,31337,1536,5120,0.5776,True,False
T_MRI,triplet,all_same,1024,65537,1536,5120,0.5652,True,False
T_MRS,triplet,all_same,1024,42,1536,5120,0.5673,True,False
T_MRS,triplet,all_same,1024,137,1536,5120,0.5782,True,False
T_MRS,triplet,all_same,1024,1618,1536,5120,0.5622,True,False
T_MRS,triplet,all_same,1024,2718,1536,5120,0.611,True,False
T_MRS,triplet,all_same,1024,3141,1536,5120,0.5695,True,False
T_MRS,triplet,all_same,1024,9973,1536,5120,0.6279,True,False
T_MRS,triplet,all_same,1024,31337,1536,5120,0.5817,True,False
T_MRS,triplet,all_same,1024,65537,1536,5120,0.5797,True,False
T_MSB,triplet,all_same,1024,42,66560,3072,4.1331,True,False
T_MSB,triplet,all_same,1024,137,66560,3072,3.7195,True,False
T_MSB,triplet,all_same,1024,1618,66560,3072,3.9161,True,False
T_MSB,triplet,all_same,1024,2718,66560,3072,3.9725,True,False
T_MSB,triplet,all_same,1024,3141,66560,3072,4.1163,True,False
T_MSB,triplet,all_same,1024,9973,66560,3072,4.1067,True,False
T_MSB,triplet,all_same,1024,31337,66560,3072,4.0886,True,False
T_MSB,triplet,all_same,1024,65537,66560,3072,3.634,True,False
T_MSI,triplet,all_same,1024,42,66560,3072,3.5853,True,False
T_MSI,triplet,all_same,1024,137,66560,3072,3.5864,True,False
T_MSI,triplet,all_same,1024,1618,66560,3072,3.7187,True,False
T_MSI,triplet,all_same,1024,2718,66560,3072,3.7215,True,False
T_MSI,triplet,all_same,1024,3141,66560,3072,3.6502,True,False
T_MSI,triplet,all_same,1024,9973,66560,3072,3.6734,True,False
T_MSI,triplet,all_same,1024,31337,66560,3072,3.6761,True,False
T_MSI,triplet,all_same,1024,65537,66560,3072,3.7992,True,False
T_MSS,triplet,all_same,1024,42,66560,3072,3.6449,True,False
T_MSS,triplet,all_same,1024,137,66560,3072,3.7258,True,False
T_MSS,triplet,all_same,1024,1618,66560,3072,3.916,True,False
T_MSS,triplet,all_same,1024,2718,66560,3072,4.114,True,False
T_MSS,triplet,all_same,1024,3141,66560,3072,3.657,True,False
T_MSS,triplet,all_same,1024,9973,66560,3072,3.7181,True,False
T_MSS,triplet,all_same,1024,31337,66560,3072,3.6545,True,False
T_MSS,triplet,all_same,1024,65537,66560,3072,3.6477,True,False
T_QHB,triplet,all_same,1024,42,6075,2545,0.5398,True,False
T_QHB,triplet,all_same,1024,137,6075,2545,0.5415,True,False
T_QHB,triplet,all_same,1024,1618,6075,2545,0.5425,True,False
T_QHB,triplet,all_same,1024,2718,6075,2545,0.5398,True,False
T_QHB,triplet,all_same,1024,3141,6075,2545,0.5537,True,False
T_QHB,triplet,all_same,1024,9973,6075,2545,0.5485,True,False
T_QHB,triplet,all_same,1024,31337,6075,2545,0.5513,True,False
T_QHB,triplet,all_same,1024,65537,6075,2545,0.5767,True,False
T_QHI,triplet,all_same,1024,42,6075,2545,0.5515,True,False
T_QHI,triplet,all_same,1024,137,6075,2545,0.5486,True,False
T_QHI,triplet,all_same,1024,1618,6075,2545,0.5536,True,False
T_QHI,triplet,all_same,1024,2718,6075,2545,0.5461,True,False
T_QHI,triplet,all_same,1024,3141,6075,2545,0.5494,True,False
T_QHI,triplet,all_same,1024,9973,6075,2545,0.5491,True,False
T_QHI,triplet,all_same,1024,31337,6075,2545,0.5626,True,False
T_QHI,triplet,all_same,1024,65537,6075,2545,0.5415,True,False
T_QHS,triplet,all_same,1024,42,6075,2545,0.5473,True,False
T_QHS,triplet,all_same,1024,137,6075,2545,0.5427,True,False
T_QHS,triplet,all_same,1024,1618,6075,2545,0.5433,True,False
T_QHS,triplet,all_same,1024,2718,6075,2545,0.5863,True,False
T_QHS,triplet,all_same,1024,3141,6075,2545,0.5687,True,False
T_QHS,triplet,all_same,1024,9973,6075,2545,0.5677,True,False
T_QHS,triplet,all_same,1024,31337,6075,2545,0.5453,True,False
T_QHS,triplet,all_same,1024,65537,6075,2545,0.5455,True,False
T_QIB,triplet,all_same,1024,42,4081,1536,0.4051,True,False
T_QIB,triplet,all_same,1024,137,4081,1536,0.3715,True,False
T_QIB,triplet,all_same,1024,1618,4081,1536,0.3711,True,False
T_QIB,triplet,all_same,1024,2718,4081,1536,0.3786,True,False
T_QIB,triplet,all_same,1024,3141,4081,1536,0.3679,True,False
T_QIB,triplet,all_same,1024,9973,4081,1536,0.3588,True,False
T_QIB,triplet,all_same,1024,31337,4081,1536,0.3627,True,False
T_QIB,triplet,all_same,1024,65537,4081,1536,0.3801,True,False
T_QII,triplet,all_same,1024,42,4081,1536,0.3783,True,False
T_QII,triplet,all_same,1024,137,4081,1536,0.3764,True,False
T_QII,triplet,all_same,1024,1618,4081,1536,0.393,True,False
T_QII,triplet,all_same,1024,2718,4081,1536,0.3636,True,False
T_QII,triplet,all_same,1024,3141,4081,1536,0.3651,True,False
T_QII,triplet,all_same,1024,9973,4081,1536,0.3634,True,False
T_QII,triplet,all_same,1024,31337,4081,1536,0.4201,True,False
T_QII,triplet,all_same,1024,65537,4081,1536,0.4094,True,False
T_QIS,triplet,all_same,1024,42,4081,1536,0.3825,True,False
T_QIS,triplet,all_same,1024,137,4081,1536,0.3807,True,False
T_QIS,triplet,all_same,1024,1618,4081,1536,0.3651,True,False
T_QIS,triplet,all_same,1024,2718,4081,1536,0.3673,True,False
T_QIS,triplet,all_same,1024,3141,4081,1536,0.403,True,False
T_QIS,triplet,all_same,1024,9973,4081,1536,0.4278,True,False
T_QIS,triplet,all_same,1024,31337,4081,1536,0.4211,True,False
T_QIS,triplet,all_same,1024,65537,4081,1536,0.4194,True,False
T_QMB,triplet,all_same,1024,42,5561,4587,0.7356,True,False
T_QMB,triplet,all_same,1024,137,5561,4587,0.7275,True,False
T_QMB,triplet,all_same,1024,1618,5561,4587,0.6535,True,False
T_QMB,triplet,all_same,1024,2718,5561,4587,0.6619,True,False
T_QMB,triplet,all_same,1024,3141,5561,4587,0.6537,True,False
T_QMB,triplet,all_same,1024,9973,5561,4587,0.6503,True,False
T_QMB,triplet,all_same,1024,31337,5561,4587,0.6568,True,False
T_QMB,triplet,all_same,1024,65537,5561,4587,0.65,True,False
T_QMI,triplet,all_same,1024,42,5561,4587,0.6772,True,False
T_QMI,triplet,all_same,1024,137,5561,4587,0.6731,True,False
T_QMI,triplet,all_same,1024,1618,5561,4587,0.6801,True,False
T_QMI,triplet,all_same,1024,2718,5561,4587,0.6745,True,False
T_QMI,triplet,all_same,1024,3141,5561,4587,0.683,True,False
T_QMI,triplet,all_same,1024,9973,5561,4587,0.6715,True,False
T_QMI,triplet,all_same,1024,31337,5561,4587,0.699,True,False
T_QMI,triplet,all_same,1024,65537,5561,4587,0.6802,True,False
T_QMS,triplet,all_same,1024,42,12183,4587,1.0678,True,False
T_QMS,triplet,all_same,1024,137,12183,4587,1.1965,True,False
T_QMS,triplet,all_same,1024,1618,12183,4587,1.0944,True,False
T_QMS,triplet,all_same,1024,2718,12183,4587,1.0749,True,False
T_QMS,triplet,all_same,1024,3141,12183,4587,1.0796,True,False
T_QMS,triplet,all_same,1024,9973,12183,4587,1.0678,True,False
T_QMS,triplet,all_same,1024,31337,12183,4587,1.0785,True,False
T_QMS,triplet,all_same,1024,65537,12183,4587,1.075,True,False
T_QQB,triplet,all_same,1024,42,7041,3072,0.6332,True,False
T_QQB,triplet,all_same,1024,137,7041,3072,0.6298,True,False
T_QQB,triplet,all_same,1024,1618,7041,3072,0.6312,True,False
T_QQB,triplet,all_same,1024,2718,7041,3072,0.7423,True,False
T_QQB,triplet,all_same,1024,3141,7041,3072,0.6323,True,False
T_QQB,triplet,all_same,1024,9973,7041,3072,0.6639,True,False
T_QQB,triplet,all_same,1024,31337,7041,3072,0.633,True,False
T_QQB,triplet,all_same,1024,65537,7041,3072,0.6389,True,False
T_QQI,triplet,all_same,1024,42,7041,3072,0.7488,True,False
T_QQI,triplet,all_same,1024,137,7041,3072,0.7321,True,False
T_QQI,triplet,all_same,1024,1618,7041,3072,0.7388,True,False
T_QQI,triplet,all_same,1024,2718,7041,3072,0.7288,True,False
T_QQI,triplet,all_same,1024,3141,7041,3072,0.7326,True,False
T_QQI,triplet,all_same,1024,9973,7041,3072,0.7387,True,False
T_QQI,triplet,all_same,1024,31337,7041,3072,0.7347,True,False
T_QQI,triplet,all_same,1024,65537,7041,3072,0.765,True,False
T_QQS,triplet,all_same,1024,42,12879,3072,1.1329,True,False
T_QQS,triplet,all_same,1024,137,12879,3072,1.1375,True,False
T_QQS,triplet,all_same,1024,1618,12879,3072,1.1256,True,False
T_QQS,triplet,all_same,1024,2718,12879,3072,1.1265,True,False
T_QQS,triplet,all_same,1024,3141,12879,3072,1.1248,True,False
T_QQS,triplet,all_same,1024,9973,12879,3072,1.1225,True,False
T_QQS,triplet,all_same,1024,31337,12879,3072,1.1595,True,False
T_QQS,triplet,all_same,1024,65537,12879,3072,1.1237,True,False
T_QRB,triplet,all_same,1024,42,3072,3570,0.6189,True,False
T_QRB,triplet,all_same,1024,137,3072,3570,0.6191,True,False
T_QRB,triplet,all_same,1024,1618,3072,3570,0.6193,True,False
T_QRB,triplet,all_same,1024,2718,3072,3570,0.6249,True,False
T_QRB,triplet,all_same,1024,3141,3072,3570,0.6283,True,False
T_QRB,triplet,all_same,1024,9973,3072,3570,0.6279,True,False
T_QRB,triplet,all_same,1024,31337,3072,3570,0.6147,True,False
T_QRB,triplet,all_same,1024,65537,3072,3570,0.6197,True,False
T_QRI,triplet,all_same,1024,42,3072,3570,0.6033,True,False
T_QRI,triplet,all_same,1024,137,3072,3570,0.7154,True,False
T_QRI,triplet,all_same,1024,1618,3072,3570,0.6219,True,False
T_QRI,triplet,all_same,1024,2718,3072,3570,0.6358,True,False
T_QRI,triplet,all_same,1024,3141,3072,3570,0.6214,True,False
T_QRI,triplet,all_same,1024,9973,3072,3570,0.6485,True,False
T_QRI,triplet,all_same,1024,31337,3072,3570,0.6244,True,False
T_QRI,triplet,all_same,1024,65537,3072,3570,0.5639,True,False
T_QRS,triplet,all_same,1024,42,3072,3570,0.5515,True,False
T_QRS,triplet,all_same,1024,137,3072,3570,0.5505,True,False
T_QRS,triplet,all_same,1024,1618,3072,3570,0.5495,True,False
T_QRS,triplet,all_same,1024,2718,3072,3570,0.5548,True,False
T_QRS,triplet,all_same,1024,3141,3072,3570,0.5611,True,False
T_QRS,triplet,all_same,1024,9973,3072,3570,0.5638,True,False
T_QRS,triplet,all_same,1024,31337,3072,3570,0.5566,True,False
T_QRS,triplet,all_same,1024,65537,3072,3570,0.5562,True,False
T_QSB,triplet,all_same,1024,42,67207,1536,3.6033,True,False
T_QSB,triplet,all_same,1024,137,67207,1536,3.9599,True,False
T_QSB,triplet,all_same,1024,1618,67207,1536,4.051,True,False
T_QSB,triplet,all_same,1024,2718,67207,1536,3.5882,True,False
T_QSB,triplet,all_same,1024,3141,67207,1536,3.6572,True,False
T_QSB,triplet,all_same,1024,9973,67207,1536,3.6375,True,False
T_QSB,triplet,all_same,1024,31337,67207,1536,3.8024,True,False
T_QSB,triplet,all_same,1024,65537,67207,1536,3.6061,True,False
T_QSI,triplet,all_same,1024,42,67207,1536,3.6155,True,False
T_QSI,triplet,all_same,1024,137,67207,1536,3.6178,True,False
T_QSI,triplet,all_same,1024,1618,67207,1536,3.6436,True,False
T_QSI,triplet,all_same,1024,2718,67207,1536,3.6241,True,False
T_QSI,triplet,all_same,1024,3141,67207,1536,3.6168,True,False
T_QSI,triplet,all_same,1024,9973,67207,1536,4.03,True,False
T_QSI,triplet,all_same,1024,31337,67207,1536,3.9901,True,False
T_QSI,triplet,all_same,1024,65537,67207,1536,4.0877,True,False
T_QSS,triplet,all_same,1024,42,67207,1536,4.0044,True,False
T_QSS,triplet,all_same,1024,137,67207,1536,3.6022,True,False
T_QSS,triplet,all_same,1024,1618,67207,1536,3.6998,True,False
T_QSS,triplet,all_same,1024,2718,67207,1536,3.6497,True,False
T_QSS,triplet,all_same,1024,3141,67207,1536,3.6065,True,False
T_QSS,triplet,all_same,1024,9973,67207,1536,3.6089,True,False
T_QSS,triplet,all_same,1024,31337,67207,1536,3.6876,True,False
T_QSS,triplet,all_same,1024,65537,67207,1536,4.037,True,False
TimCustom,base,all_same,1024,42,3552,5120,0.6905,True,False
TimCustom,base,all_same,1024,137,3552,5120,0.6668,True,False
TimCustom,base,all_same,1024,1618,3552,5120,0.6603,True,False
TimCustom,base,all_same,1024,2718,3552,5120,0.6467,True,False
TimCustom,base,all_same,1024,3141,3552,5120,0.6509,True,False
TimCustom,base,all_same,1024,9973,3552,5120,0.6499,True,False
TimCustom,base,all_same,1024,31337,3552,5120,0.6454,True,False
TimCustom,base,all_same,1024,65537,3552,5120,0.7099,True,False
Bubble,base,few_unique,1024,42,,,,,True
Bubble,base,few_unique,1024,137,,,,,True
Bubble,base,few_unique,1024,1618,,,,,True
Bubble,base,few_unique,1024,2718,,,,,True
Bubble,base,few_unique,1024,3141,,,,,True
Bubble,base,few_unique,1024,9973,,,,,True
Bubble,base,few_unique,1024,31337,,,,,True
Bubble,base,few_unique,1024,65537,,,,,True
Heap,base,few_unique,1024,42,14847,7617,1.286,True,False
Heap,base,few_unique,1024,137,14714,7526,1.2622,True,False
Heap,base,few_unique,1024,1618,14814,7561,1.2791,True,False
Heap,base,few_unique,1024,2718,14820,7592,1.2488,True,False
Heap,base,few_unique,1024,3141,14712,7512,1.2585,True,False
Heap,base,few_unique,1024,9973,14629,7461,1.2639,True,False
Heap,base,few_unique,1024,31337,14918,7653,1.252,True,False
Heap,base,few_unique,1024,65537,14659,7490,1.2369,True,False
Hybrid_Intro,hybrid,few_unique,1024,42,7954,2606,0.7661,True,False
Hybrid_Intro,hybrid,few_unique,1024,137,8083,2627,0.7705,True,False
Hybrid_Intro,hybrid,few_unique,1024,1618,7548,2591,0.7305,True,False
Hybrid_Intro,hybrid,few_unique,1024,2718,7687,2648,0.7498,True,False
Hybrid_Intro,hybrid,few_unique,1024,3141,7708,2652,0.7471,True,False
Hybrid_Intro,hybrid,few_unique,1024,9973,7920,2648,0.771,True,False
Hybrid_Intro,hybrid,few_unique,1024,31337,7657,2594,0.7428,True,False
Hybrid_Intro,hybrid,few_unique,1024,65537,7699,2596,0.7431,True,False
Hybrid_MI,hybrid,few_unique,1024,42,9510,6833,1.2168,True,False
Hybrid_MI,hybrid,few_unique,1024,137,9391,6820,1.1944,True,False
Hybrid_MI,hybrid,few_unique,1024,1618,9474,6815,1.2223,True,False
Hybrid_MI,hybrid,few_unique,1024,2718,9588,6839,1.2149,True,False
Hybrid_MI,hybrid,few_unique,1024,3141,9613,6848,1.2068,True,False
Hybrid_MI,hybrid,few_unique,1024,9973,9409,6849,1.081,True,False
Hybrid_MI,hybrid,few_unique,1024,31337,9451,6827,1.1024,True,False
Hybrid_MI,hybrid,few_unique,1024,65537,9681,6857,1.2527,True,False
Hybrid_QI,hybrid,few_unique,1024,42,7954,2606,0.7626,True,False
Hybrid_QI,hybrid,few_unique,1024,137,8083,2627,0.7659,True,False
Hybrid_QI,hybrid,few_unique,1024,1618,7548,2591,0.7372,True,False
Hybrid_QI,hybrid,few_unique,1024,2718,7687,2648,0.7453,True,False
Hybrid_QI,hybrid,few_unique,1024,3141,7708,2652,0.7483,True,False
Hybrid_QI,hybrid,few_unique,1024,9973,7920,2648,0.755,True,False
Hybrid_QI,hybrid,few_unique,1024,31337,7657,2594,0.7506,True,False
Hybrid_QI,hybrid,few_unique,1024,65537,7699,2596,0.7536,True,False
Hybrid_RI,hybrid,few_unique,1024,42,0,1024,0.1673,True,False
Hybrid_RI,hybrid,few_unique,1024,137,0,1024,0.1636,True,False
Hybrid_RI,hybrid,few_unique,1024,1618,0,1024,0.166,True,False
Hybrid_RI,hybrid,few_unique,1024,2718,0,1024,0.168,True,False
Hybrid_RI,hybrid,few_unique,1024,3141,0,1024,0.1661,True,False
Hybrid_RI,hybrid,few_unique,1024,9973,0,1024,0.1674,True,False
Hybrid_RI,hybrid,few_unique,1024,31337,0,1024,0.1644,True,False
Hybrid_RI,hybrid,few_unique,1024,65537,0,1024,0.1645,True,False
Insertion,base,few_unique,1024,42,199173,198967,14.9687,True,False
Insertion,base,few_unique,1024,137,212014,211807,16.0106,True,False
Insertion,base,few_unique,1024,1618,218606,218380,16.1387,True,False
Insertion,base,few_unique,1024,2718,200843,200639,14.334,True,False
Insertion,base,few_unique,1024,3141,214532,214336,14.8311,True,False
Insertion,base,few_unique,1024,9973,211631,211441,15.8482,True,False
Insertion,base,few_unique,1024,31337,210393,210190,15.705,True,False
Insertion,base,few_unique,1024,65537,219473,219300,14.7569,True,False
Merge,base,few_unique,1024,42,8410,10240,1.4508,True,False
Merge,base,few_unique,1024,137,8395,10240,1.4366,True,False
Merge,base,few_unique,1024,1618,8316,10240,1.5299,True,False
Merge,base,few_unique,1024,2718,8372,10240,1.6165,True,False
Merge,base,few_unique,1024,3141,8455,10240,1.6194,True,False
Merge,base,few_unique,1024,9973,8413,10240,1.6134,True,False
Merge,base,few_unique,1024,31337,8384,10240,1.6135,True,False
Merge,base,few_unique,1024,65537,8506,10240,1.6149,True,False
Quick,base,few_unique,1024,42,9320,3558,0.8689,True,False
Quick,base,few_unique,1024,137,9453,3564,0.8791,True,False
Quick,base,few_unique,1024,1618,8958,3561,0.8642,True,False
Quick,base,few_unique,1024,2718,9047,3584,0.8919,True,False
Quick,base,few_unique,1024,3141,9068,3590,0.954,True,False
Quick,base,few_unique,1024,9973,9165,3566,0.9679,True,False
Quick,base,few_unique,1024,31337,9035,3532,0.9457,True,False
Quick,base,few_unique,1024,65537,9073,3545,0.8983,True,False
Radix,base,few_unique,1024,42,0,1024,0.1413,True,False
Radix,base,few_unique,1024,137,0,1024,0.1491,True,False
Radix,base,few_unique,1024,1618,0,1024,0.1565,True,False
Radix,base,few_unique,1024,2718,0,1024,0.1563,True,False
Radix,base,few_unique,1024,3141,0,1024,0.1423,True,False
Radix,base,few_unique,1024,9973,0,1024,0.1434,True,False
Radix,base,few_unique,1024,31337,0,1024,0.145,True,False
Radix,base,few_unique,1024,65537,0,1024,0.1558,True,False
Selection,base,few_unique,1024,42,,,,,True
Selection,base,few_unique,1024,137,,,,,True
Selection,base,few_unique,1024,1618,,,,,True
Selection,base,few_unique,1024,2718,,,,,True
Selection,base,few_unique,1024,3141,,,,,True
Selection,base,few_unique,1024,9973,,,,,True
Selection,base,few_unique,1024,31337,,,,,True
Selection,base,few_unique,1024,65537,,,,,True
T_MHB,triplet,few_unique,1024,42,12806,8334,1.343,True,False
T_MHB,triplet,few_unique,1024,137,12770,8266,1.4637,True,False
T_MHB,triplet,few_unique,1024,1618,12733,8300,1.4708,True,False
T_MHB,triplet,few_unique,1024,2718,12635,8203,1.4747,True,False
T_MHB,triplet,few_unique,1024,3141,12638,8177,1.4708,True,False
T_MHB,triplet,few_unique,1024,9973,12669,8216,1.4938,True,False
T_MHB,triplet,few_unique,1024,31337,12821,8328,1.5071,True,False
T_MHB,triplet,few_unique,1024,65537,12762,8231,1.4842,True,False
T_MHI,triplet,few_unique,1024,42,12806,8334,1.4956,True,False
T_MHI,triplet,few_unique,1024,137,12770,8266,1.3274,True,False
T_MHI,triplet,few_unique,1024,1618,12733,8300,1.3084,True,False
T_MHI,triplet,few_unique,1024,2718,12635,8203,1.3062,True,False
T_MHI,triplet,few_unique,1024,3141,12638,8177,1.2993,True,False
T_MHI,triplet,few_unique,1024,9973,12669,8216,1.3476,True,False
T_MHI,triplet,few_unique,1024,31337,12821,8328,1.3296,True,False
T_MHI,triplet,few_unique,1024,65537,12762,8231,1.301,True,False
T_MHS,triplet,few_unique,1024,42,12806,8334,1.4748,True,False
T_MHS,triplet,few_unique,1024,137,12770,8266,1.3413,True,False
T_MHS,triplet,few_unique,1024,1618,12733,8300,1.3029,True,False
T_MHS,triplet,few_unique,1024,2718,12635,8203,1.3084,True,False
T_MHS,triplet,few_unique,1024,3141,12638,8177,1.3082,True,False
T_MHS,triplet,few_unique,1024,9973,12669,8216,1.3048,True,False
T_MHS,triplet,few_unique,1024,31337,12821,8328,1.3153,True,False
T_MHS,triplet,few_unique,1024,65537,12762,8231,1.3264,True,False
T_MIB,triplet,few_unique,1024,42,28285,27581,2.9763,True,False
T_MIB,triplet,few_unique,1024,137,29737,29032,3.0201,True,False
T_MIB,triplet,few_unique,1024,1618,29024,28338,2.9233,True,False
T_MIB,triplet,few_unique,1024,2718,29369,28690,3.0436,True,False
T_MIB,triplet,few_unique,1024,3141,29673,28959,3.0773,True,False
T_MIB,triplet,few_unique,1024,9973,29367,28662,3.0302,True,False
T_MIB,triplet,few_unique,1024,31337,29282,28587,2.9844,True,False
T_MIB,triplet,few_unique,1024,65537,29615,28851,3.357,True,False
T_MII,triplet,few_unique,1024,42,28285,27581,3.235,True,False
T_MII,triplet,few_unique,1024,137,29737,29032,3.3655,True,False
T_MII,triplet,few_unique,1024,1618,29024,28338,3.3387,True,False
T_MII,triplet,few_unique,1024,2718,29369,28690,3.3749,True,False
T_MII,triplet,few_unique,1024,3141,29673,28959,3.3919,True,False
T_MII,triplet,few_unique,1024,9973,29367,28662,3.3667,True,False
T_MII,triplet,few_unique,1024,31337,29282,28587,3.3418,True,False
T_MII,triplet,few_unique,1024,65537,29615,28851,3.3927,True,False
T_MIS,triplet,few_unique,1024,42,28285,27581,3.2487,True,False
T_MIS,triplet,few_unique,1024,137,29737,29032,3.4213,True,False
T_MIS,triplet,few_unique,1024,1618,29024,28338,2.9749,True,False
T_MIS,triplet,few_unique,1024,2718,29369,28690,3.0054,True,False
T_MIS,triplet,few_unique,1024,3141,29673,28959,3.002,True,False
T_MIS,triplet,few_unique,1024,9973,29367,28662,2.9965,True,False
T_MIS,triplet,few_unique,1024,31337,29282,28587,3.1089,True,False
T_MIS,triplet,few_unique,1024,65537,29615,28851,2.9803,True,False
T_MMB,triplet,few_unique,1024,42,12494,9254,1.4823,True,False
T_MMB,triplet,few_unique,1024,137,12389,9121,1.4389,True,False
T_MMB,triplet,few_unique,1024,1618,12428,9290,1.4545,True,False
T_MMB,triplet,few_unique,1024,2718,12470,9373,1.4604,True,False
T_MMB,triplet,few_unique,1024,3141,12491,9316,1.4607,True,False
T_MMB,triplet,few_unique,1024,9973,12404,9127,1.4375,True,False
T_MMB,triplet,few_unique,1024,31337,12482,9199,1.4469,True,False
T_MMB,triplet,few_unique,1024,65537,12532,9332,1.5816,True,False
T_MMI,triplet,few_unique,1024,42,9510,9254,1.2295,True,False
T_MMI,triplet,few_unique,1024,137,9391,9121,1.1415,True,False
T_MMI,triplet,few_unique,1024,1618,9474,9290,1.2746,True,False
T_MMI,triplet,few_unique,1024,2718,9588,9373,1.3066,True,False
T_MMI,triplet,few_unique,1024,3141,9613,9316,1.2995,True,False
T_MMI,triplet,few_unique,1024,9973,9409,9127,1.1986,True,False
T_MMI,triplet,few_unique,1024,31337,9451,9199,1.5501,True,False
T_MMI,triplet,few_unique,1024,65537,9681,9332,1.5501,True,False
T_MMS,triplet,few_unique,1024,42,13201,6842,1.6836,True,False
T_MMS,triplet,few_unique,1024,137,13207,6812,1.7317,True,False
T_MMS,triplet,few_unique,1024,1618,13140,6817,1.6328,True,False
T_MMS,triplet,few_unique,1024,2718,13171,6844,1.771,True,False
T_MMS,triplet,few_unique,1024,3141,13235,6834,1.9325,True,False
T_MMS,triplet,few_unique,1024,9973,13228,6820,1.7463,True,False
T_MMS,triplet,few_unique,1024,31337,13201,6826,1.7249,True,False
T_MMS,triplet,few_unique,1024,65537,13293,6849,1.6308,True,False
T_MQB,triplet,few_unique,1024,42,8855,4869,1.2103,True,False
T_MQB,triplet,few_unique,1024,137,8820,4893,1.1775,True,False
T_MQB,triplet,few_unique,1024,1618,8473,4848,1.1341,True,False
T_MQB,triplet,few_unique,1024,2718,8714,4885,1.2042,True,False
T_MQB,triplet,few_unique,1024,3141,8823,4883,1.2278,True,False
T_MQB,triplet,few_unique,1024,9973,8905,4868,1.2296,True,False
T_MQB,triplet,few_unique,1024,31337,8623,4734,1.1972,True,False
T_MQB,triplet,few_unique,1024,65537,8744,4830,1.173,True,False
T_MQI,triplet,few_unique,1024,42,8067,4869,1.1888,True,False
T_MQI,triplet,few_unique,1024,137,7972,4893,1.0987,True,False
T_MQI,triplet,few_unique,1024,1618,7889,4848,1.0661,True,False
T_MQI,triplet,few_unique,1024,2718,8001,4885,1.1175,True,False
T_MQI,triplet,few_unique,1024,3141,7887,4883,1.1218,True,False
T_MQI,triplet,few_unique,1024,9973,7993,4868,1.1378,True,False
T_MQI,triplet,few_unique,1024,31337,7950,4734,0.9601,True,False
T_MQI,triplet,few_unique,1024,65537,7903,4830,0.9798,True,False
T_MQS,triplet,few_unique,1024,42,11496,4522,1.2143,True,False
T_MQS,triplet,few_unique,1024,137,11305,4556,1.2682,True,False
T_MQS,triplet,few_unique,1024,1618,11384,4557,1.2185,True,False
T_MQS,triplet,few_unique,1024,2718,11454,4532,1.268,True,False
T_MQS,triplet,few_unique,1024,3141,11478,4521,1.1338,True,False
T_MQS,triplet,few_unique,1024,9973,11566,4536,1.1018,True,False
T_MQS,triplet,few_unique,1024,31337,11415,4503,1.0918,True,False
T_MQS,triplet,few_unique,1024,65537,11465,4515,1.2076,True,False
T_MRB,triplet,few_unique,1024,42,2765,4096,0.5646,True,False
T_MRB,triplet,few_unique,1024,137,2774,4096,0.5235,True,False
T_MRB,triplet,few_unique,1024,1618,2751,4096,0.5151,True,False
T_MRB,triplet,few_unique,1024,2718,2747,4096,0.5351,True,False
T_MRB,triplet,few_unique,1024,3141,2783,4096,0.5117,True,False
T_MRB,triplet,few_unique,1024,9973,2773,4096,0.5153,True,False
T_MRB,triplet,few_unique,1024,31337,2764,4096,0.546,True,False
T_MRB,triplet,few_unique,1024,65537,2828,4096,0.5746,True,False
T_MRI,triplet,few_unique,1024,42,2765,4096,0.5765,True,False
T_MRI,triplet,few_unique,1024,137,2774,4096,0.5784,True,False
T_MRI,triplet,few_unique,1024,1618,2751,4096,0.5728,True,False
T_MRI,triplet,few_unique,1024,2718,2747,4096,0.5712,True,False
T_MRI,triplet,few_unique,1024,3141,2783,4096,0.5749,True,False
T_MRI,triplet,few_unique,1024,9973,2773,4096,0.5763,True,False
T_MRI,triplet,few_unique,1024,31337,2764,4096,0.5733,True,False
T_MRI,triplet,few_unique,1024,65537,2828,4096,0.5796,True,False
T_MRS,triplet,few_unique,1024,42,2765,4096,0.5769,True,False
T_MRS,triplet,few_unique,1024,137,2774,4096,0.5744,True,False
T_MRS,triplet,few_unique,1024,1618,2751,4096,0.5772,True,False
T_MRS,triplet,few_unique,1024,2718,2747,4096,0.5185,True,False
T_MRS,triplet,few_unique,1024,3141,2783,4096,0.5377,True,False
T_MRS,triplet,few_unique,1024,9973,2773,4096,0.5142,True,False
T_MRS,triplet,few_unique,1024,31337,2764,4096,0.5163,True,False
T_MRS,triplet,few_unique,1024,65537,2828,4096,0.5144,True,False
T_MSB,triplet,few_unique,1024,42,67789,3868,3.9624,True,False
T_MSB,triplet,few_unique,1024,137,67798,3879,3.9276,True,False
T_MSB,triplet,few_unique,1024,1618,67775,3849,3.9742,True,False
T_MSB,triplet,few_unique,1024,2718,67771,3873,4.0348,True,False
T_MSB,triplet,few_unique,1024,3141,67807,3894,4.0876,True,False
T_MSB,triplet,few_unique,1024,9973,67797,3890,4.2479,True,False
T_MSB,triplet,few_unique,1024,31337,67788,3870,3.9344,True,False
T_MSB,triplet,few_unique,1024,65537,67852,3908,3.9387,True,False
T_MSI,triplet,few_unique,1024,42,67789,3868,3.9719,True,False
T_MSI,triplet,few_unique,1024,137,67798,3879,3.9819,True,False
T_MSI,triplet,few_unique,1024,1618,67775,3849,4.0004,True,False
T_MSI,triplet,few_unique,1024,2718,67771,3873,4.0686,True,False
T_MSI,triplet,few_unique,1024,3141,67807,3894,4.0026,True,False
T_MSI,triplet,few_unique,1024,9973,67797,3890,3.9481,True,False
T_MSI,triplet,few_unique,1024,31337,67788,3870,3.9464,True,False
T_MSI,triplet,few_unique,1024,65537,67852,3908,4.0302,True,False
T_MSS,triplet,few_unique,1024,42,67789,3868,3.9945,True,False
T_MSS,triplet,few_unique,1024,137,67798,3879,4.106,True,False
T_MSS,triplet,few_unique,1024,1618,67775,3849,4.4173,True,False
T_MSS,triplet,few_unique,1024,2718,67771,3873,4.0241,True,False
T_MSS,triplet,few_unique,1024,3141,67807,3894,4.462,True,False
T_MSS,triplet,few_unique,1024,9973,67797,3890,4.0848,True,False
T_MSS,triplet,few_unique,1024,31337,67788,3870,4.0788,True,False
T_MSS,triplet,few_unique,1024,65537,67852,3908,4.1787,True,False
T_QHB,triplet,few_unique,1024,42,8102,2828,0.7143,True,False
T_QHB,triplet,few_unique,1024,137,8014,2669,0.7251,True,False
T_QHB,triplet,few_unique,1024,1618,7833,2885,0.714,True,False
T_QHB,triplet,few_unique,1024,2718,7944,2944,0.7524,True,False
T_QHB,triplet,few_unique,1024,3141,8166,3059,0.8526,True,False
T_QHB,triplet,few_unique,1024,9973,8349,3073,0.855,True,False
T_QHB,triplet,few_unique,1024,31337,8354,3112,0.8842,True,False
T_QHB,triplet,few_unique,1024,65537,8024,2986,0.814,True,False
T_QHI,triplet,few_unique,1024,42,8102,2828,0.8266,True,False
T_QHI,triplet,few_unique,1024,137,8014,2669,0.8243,True,False
T_QHI,triplet,few_unique,1024,1618,7833,2885,0.8197,True,False
T_QHI,triplet,few_unique,1024,2718,7944,2944,0.7603,True,False
T_QHI,triplet,few_unique,1024,3141,8166,3059,0.7524,True,False
T_QHI,triplet,few_unique,1024,9973,8349,3073,0.7986,True,False
T_QHI,triplet,few_unique,1024,31337,8354,3112,0.7764,True,False
T_QHI,triplet,few_unique,1024,65537,8024,2986,0.745,True,False
T_QHS,triplet,few_unique,1024,42,8102,2828,0.7229,True,False
T_QHS,triplet,few_unique,1024,137,8014,2669,0.7347,True,False
T_QHS,triplet,few_unique,1024,1618,7833,2885,0.7372,True,False
T_QHS,triplet,few_unique,1024,2718,7944,2944,0.7446,True,False
T_QHS,triplet,few_unique,1024,3141,8166,3059,0.7377,True,False
T_QHS,triplet,few_unique,1024,9973,8349,3073,0.7502,True,False
T_QHS,triplet,few_unique,1024,31337,8354,3112,0.8161,True,False
T_QHS,triplet,few_unique,1024,65537,8024,2986,0.738,True,False
T_QIB,triplet,few_unique,1024,42,9815,6020,0.896,True,False
T_QIB,triplet,few_unique,1024,137,7639,3545,0.6793,True,False
T_QIB,triplet,few_unique,1024,1618,8613,5029,0.7901,True,False
T_QIB,triplet,few_unique,1024,2718,9683,6178,0.9013,True,False
T_QIB,triplet,few_unique,1024,3141,10283,6760,1.0398,True,False
T_QIB,triplet,few_unique,1024,9973,9687,5949,0.8963,True,False
T_QIB,triplet,few_unique,1024,31337,8746,4972,0.8111,True,False
T_QIB,triplet,few_unique,1024,65537,9213,5668,0.8841,True,False
T_QII,triplet,few_unique,1024,42,9815,6020,1.006,True,False
T_QII,triplet,few_unique,1024,137,7639,3545,0.7878,True,False
T_QII,triplet,few_unique,1024,1618,8613,5029,0.8929,True,False
T_QII,triplet,few_unique,1024,2718,9683,6178,1.0379,True,False
T_QII,triplet,few_unique,1024,3141,10283,6760,0.9894,True,False
T_QII,triplet,few_unique,1024,9973,9687,5949,0.8984,True,False
T_QII,triplet,few_unique,1024,31337,8746,4972,0.8063,True,False
T_QII,triplet,few_unique,1024,65537,9213,5668,0.8697,True,False
T_QIS,triplet,few_unique,1024,42,9815,6020,0.8913,True,False
T_QIS,triplet,few_unique,1024,137,7639,3545,0.6815,True,False
T_QIS,triplet,few_unique,1024,1618,8613,5029,0.8182,True,False
T_QIS,triplet,few_unique,1024,2718,9683,6178,1.0564,True,False
T_QIS,triplet,few_unique,1024,3141,10283,6760,0.9722,True,False
T_QIS,triplet,few_unique,1024,9973,9687,5949,0.899,True,False
T_QIS,triplet,few_unique,1024,31337,8746,4972,0.8073,True,False
T_QIS,triplet,few_unique,1024,65537,9213,5668,0.8672,True,False
T_QMB,triplet,few_unique,1024,42,8274,4780,0.8908,True,False
T_QMB,triplet,few_unique,1024,137,7750,4382,0.8313,True,False
T_QMB,triplet,few_unique,1024,1618,7354,4439,0.8045,True,False
T_QMB,triplet,few_unique,1024,2718,7957,4776,0.8624,True,False
T_QMB,triplet,few_unique,1024,3141,8234,4826,0.8915,True,False
T_QMB,triplet,few_unique,1024,9973,8250,4768,0.8824,True,False
T_QMB,triplet,few_unique,1024,31337,7713,4563,0.859,True,False
T_QMB,triplet,few_unique,1024,65537,7706,4513,0.828,True,False
T_QMI,triplet,few_unique,1024,42,7322,4780,0.8199,True,False
T_QMI,triplet,few_unique,1024,137,7239,4382,0.8168,True,False
T_QMI,triplet,few_unique,1024,1618,6900,4439,0.7799,True,False
T_QMI,triplet,few_unique,1024,2718,7105,4776,0.8044,True,False
T_QMI,triplet,few_unique,1024,3141,7112,4826,0.8091,True,False
T_QMI,triplet,few_unique,1024,9973,7262,4768,0.8296,True,False
T_QMI,triplet,few_unique,1024,31337,7092,4563,0.808,True,False
T_QMI,triplet,few_unique,1024,65537,6898,4513,0.7974,True,False
T_QMS,triplet,few_unique,1024,42,12104,4337,1.1536,True,False
T_QMS,triplet,few_unique,1024,137,11688,4200,1.2226,True,False
T_QMS,triplet,few_unique,1024,1618,11710,4176,1.2059,True,False
T_QMS,triplet,few_unique,1024,2718,11817,4342,1.0859,True,False
T_QMS,triplet,few_unique,1024,3141,11729,4327,1.185,True,False
T_QMS,triplet,few_unique,1024,9973,11377,4355,1.0718,True,False
T_QMS,triplet,few_unique,1024,31337,11119,4245,1.0555,True,False
T_QMS,triplet,few_unique,1024,65537,12076,4147,1.1211,True,False
T_QQB,triplet,few_unique,1024,42,8037,2670,0.7099,True,False
T_QQB,triplet,few_unique,1024,137,8116,2645,0.6992,True,False
T_QQB,triplet,few_unique,1024,1618,7633,2679,0.6821,True,False
T_QQB,triplet,few_unique,1024,2718,7794,2694,0.7177,True,False
T_QQB,triplet,few_unique,1024,3141,7737,2702,0.7539,True,False
T_QQB,triplet,few_unique,1024,9973,8004,2751,0.8062,True,False
T_QQB,triplet,few_unique,1024,31337,7748,2644,0.7703,True,False
T_QQB,triplet,few_unique,1024,65537,7787,2661,0.7086,True,False
T_QQI,triplet,few_unique,1024,42,7954,2670,0.7319,True,False
T_QQI,triplet,few_unique,1024,137,8083,2645,0.7586,True,False
T_QQI,triplet,few_unique,1024,1618,7548,2679,0.7103,True,False
T_QQI,triplet,few_unique,1024,2718,7687,2694,0.7176,True,False
T_QQI,triplet,few_unique,1024,3141,7708,2702,0.7212,True,False
T_QQI,triplet,few_unique,1024,9973,7920,2751,0.7369,True,False
T_QQI,triplet,few_unique,1024,31337,7657,2644,0.7867,True,False
T_QQI,triplet,few_unique,1024,65537,7699,2661,0.6998,True,False
T_QQS,triplet,few_unique,1024,42,12268,2631,1.0122,True,False
T_QQS,triplet,few_unique,1024,137,12133,2633,1.0049,True,False
T_QQS,triplet,few_unique,1024,1618,12266,2614,1.0559,True,False
T_QQS,triplet,few_unique,1024,2718,11957,2670,0.9856,True,False
T_QQS,triplet,few_unique,1024,3141,11913,2672,1.0396,True,False
T_QQS,triplet,few_unique,1024,9973,11843,2674,1.0311,True,False
T_QQS,triplet,few_unique,1024,31337,12279,2613,1.0622,True,False
T_QQS,triplet,few_unique,1024,65537,12237,2617,1.0075,True,False
T_QRB,triplet,few_unique,1024,42,3926,2025,0.4668,True,False
T_QRB,triplet,few_unique,1024,137,4353,2071,0.4838,True,False
T_QRB,triplet,few_unique,1024,1618,3926,2231,0.4793,True,False
T_QRB,triplet,few_unique,1024,2718,3736,2120,0.4558,True,False
T_QRB,triplet,few_unique,1024,3141,3747,2061,0.4806,True,False
T_QRB,triplet,few_unique,1024,9973,4009,2130,0.4702,True,False
T_QRB,triplet,few_unique,1024,31337,4176,2278,0.4944,True,False
T_QRB,triplet,few_unique,1024,65537,3802,2087,0.4681,True,False
T_QRI,triplet,few_unique,1024,42,3926,2025,0.4563,True,False
T_QRI,triplet,few_unique,1024,137,4353,2071,0.4856,True,False
T_QRI,triplet,few_unique,1024,1618,3926,2231,0.4779,True,False
T_QRI,triplet,few_unique,1024,2718,3736,2120,0.4697,True,False
T_QRI,triplet,few_unique,1024,3141,3747,2061,0.4493,True,False
T_QRI,triplet,few_unique,1024,9973,4009,2130,0.468,True,False
T_QRI,triplet,few_unique,1024,31337,4176,2278,0.4946,True,False
T_QRI,triplet,few_unique,1024,65537,3802,2087,0.4591,True,False
T_QRS,triplet,few_unique,1024,42,3926,2025,0.462,True,False
T_QRS,triplet,few_unique,1024,137,4353,2071,0.4906,True,False
T_QRS,triplet,few_unique,1024,1618,3926,2231,0.4817,True,False
T_QRS,triplet,few_unique,1024,2718,3736,2120,0.4644,True,False
T_QRS,triplet,few_unique,1024,3141,3747,2061,0.4499,True,False
T_QRS,triplet,few_unique,1024,9973,4009,2130,0.4696,True,False
T_QRS,triplet,few_unique,1024,31337,4176,2278,0.505,True,False
T_QRS,triplet,few_unique,1024,65537,3802,2087,0.4576,True,False
T_QSB,triplet,few_unique,1024,42,57461,1346,3.2479,True,False
T_QSB,triplet,few_unique,1024,137,47909,1408,2.9617,True,False
T_QSB,triplet,few_unique,1024,1618,46783,1526,2.959,True,False
T_QSB,triplet,few_unique,1024,2718,53734,1465,3.2993,True,False
T_QSB,triplet,few_unique,1024,3141,54222,1421,3.3527,True,False
T_QSB,triplet,few_unique,1024,9973,49257,1454,2.796,True,False
T_QSB,triplet,few_unique,1024,31337,41184,1530,2.368,True,False
T_QSB,triplet,few_unique,1024,65537,51717,1445,2.9534,True,False
T_QSI,triplet,few_unique,1024,42,57461,1346,3.1777,True,False
T_QSI,triplet,few_unique,1024,137,47909,1408,2.7961,True,False
T_QSI,triplet,few_unique,1024,1618,46783,1526,2.6746,True,False
T_QSI,triplet,few_unique,1024,2718,53734,1465,2.9791,True,False
T_QSI,triplet,few_unique,1024,3141,54222,1421,3.227,True,False
T_QSI,triplet,few_unique,1024,9973,49257,1454,3.1457,True,False
T_QSI,triplet,few_unique,1024,31337,41184,1530,2.4223,True,False
T_QSI,triplet,few_unique,1024,65537,51717,1445,2.9099,True,False
T_QSS,triplet,few_unique,1024,42,57461,1346,3.4999,True,False
T_QSS,triplet,few_unique,1024,137,47909,1408,2.8587,True,False
T_QSS,triplet,few_unique,1024,1618,46783,1526,2.9106,True,False
T_QSS,triplet,few_unique,1024,2718,53734,1465,3.0087,True,False
T_QSS,triplet,few_unique,1024,3141,54222,1421,3.0782,True,False
T_QSS,triplet,few_unique,1024,9973,49257,1454,2.8589,True,False
T_QSS,triplet,few_unique,1024,31337,41184,1530,2.6576,True,False
T_QSS,triplet,few_unique,1024,65537,51717,1445,3.2566,True,False
TimCustom,base,few_unique,1024,42,11787,12095,1.4702,True,False
TimCustom,base,few_unique,1024,137,12111,12403,1.4891,True,False
TimCustom,base,few_unique,1024,1618,11693,12028,1.4486,True,False
TimCustom,base,few_unique,1024,2718,11926,12256,1.459,True,False
TimCustom,base,few_unique,1024,3141,11874,12148,1.3953,True,False
TimCustom,base,few_unique,1024,9973,11671,11969,1.4252,True,False
TimCustom,base,few_unique,1024,31337,11971,12278,1.407,True,False
TimCustom,base,few_unique,1024,65537,11947,12177,1.2961,True,False
Bubble,base,interleaved,1024,42,,,,,True
Bubble,base,interleaved,1024,137,,,,,True
Bubble,base,interleaved,1024,1618,,,,,True
Bubble,base,interleaved,1024,2718,,,,,True
Bubble,base,interleaved,1024,3141,,,,,True
Bubble,base,interleaved,1024,9973,,,,,True
Bubble,base,interleaved,1024,31337,,,,,True
Bubble,base,interleaved,1024,65537,,,,,True
Heap,base,interleaved,1024,42,18060,9968,1.4645,True,False
Heap,base,interleaved,1024,137,18060,9968,1.4231,True,False
Heap,base,interleaved,1024,1618,18060,9968,1.4157,True,False
Heap,base,interleaved,1024,2718,18060,9968,1.4256,True,False
Heap,base,interleaved,1024,3141,18060,9968,1.4958,True,False
Heap,base,interleaved,1024,9973,18060,9968,1.4461,True,False
Heap,base,interleaved,1024,31337,18060,9968,1.4187,True,False
Heap,base,interleaved,1024,65537,18060,9968,1.424,True,False
Hybrid_Intro,hybrid,interleaved,1024,42,7047,126,0.4733,True,False
Hybrid_Intro,hybrid,interleaved,1024,137,7047,126,0.4771,True,False
Hybrid_Intro,hybrid,interleaved,1024,1618,7047,126,0.4844,True,False
Hybrid_Intro,hybrid,interleaved,1024,2718,7047,126,0.4678,True,False
Hybrid_Intro,hybrid,interleaved,1024,3141,7047,126,0.465,True,False
Hybrid_Intro,hybrid,interleaved,1024,9973,7047,126,0.4724,True,False
Hybrid_Intro,hybrid,interleaved,1024,31337,7047,126,0.4807,True,False
Hybrid_Intro,hybrid,interleaved,1024,65537,7047,126,0.4769,True,False
Hybrid_MI,hybrid,interleaved,1024,42,4032,6144,0.7197,True,False
Hybrid_MI,hybrid,interleaved,1024,137,4032,6144,0.7259,True,False
Hybrid_MI,hybrid,interleaved,1024,1618,4032,6144,0.7083,True,False
Hybrid_MI,hybrid,interleaved,1024,2718,4032,6144,0.7012,True,False
Hybrid_MI,hybrid,interleaved,1024,3141,4032,6144,0.7176,True,False
Hybrid_MI,hybrid,interleaved,1024,9973,4032,6144,0.7149,True,False
Hybrid_MI,hybrid,interleaved,1024,31337,4032,6144,0.7104,True,False
Hybrid_MI,hybrid,interleaved,1024,65537,4032,6144,0.7141,True,False
Hybrid_QI,hybrid,interleaved,1024,42,7047,126,0.477,True,False
Hybrid_QI,hybrid,interleaved,1024,137,7047,126,0.4737,True,False
Hybrid_QI,hybrid,interleaved,1024,1618,7047,126,0.4765,True,False
Hybrid_QI,hybrid,interleaved,1024,2718,7047,126,0.4748,True,False
Hybrid_QI,hybrid,interleaved,1024,3141,7047,126,0.4775,True,False
Hybrid_QI,hybrid,interleaved,1024,9973,7047,126,0.4765,True,False
Hybrid_QI,hybrid,interleaved,1024,31337,7047,126,0.4825,True,False
Hybrid_QI,hybrid,interleaved,1024,65537,7047,126,0.4786,True,False
Hybrid_RI,hybrid,interleaved,1024,42,0,4096,0.5558,True,False
Hybrid_RI,hybrid,interleaved,1024,137,0,4096,0.5441,True,False
Hybrid_RI,hybrid,interleaved,1024,1618,0,4096,0.5297,True,False
Hybrid_RI,hybrid,interleaved,1024,2718,0,4096,0.5332,True,False
Hybrid_RI,hybrid,interleaved,1024,3141,0,4096,0.5306,True,False
Hybrid_RI,hybrid,interleaved,1024,9973,0,4096,0.5322,True,False
Hybrid_RI,hybrid,interleaved,1024,31337,0,4096,0.5282,True,False
Hybrid_RI,hybrid,interleaved,1024,65537,0,4096,0.5383,True,False
Insertion,base,interleaved,1024,42,1023,0,0.086,True,False
Insertion,base,interleaved,1024,137,1023,0,0.0859,True,False
Insertion,base,interleaved,1024,1618,1023,0,0.0862,True,False
Insertion,base,interleaved,1024,2718,1023,0,0.0854,True,False
Insertion,base,interleaved,1024,3141,1023,0,0.0877,True,False
Insertion,base,interleaved,1024,9973,1023,0,0.0889,True,False
Insertion,base,interleaved,1024,31337,1023,0,0.0869,True,False
Insertion,base,interleaved,1024,65537,1023,0,0.0889,True,False
Merge,base,interleaved,1024,42,5120,10240,1.2946,True,False
Merge,base,interleaved,1024,137,5120,10240,1.2676,True,False
Merge,base,interleaved,1024,1618,5120,10240,1.2595,True,False
Merge,base,interleaved,1024,2718,5120,10240,1.2689,True,False
Merge,base,interleaved,1024,3141,5120,10240,1.2812,True,False
Merge,base,interleaved,1024,9973,5120,10240,1.2586,True,False
Merge,base,interleaved,1024,31337,5120,10240,1.2803,True,False
Merge,base,interleaved,1024,65537,5120,10240,1.3759,True,False
Quick,base,interleaved,1024,42,8716,512,0.652,True,False
Quick,base,interleaved,1024,137,8716,512,0.6586,True,False
Quick,base,interleaved,1024,1618,8716,512,0.6571,True,False
Quick,base,interleaved,1024,2718,8716,512,0.6475,True,False
Quick,base,interleaved,1024,3141,8716,512,0.7654,True,False
Quick,base,interleaved,1024,9973,8716,512,0.7223,True,False
Quick,base,interleaved,1024,31337,8716,512,0.7247,True,False
Quick,base,interleaved,1024,65537,8716,512,0.7243,True,False
Radix,base,interleaved,1024,42,0,4096,0.5988,True,False
Radix,base,interleaved,1024,137,0,4096,0.5944,True,False
Radix,base,interleaved,1024,1618,0,4096,0.6098,True,False
Radix,base,interleaved,1024,2718,0,4096,0.5981,True,False
Radix,base,interleaved,1024,3141,0,4096,0.5924,True,False
Radix,base,interleaved,1024,9973,0,4096,0.5909,True,False
Radix,base,interleaved,1024,31337,0,4096,0.5924,True,False
Radix,base,interleaved,1024,65537,0,4096,0.594,True,False
Selection,base,interleaved,1024,42,,,,,True
Selection,base,interleaved,1024,137,,,,,True
Selection,base,interleaved,1024,1618,,,,,True
Selection,base,interleaved,1024,2718,,,,,True
Selection,base,interleaved,1024,3141,,,,,True
Selection,base,interleaved,1024,9973,,,,,True
Selection,base,interleaved,1024,31337,,,,,True
Selection,base,interleaved,1024,65537,,,,,True
T_MHB,triplet,interleaved,1024,42,13208,9872,1.6378,True,False
T_MHB,triplet,interleaved,1024,137,13208,9872,1.6264,True,False
T_MHB,triplet,interleaved,1024,1618,13208,9872,1.6339,True,False
T_MHB,triplet,interleaved,1024,2718,13208,9872,1.6298,True,False
T_MHB,triplet,interleaved,1024,3141,13208,9872,1.6948,True,False
T_MHB,triplet,interleaved,1024,9973,13208,9872,1.6781,True,False
T_MHB,triplet,interleaved,1024,31337,13208,9872,1.4497,True,False
T_MHB,triplet,interleaved,1024,65537,13208,9872,1.4663,True,False
T_MHI,triplet,interleaved,1024,42,13208,9872,1.4543,True,False
T_MHI,triplet,interleaved,1024,137,13208,9872,1.4425,True,False
T_MHI,triplet,interleaved,1024,1618,13208,9872,1.4551,True,False
T_MHI,triplet,interleaved,1024,2718,13208,9872,1.4581,True,False
T_MHI,triplet,interleaved,1024,3141,13208,9872,1.4986,True,False
T_MHI,triplet,interleaved,1024,9973,13208,9872,1.5313,True,False
T_MHI,triplet,interleaved,1024,31337,13208,9872,1.528,True,False
T_MHI,triplet,interleaved,1024,65537,13208,9872,1.4646,True,False
T_MHS,triplet,interleaved,1024,42,13208,9872,1.6124,True,False
T_MHS,triplet,interleaved,1024,137,13208,9872,1.5175,True,False
T_MHS,triplet,interleaved,1024,1618,13208,9872,1.4725,True,False
T_MHS,triplet,interleaved,1024,2718,13208,9872,1.4487,True,False
T_MHS,triplet,interleaved,1024,3141,13208,9872,1.4477,True,False
T_MHS,triplet,interleaved,1024,9973,13208,9872,1.4491,True,False
T_MHS,triplet,interleaved,1024,31337,13208,9872,1.5,True,False
T_MHS,triplet,interleaved,1024,65537,13208,9872,1.5182,True,False
T_MIB,triplet,interleaved,1024,42,2552,3072,0.4021,True,False
T_MIB,triplet,interleaved,1024,137,2552,3072,0.3913,True,False
T_MIB,triplet,interleaved,1024,1618,2552,3072,0.3895,True,False
T_MIB,triplet,interleaved,1024,2718,2552,3072,0.3946,True,False
T_MIB,triplet,interleaved,1024,3141,2552,3072,0.4883,True,False
T_MIB,triplet,interleaved,1024,9973,2552,3072,0.4249,True,False
T_MIB,triplet,interleaved,1024,31337,2552,3072,0.4477,True,False
T_MIB,triplet,interleaved,1024,65537,2552,3072,0.4355,True,False
T_MII,triplet,interleaved,1024,42,2552,3072,0.4357,True,False
T_MII,triplet,interleaved,1024,137,2552,3072,0.4433,True,False
T_MII,triplet,interleaved,1024,1618,2552,3072,0.4419,True,False
T_MII,triplet,interleaved,1024,2718,2552,3072,0.4401,True,False
T_MII,triplet,interleaved,1024,3141,2552,3072,0.4498,True,False
T_MII,triplet,interleaved,1024,9973,2552,3072,0.439,True,False
T_MII,triplet,interleaved,1024,31337,2552,3072,0.4497,True,False
T_MII,triplet,interleaved,1024,65537,2552,3072,0.4367,True,False
T_MIS,triplet,interleaved,1024,42,2552,3072,0.39,True,False
T_MIS,triplet,interleaved,1024,137,2552,3072,0.3903,True,False
T_MIS,triplet,interleaved,1024,1618,2552,3072,0.3895,True,False
T_MIS,triplet,interleaved,1024,2718,2552,3072,0.388,True,False
T_MIS,triplet,interleaved,1024,3141,2552,3072,0.4127,True,False
T_MIS,triplet,interleaved,1024,9973,2552,3072,0.4439,True,False
T_MIS,triplet,interleaved,1024,31337,2552,3072,0.4279,True,False
T_MIS,triplet,interleaved,1024,65537,2552,3072,0.4308,True,False
T_MMB,triplet,interleaved,1024,42,4032,6144,0.767,True,False
T_MMB,triplet,interleaved,1024,137,4032,6144,0.763,True,False
T_MMB,triplet,interleaved,1024,1618,4032,6144,0.7278,True,False
T_MMB,triplet,interleaved,1024,2718,4032,6144,0.7484,True,False
T_MMB,triplet,interleaved,1024,3141,4032,6144,0.6882,True,False
T_MMB,triplet,interleaved,1024,9973,4032,6144,0.6864,True,False
T_MMB,triplet,interleaved,1024,31337,4032,6144,0.6762,True,False
T_MMB,triplet,interleaved,1024,65537,4032,6144,0.6702,True,False
T_MMI,triplet,interleaved,1024,42,4032,6144,0.6954,True,False
T_MMI,triplet,interleaved,1024,137,4032,6144,0.7793,True,False
T_MMI,triplet,interleaved,1024,1618,4032,6144,0.7116,True,False
T_MMI,triplet,interleaved,1024,2718,4032,6144,0.684,True,False
T_MMI,triplet,interleaved,1024,3141,4032,6144,0.6856,True,False
T_MMI,triplet,interleaved,1024,9973,4032,6144,0.6834,True,False
T_MMI,triplet,interleaved,1024,31337,4032,6144,0.739,True,False
T_MMI,triplet,interleaved,1024,65537,4032,6144,0.7285,True,False
T_MMS,triplet,interleaved,1024,42,10752,6144,1.0998,True,False
T_MMS,triplet,interleaved,1024,137,10752,6144,1.2403,True,False
T_MMS,triplet,interleaved,1024,1618,10752,6144,1.2542,True,False
T_MMS,triplet,interleaved,1024,2718,10752,6144,1.2295,True,False
T_MMS,triplet,interleaved,1024,3141,10752,6144,1.2374,True,False
T_MMS,triplet,interleaved,1024,9973,10752,6144,1.1233,True,False
T_MMS,triplet,interleaved,1024,31337,10752,6144,1.2355,True,False
T_MMS,triplet,interleaved,1024,65537,10752,6144,1.2303,True,False
T_MQB,triplet,interleaved,1024,42,5536,3184,0.6443,True,False
T_MQB,triplet,interleaved,1024,137,5536,3184,0.5727,True,False
T_MQB,triplet,interleaved,1024,1618,5536,3184,0.5989,True,False
T_MQB,triplet,interleaved,1024,2718,5536,3184,0.6445,True,False
T_MQB,triplet,interleaved,1024,3141,5536,3184,0.5823,True,False
T_MQB,triplet,interleaved,1024,9973,5536,3184,0.5732,True,False
T_MQB,triplet,interleaved,1024,31337,5536,3184,0.5753,True,False
T_MQB,triplet,interleaved,1024,65537,5536,3184,0.583,True,False
T_MQI,triplet,interleaved,1024,42,5536,3184,0.5972,True,False
T_MQI,triplet,interleaved,1024,137,5536,3184,0.611,True,False
T_MQI,triplet,interleaved,1024,1618,5536,3184,0.6002,True,False
T_MQI,triplet,interleaved,1024,2718,5536,3184,0.5954,True,False
T_MQI,triplet,interleaved,1024,3141,5536,3184,0.6054,True,False
T_MQI,triplet,interleaved,1024,9973,5536,3184,0.6143,True,False
T_MQI,triplet,interleaved,1024,31337,5536,3184,0.6144,True,False
T_MQI,triplet,interleaved,1024,65537,5536,3184,0.6304,True,False
T_MQS,triplet,interleaved,1024,42,11472,3184,0.9721,True,False
T_MQS,triplet,interleaved,1024,137,11472,3184,0.9611,True,False
T_MQS,triplet,interleaved,1024,1618,11472,3184,0.9827,True,False
T_MQS,triplet,interleaved,1024,2718,11472,3184,0.9938,True,False
T_MQS,triplet,interleaved,1024,3141,11472,3184,1.0067,True,False
T_MQS,triplet,interleaved,1024,9973,11472,3184,0.9752,True,False
T_MQS,triplet,interleaved,1024,31337,11472,3184,0.976,True,False
T_MQS,triplet,interleaved,1024,65537,11472,3184,0.9604,True,False
T_MRB,triplet,interleaved,1024,42,1536,6272,0.7476,True,False
T_MRB,triplet,interleaved,1024,137,1536,6272,0.7412,True,False
T_MRB,triplet,interleaved,1024,1618,1536,6272,0.811,True,False
T_MRB,triplet,interleaved,1024,2718,1536,6272,0.7735,True,False
T_MRB,triplet,interleaved,1024,3141,1536,6272,0.7376,True,False
T_MRB,triplet,interleaved,1024,9973,1536,6272,0.7419,True,False
T_MRB,triplet,interleaved,1024,31337,1536,6272,0.8477,True,False
T_MRB,triplet,interleaved,1024,65537,1536,6272,0.7399,True,False
T_MRI,triplet,interleaved,1024,42,1536,6272,0.7441,True,False
T_MRI,triplet,interleaved,1024,137,1536,6272,0.7238,True,False
T_MRI,triplet,interleaved,1024,1618,1536,6272,0.7323,True,False
T_MRI,triplet,interleaved,1024,2718,1536,6272,0.7486,True,False
T_MRI,triplet,interleaved,1024,3141,1536,6272,0.7538,True,False
T_MRI,triplet,interleaved,1024,9973,1536,6272,0.7635,True,False
T_MRI,triplet,interleaved,1024,31337,1536,6272,0.7607,True,False
T_MRI,triplet,interleaved,1024,65537,1536,6272,0.7446,True,False
T_MRS,triplet,interleaved,1024,42,1536,6272,0.7568,True,False
T_MRS,triplet,interleaved,1024,137,1536,6272,0.8073,True,False
T_MRS,triplet,interleaved,1024,1618,1536,6272,0.7643,True,False
T_MRS,triplet,interleaved,1024,2718,1536,6272,0.7422,True,False
T_MRS,triplet,interleaved,1024,3141,1536,6272,0.7526,True,False
T_MRS,triplet,interleaved,1024,9973,1536,6272,0.7546,True,False
T_MRS,triplet,interleaved,1024,31337,1536,6272,0.7363,True,False
T_MRS,triplet,interleaved,1024,65537,1536,6272,0.7445,True,False
T_MSB,triplet,interleaved,1024,42,66560,3072,3.6765,True,False
T_MSB,triplet,interleaved,1024,137,66560,3072,3.6847,True,False
T_MSB,triplet,interleaved,1024,1618,66560,3072,3.7121,True,False
T_MSB,triplet,interleaved,1024,2718,66560,3072,3.6016,True,False
T_MSB,triplet,interleaved,1024,3141,66560,3072,3.6438,True,False
T_MSB,triplet,interleaved,1024,9973,66560,3072,3.6566,True,False
T_MSB,triplet,interleaved,1024,31337,66560,3072,3.7042,True,False
T_MSB,triplet,interleaved,1024,65537,66560,3072,3.6554,True,False
T_MSI,triplet,interleaved,1024,42,66560,3072,3.6421,True,False
T_MSI,triplet,interleaved,1024,137,66560,3072,3.6502,True,False
T_MSI,triplet,interleaved,1024,1618,66560,3072,3.7265,True,False
T_MSI,triplet,interleaved,1024,2718,66560,3072,3.835,True,False
T_MSI,triplet,interleaved,1024,3141,66560,3072,3.7011,True,False
T_MSI,triplet,interleaved,1024,9973,66560,3072,3.6869,True,False
T_MSI,triplet,interleaved,1024,31337,66560,3072,3.6832,True,False
T_MSI,triplet,interleaved,1024,65537,66560,3072,3.6803,True,False
T_MSS,triplet,interleaved,1024,42,66560,3072,3.7861,True,False
T_MSS,triplet,interleaved,1024,137,66560,3072,3.7256,True,False
T_MSS,triplet,interleaved,1024,1618,66560,3072,3.7089,True,False
T_MSS,triplet,interleaved,1024,2718,66560,3072,3.7322,True,False
T_MSS,triplet,interleaved,1024,3141,66560,3072,3.6642,True,False
T_MSS,triplet,interleaved,1024,9973,66560,3072,3.8176,True,False
T_MSS,triplet,interleaved,1024,31337,66560,3072,4.0546,True,False
T_MSS,triplet,interleaved,1024,65537,66560,3072,3.8949,True,False
T_QHB,triplet,interleaved,1024,42,14649,6828,1.5129,True,False
T_QHB,triplet,interleaved,1024,137,14649,6828,1.5201,True,False
T_QHB,triplet,interleaved,1024,1618,14649,6828,1.4986,True,False
T_QHB,triplet,interleaved,1024,2718,14649,6828,1.4975,True,False
T_QHB,triplet,interleaved,1024,3141,14649,6828,1.5138,True,False
T_QHB,triplet,interleaved,1024,9973,14649,6828,1.4962,True,False
T_QHB,triplet,interleaved,1024,31337,14649,6828,1.3689,True,False
T_QHB,triplet,interleaved,1024,65537,14649,6828,1.3396,True,False
T_QHI,triplet,interleaved,1024,42,14649,6828,1.3762,True,False
T_QHI,triplet,interleaved,1024,137,14649,6828,1.3329,True,False
T_QHI,triplet,interleaved,1024,1618,14649,6828,1.3496,True,False
T_QHI,triplet,interleaved,1024,2718,14649,6828,1.3841,True,False
T_QHI,triplet,interleaved,1024,3141,14649,6828,1.3886,True,False
T_QHI,triplet,interleaved,1024,9973,14649,6828,1.3619,True,False
T_QHI,triplet,interleaved,1024,31337,14649,6828,1.3448,True,False
T_QHI,triplet,interleaved,1024,65537,14649,6828,1.3619,True,False
T_QHS,triplet,interleaved,1024,42,14649,6828,1.3474,True,False
T_QHS,triplet,interleaved,1024,137,14649,6828,1.3376,True,False
T_QHS,triplet,interleaved,1024,1618,14649,6828,1.3882,True,False
T_QHS,triplet,interleaved,1024,2718,14649,6828,1.331,True,False
T_QHS,triplet,interleaved,1024,3141,14649,6828,1.3474,True,False
T_QHS,triplet,interleaved,1024,9973,14649,6828,1.3511,True,False
T_QHS,triplet,interleaved,1024,31337,14649,6828,1.3527,True,False
T_QHS,triplet,interleaved,1024,65537,14649,6828,1.4751,True,False
T_QIB,triplet,interleaved,1024,42,4084,14,0.2871,True,False
T_QIB,triplet,interleaved,1024,137,4084,14,0.2849,True,False
T_QIB,triplet,interleaved,1024,1618,4084,14,0.2831,True,False
T_QIB,triplet,interleaved,1024,2718,4084,14,0.283,True,False
T_QIB,triplet,interleaved,1024,3141,4084,14,0.2834,True,False
T_QIB,triplet,interleaved,1024,9973,4084,14,0.2812,True,False
T_QIB,triplet,interleaved,1024,31337,4084,14,0.2857,True,False
T_QIB,triplet,interleaved,1024,65537,4084,14,0.2828,True,False
T_QII,triplet,interleaved,1024,42,4084,14,0.2817,True,False
T_QII,triplet,interleaved,1024,137,4084,14,0.2843,True,False
T_QII,triplet,interleaved,1024,1618,4084,14,0.2814,True,False
T_QII,triplet,interleaved,1024,2718,4084,14,0.2817,True,False
T_QII,triplet,interleaved,1024,3141,4084,14,0.2809,True,False
T_QII,triplet,interleaved,1024,9973,4084,14,0.3068,True,False
T_QII,triplet,interleaved,1024,31337,4084,14,0.2941,True,False
T_QII,triplet,interleaved,1024,65537,4084,14,0.2865,True,False
T_QIS,triplet,interleaved,1024,42,4084,14,0.2843,True,False
T_QIS,triplet,interleaved,1024,137,4084,14,0.2809,True,False
T_QIS,triplet,interleaved,1024,1618,4084,14,0.2816,True,False
T_QIS,triplet,interleaved,1024,2718,4084,14,0.2786,True,False
T_QIS,triplet,interleaved,1024,3141,4084,14,0.2811,True,False
T_QIS,triplet,interleaved,1024,9973,4084,14,0.2842,True,False
T_QIS,triplet,interleaved,1024,31337,4084,14,0.2814,True,False
T_QIS,triplet,interleaved,1024,65537,4084,14,0.2832,True,False
T_QMB,triplet,interleaved,1024,42,5564,3065,0.5726,True,False
T_QMB,triplet,interleaved,1024,137,5564,3065,0.6168,True,False
T_QMB,triplet,interleaved,1024,1618,5564,3065,0.5888,True,False
T_QMB,triplet,interleaved,1024,2718,5564,3065,0.5944,True,False
T_QMB,triplet,interleaved,1024,3141,5564,3065,0.5836,True,False
T_QMB,triplet,interleaved,1024,9973,5564,3065,0.5714,True,False
T_QMB,triplet,interleaved,1024,31337,5564,3065,0.5917,True,False
T_QMB,triplet,interleaved,1024,65537,5564,3065,0.6078,True,False
T_QMI,triplet,interleaved,1024,42,5564,3065,0.6097,True,False
T_QMI,triplet,interleaved,1024,137,5564,3065,0.6137,True,False
T_QMI,triplet,interleaved,1024,1618,5564,3065,0.5989,True,False
T_QMI,triplet,interleaved,1024,2718,5564,3065,0.6038,True,False
T_QMI,triplet,interleaved,1024,3141,5564,3065,0.6206,True,False
T_QMI,triplet,interleaved,1024,9973,5564,3065,0.6588,True,False
T_QMI,triplet,interleaved,1024,31337,5564,3065,0.6172,True,False
T_QMI,triplet,interleaved,1024,65537,5564,3065,0.6808,True,False
T_QMS,triplet,interleaved,1024,42,12186,3065,1.1116,True,False
T_QMS,triplet,interleaved,1024,137,12186,3065,1.101,True,False
T_QMS,triplet,interleaved,1024,1618,12186,3065,1.1068,True,False
T_QMS,triplet,interleaved,1024,2718,12186,3065,1.1053,True,False
T_QMS,triplet,interleaved,1024,3141,12186,3065,1.1089,True,False
T_QMS,triplet,interleaved,1024,9973,12186,3065,1.1076,True,False
T_QMS,triplet,interleaved,1024,31337,12186,3065,0.9814,True,False
T_QMS,triplet,interleaved,1024,65537,12186,3065,1.1211,True,False
T_QQB,triplet,interleaved,1024,42,7047,126,0.5229,True,False
T_QQB,triplet,interleaved,1024,137,7047,126,0.5187,True,False
T_QQB,triplet,interleaved,1024,1618,7047,126,0.5406,True,False
T_QQB,triplet,interleaved,1024,2718,7047,126,0.5271,True,False
T_QQB,triplet,interleaved,1024,3141,7047,126,0.5243,True,False
T_QQB,triplet,interleaved,1024,9973,7047,126,0.5309,True,False
T_QQB,triplet,interleaved,1024,31337,7047,126,0.5282,True,False
T_QQB,triplet,interleaved,1024,65537,7047,126,0.5256,True,False
T_QQI,triplet,interleaved,1024,42,7047,126,0.5529,True,False
T_QQI,triplet,interleaved,1024,137,7047,126,0.5503,True,False
T_QQI,triplet,interleaved,1024,1618,7047,126,0.5513,True,False
T_QQI,triplet,interleaved,1024,2718,7047,126,0.5548,True,False
T_QQI,triplet,interleaved,1024,3141,7047,126,0.5507,True,False
T_QQI,triplet,interleaved,1024,9973,7047,126,0.5532,True,False
T_QQI,triplet,interleaved,1024,31337,7047,126,0.5466,True,False
T_QQI,triplet,interleaved,1024,65537,7047,126,0.5481,True,False
T_QQS,triplet,interleaved,1024,42,12885,126,0.954,True,False
T_QQS,triplet,interleaved,1024,137,12885,126,0.9395,True,False
T_QQS,triplet,interleaved,1024,1618,12885,126,0.9326,True,False
T_QQS,triplet,interleaved,1024,2718,12885,126,0.9522,True,False
T_QQS,triplet,interleaved,1024,3141,12885,126,0.951,True,False
T_QQS,triplet,interleaved,1024,9973,12885,126,0.8533,True,False
T_QQS,triplet,interleaved,1024,31337,12885,126,0.8452,True,False
T_QQS,triplet,interleaved,1024,65537,12885,126,0.8503,True,False
T_QRB,triplet,interleaved,1024,42,3075,3193,0.6344,True,False
T_QRB,triplet,interleaved,1024,137,3075,3193,0.6425,True,False
T_QRB,triplet,interleaved,1024,1618,3075,3193,0.6251,True,False
T_QRB,triplet,interleaved,1024,2718,3075,3193,0.6256,True,False
T_QRB,triplet,interleaved,1024,3141,3075,3193,0.6645,True,False
T_QRB,triplet,interleaved,1024,9973,3075,3193,0.6306,True,False
T_QRB,triplet,interleaved,1024,31337,3075,3193,0.6382,True,False
T_QRB,triplet,interleaved,1024,65537,3075,3193,0.6189,True,False
T_QRI,triplet,interleaved,1024,42,3075,3193,0.6208,True,False
T_QRI,triplet,interleaved,1024,137,3075,3193,0.6223,True,False
T_QRI,triplet,interleaved,1024,1618,3075,3193,0.6252,True,False
T_QRI,triplet,interleaved,1024,2718,3075,3193,0.6775,True,False
T_QRI,triplet,interleaved,1024,3141,3075,3193,0.6517,True,False
T_QRI,triplet,interleaved,1024,9973,3075,3193,0.7071,True,False
T_QRI,triplet,interleaved,1024,31337,3075,3193,0.7037,True,False
T_QRI,triplet,interleaved,1024,65537,3075,3193,0.7015,True,False
T_QRS,triplet,interleaved,1024,42,3075,3193,0.7045,True,False
T_QRS,triplet,interleaved,1024,137,3075,3193,0.6405,True,False
T_QRS,triplet,interleaved,1024,1618,3075,3193,0.649,True,False
T_QRS,triplet,interleaved,1024,2718,3075,3193,0.7011,True,False
T_QRS,triplet,interleaved,1024,3141,3075,3193,0.7227,True,False
T_QRS,triplet,interleaved,1024,9973,3075,3193,0.7668,True,False
T_QRS,triplet,interleaved,1024,31337,3075,3193,0.7095,True,False
T_QRS,triplet,interleaved,1024,65537,3075,3193,0.6392,True,False
T_QSB,triplet,interleaved,1024,42,67210,14,3.4807,True,False
T_QSB,triplet,interleaved,1024,137,67210,14,3.4412,True,False
T_QSB,triplet,interleaved,1024,1618,67210,14,3.4477,True,False
T_QSB,triplet,interleaved,1024,2718,67210,14,3.6319,True,False
T_QSB,triplet,interleaved,1024,3141,67210,14,3.9756,True,False
T_QSB,triplet,interleaved,1024,9973,67210,14,3.8007,True,False
T_QSB,triplet,interleaved,1024,31337,67210,14,3.5548,True,False
T_QSB,triplet,interleaved,1024,65537,67210,14,4.0348,True,False
T_QSI,triplet,interleaved,1024,42,67210,14,4.0173,True,False
T_QSI,triplet,interleaved,1024,137,67210,14,3.928,True,False
T_QSI,triplet,interleaved,1024,1618,67210,14,3.9606,True,False
T_QSI,triplet,interleaved,1024,2718,67210,14,3.7605,True,False
T_QSI,triplet,interleaved,1024,3141,67210,14,3.4412,True,False
T_QSI,triplet,interleaved,1024,9973,67210,14,3.4515,True,False
T_QSI,triplet,interleaved,1024,31337,67210,14,3.5261,True,False
T_QSI,triplet,interleaved,1024,65537,67210,14,3.5752,True,False
T_QSS,triplet,interleaved,1024,42,67210,14,3.7733,True,False
T_QSS,triplet,interleaved,1024,137,67210,14,3.8321,True,False
T_QSS,triplet,interleaved,1024,1618,67210,14,4.1512,True,False
T_QSS,triplet,interleaved,1024,2718,67210,14,4.0415,True,False
T_QSS,triplet,interleaved,1024,3141,67210,14,3.7467,True,False
T_QSS,triplet,interleaved,1024,9973,67210,14,3.585,True,False
T_QSS,triplet,interleaved,1024,31337,67210,14,3.5497,True,False
T_QSS,triplet,interleaved,1024,65537,67210,14,3.6653,True,False
TimCustom,base,interleaved,1024,42,3552,5120,0.6227,True,False
TimCustom,base,interleaved,1024,137,3552,5120,0.6273,True,False
TimCustom,base,interleaved,1024,1618,3552,5120,0.6156,True,False
TimCustom,base,interleaved,1024,2718,3552,5120,0.5882,True,False
TimCustom,base,interleaved,1024,3141,3552,5120,0.6088,True,False
TimCustom,base,interleaved,1024,9973,3552,5120,0.5896,True,False
TimCustom,base,interleaved,1024,31337,3552,5120,0.5911,True,False
TimCustom,base,interleaved,1024,65537,3552,5120,0.5863,True,False
Bubble,base,killer_quick,1024,42,,,,,True
Bubble,base,killer_quick,1024,137,,,,,True
Bubble,base,killer_quick,1024,1618,,,,,True
Bubble,base,killer_quick,1024,2718,,,,,True
Bubble,base,killer_quick,1024,3141,,,,,True
Bubble,base,killer_quick,1024,9973,,,,,True
Bubble,base,killer_quick,1024,31337,,,,,True
Bubble,base,killer_quick,1024,65537,,,,,True
Heap,base,killer_quick,1024,42,17075,9120,1.4075,True,False
Heap,base,killer_quick,1024,137,17075,9120,1.3451,True,False
Heap,base,killer_quick,1024,1618,17075,9120,1.3387,True,False
Heap,base,killer_quick,1024,2718,17075,9120,1.3524,True,False
Heap,base,killer_quick,1024,3141,17075,9120,1.3344,True,False
Heap,base,killer_quick,1024,9973,17075,9120,1.3366,True,False
Heap,base,killer_quick,1024,31337,17075,9120,1.4046,True,False
Heap,base,killer_quick,1024,65537,17075,9120,1.3317,True,False
Hybrid_Intro,hybrid,killer_quick,1024,42,9887,1750,0.7992,True,False
Hybrid_Intro,hybrid,killer_quick,1024,137,9887,1750,0.7832,True,False
Hybrid_Intro,hybrid,killer_quick,1024,1618,9887,1750,0.8057,True,False
Hybrid_Intro,hybrid,killer_quick,1024,2718,9887,1750,0.8222,True,False
Hybrid_Intro,hybrid,killer_quick,1024,3141,9887,1750,0.7958,True,False
Hybrid_Intro,hybrid,killer_quick,1024,9973,9887,1750,0.7925,True,False
Hybrid_Intro,hybrid,killer_quick,1024,31337,9887,1750,0.7918,True,False
Hybrid_Intro,hybrid,killer_quick,1024,65537,9887,1750,0.7962,True,False
Hybrid_MI,hybrid,killer_quick,1024,42,9152,7040,1.158,True,False
Hybrid_MI,hybrid,killer_quick,1024,137,9152,7040,1.1288,True,False
Hybrid_MI,hybrid,killer_quick,1024,1618,9152,7040,1.1085,True,False
Hybrid_MI,hybrid,killer_quick,1024,2718,9152,7040,1.0915,True,False
Hybrid_MI,hybrid,killer_quick,1024,3141,9152,7040,1.0859,True,False
Hybrid_MI,hybrid,killer_quick,1024,9973,9152,7040,1.0926,True,False
Hybrid_MI,hybrid,killer_quick,1024,31337,9152,7040,1.2043,True,False
Hybrid_MI,hybrid,killer_quick,1024,65537,9152,7040,1.2087,True,False
Hybrid_QI,hybrid,killer_quick,1024,42,9887,1750,0.8824,True,False
Hybrid_QI,hybrid,killer_quick,1024,137,9887,1750,0.8791,True,False
Hybrid_QI,hybrid,killer_quick,1024,1618,9887,1750,0.8921,True,False
Hybrid_QI,hybrid,killer_quick,1024,2718,9887,1750,0.8851,True,False
Hybrid_QI,hybrid,killer_quick,1024,3141,9887,1750,0.8814,True,False
Hybrid_QI,hybrid,killer_quick,1024,9973,9887,1750,0.8669,True,False
Hybrid_QI,hybrid,killer_quick,1024,31337,9887,1750,0.8214,True,False
Hybrid_QI,hybrid,killer_quick,1024,65537,9887,1750,0.9575,True,False
Hybrid_RI,hybrid,killer_quick,1024,42,0,4096,0.6235,True,False
Hybrid_RI,hybrid,killer_quick,1024,137,0,4096,0.6168,True,False
Hybrid_RI,hybrid,killer_quick,1024,1618,0,4096,0.6133,True,False
Hybrid_RI,hybrid,killer_quick,1024,2718,0,4096,0.6116,True,False
Hybrid_RI,hybrid,killer_quick,1024,3141,0,4096,0.6116,True,False
Hybrid_RI,hybrid,killer_quick,1024,9973,0,4096,0.6109,True,False
Hybrid_RI,hybrid,killer_quick,1024,31337,0,4096,0.6215,True,False
Hybrid_RI,hybrid,killer_quick,1024,65537,0,4096,0.6081,True,False
Insertion,base,killer_quick,1024,42,262655,262654,19.4287,True,False
Insertion,base,killer_quick,1024,137,262655,262654,20.1179,True,False
Insertion,base,killer_quick,1024,1618,262655,262654,19.8841,True,False
Insertion,base,killer_quick,1024,2718,262655,262654,17.9319,True,False
Insertion,base,killer_quick,1024,3141,262655,262654,17.869,True,False
Insertion,base,killer_quick,1024,9973,262655,262654,18.9182,True,False
Insertion,base,killer_quick,1024,31337,262655,262654,19.0319,True,False
Insertion,base,killer_quick,1024,65537,262655,262654,20.1273,True,False
Merge,base,killer_quick,1024,42,7424,10240,1.5769,True,False
Merge,base,killer_quick,1024,137,7424,10240,1.6406,True,False
Merge,base,killer_quick,1024,1618,7424,10240,1.6155,True,False
Merge,base,killer_quick,1024,2718,7424,10240,1.5725,True,False
Merge,base,killer_quick,1024,3141,7424,10240,1.6393,True,False
Merge,base,killer_quick,1024,9973,7424,10240,1.6129,True,False
Merge,base,killer_quick,1024,31337,7424,10240,1.5558,True,False
Merge,base,killer_quick,1024,65537,7424,10240,1.5528,True,False
Quick,base,killer_quick,1024,42,9734,2832,1.0039,True,False
Quick,base,killer_quick,1024,137,9734,2832,0.9906,True,False
Quick,base,killer_quick,1024,1618,9734,2832,0.9933,True,False
Quick,base,killer_quick,1024,2718,9734,2832,0.9816,True,False
Quick,base,killer_quick,1024,3141,9734,2832,0.9765,True,False
Quick,base,killer_quick,1024,9973,9734,2832,0.9664,True,False
Quick,base,killer_quick,1024,31337,9734,2832,0.9652,True,False
Quick,base,killer_quick,1024,65537,9734,2832,0.9718,True,False
Radix,base,killer_quick,1024,42,0,4096,0.6042,True,False
Radix,base,killer_quick,1024,137,0,4096,0.5516,True,False
Radix,base,killer_quick,1024,1618,0,4096,0.533,True,False
Radix,base,killer_quick,1024,2718,0,4096,0.5335,True,False
Radix,base,killer_quick,1024,3141,0,4096,0.5521,True,False
Radix,base,killer_quick,1024,9973,0,4096,0.54,True,False
Radix,base,killer_quick,1024,31337,0,4096,0.5386,True,False
Radix,base,killer_quick,1024,65537,0,4096,0.5447,True,False
Selection,base,killer_quick,1024,42,,,,,True
Selection,base,killer_quick,1024,137,,,,,True
Selection,base,killer_quick,1024,1618,,,,,True
Selection,base,killer_quick,1024,2718,,,,,True
Selection,base,killer_quick,1024,3141,,,,,True
Selection,base,killer_quick,1024,9973,,,,,True
Selection,base,killer_quick,1024,31337,,,,,True
Selection,base,killer_quick,1024,65537,,,,,True
T_MHB,triplet,killer_quick,1024,42,13312,9168,1.4183,True,False
T_MHB,triplet,killer_quick,1024,137,13312,9168,1.4664,True,False
T_MHB,triplet,killer_quick,1024,1618,13312,9168,1.4094,True,False
T_MHB,triplet,killer_quick,1024,2718,13312,9168,1.4176,True,False
T_MHB,triplet,killer_quick,1024,3141,13312,9168,1.4352,True,False
T_MHB,triplet,killer_quick,1024,9973,13312,9168,1.4364,True,False
T_MHB,triplet,killer_quick,1024,31337,13312,9168,1.4109,True,False
T_MHB,triplet,killer_quick,1024,65537,13312,9168,1.4373,True,False
T_MHI,triplet,killer_quick,1024,42,13312,9168,1.4223,True,False
T_MHI,triplet,killer_quick,1024,137,13312,9168,1.4307,True,False
T_MHI,triplet,killer_quick,1024,1618,13312,9168,1.464,True,False
T_MHI,triplet,killer_quick,1024,2718,13312,9168,1.4602,True,False
T_MHI,triplet,killer_quick,1024,3141,13312,9168,1.4953,True,False
T_MHI,triplet,killer_quick,1024,9973,13312,9168,1.4684,True,False
T_MHI,triplet,killer_quick,1024,31337,13312,9168,1.429,True,False
T_MHI,triplet,killer_quick,1024,65537,13312,9168,1.4495,True,False
T_MHS,triplet,killer_quick,1024,42,13312,9168,1.4718,True,False
T_MHS,triplet,killer_quick,1024,137,13312,9168,1.4773,True,False
T_MHS,triplet,killer_quick,1024,1618,13312,9168,1.4864,True,False
T_MHS,triplet,killer_quick,1024,2718,13312,9168,1.4508,True,False
T_MHS,triplet,killer_quick,1024,3141,13312,9168,1.443,True,False
T_MHS,triplet,killer_quick,1024,9973,13312,9168,1.4442,True,False
T_MHS,triplet,killer_quick,1024,31337,13312,9168,1.4351,True,False
T_MHS,triplet,killer_quick,1024,65537,13312,9168,1.4709,True,False
T_MIB,triplet,killer_quick,1024,42,35576,35328,3.7267,True,False
T_MIB,triplet,killer_quick,1024,137,35576,35328,3.7122,True,False
T_MIB,triplet,killer_quick,1024,1618,35576,35328,3.9753,True,False
T_MIB,triplet,killer_quick,1024,2718,35576,35328,4.0824,True,False
T_MIB,triplet,killer_quick,1024,3141,35576,35328,3.7537,True,False
T_MIB,triplet,killer_quick,1024,9973,35576,35328,4.0124,True,False
T_MIB,triplet,killer_quick,1024,31337,35576,35328,4.1518,True,False
T_MIB,triplet,killer_quick,1024,65537,35576,35328,4.0407,True,False
T_MII,triplet,killer_quick,1024,42,35576,35328,4.0674,True,False
T_MII,triplet,killer_quick,1024,137,35576,35328,4.0581,True,False
T_MII,triplet,killer_quick,1024,1618,35576,35328,4.2142,True,False
T_MII,triplet,killer_quick,1024,2718,35576,35328,4.9122,True,False
T_MII,triplet,killer_quick,1024,3141,35576,35328,4.0907,True,False
T_MII,triplet,killer_quick,1024,9973,35576,35328,4.1016,True,False
T_MII,triplet,killer_quick,1024,31337,35576,35328,4.1166,True,False
T_MII,triplet,killer_quick,1024,65537,35576,35328,4.1099,True,False
T_MIS,triplet,killer_quick,1024,42,35576,35328,4.0682,True,False
T_MIS,triplet,killer_quick,1024,137,35576,35328,4.0971,True,False
T_MIS,triplet,killer_quick,1024,1618,35576,35328,3.733,True,False
T_MIS,triplet,killer_quick,1024,2718,35576,35328,3.7247,True,False
T_MIS,triplet,killer_quick,1024,3141,35576,35328,4.0124,True,False
T_MIS,triplet,killer_quick,1024,9973,35576,35328,3.8743,True,False
T_MIS,triplet,killer_quick,1024,31337,35576,35328,3.7113,True,False
T_MIS,triplet,killer_quick,1024,65537,35576,35328,3.6512,True,False
T_MMB,triplet,killer_quick,1024,42,10496,9728,1.4841,True,False
T_MMB,triplet,killer_quick,1024,137,10496,9728,1.5665,True,False
T_MMB,triplet,killer_quick,1024,1618,10496,9728,1.6254,True,False
T_MMB,triplet,killer_quick,1024,2718,10496,9728,1.3699,True,False
T_MMB,triplet,killer_quick,1024,3141,10496,9728,1.5037,True,False
T_MMB,triplet,killer_quick,1024,9973,10496,9728,1.5226,True,False
T_MMB,triplet,killer_quick,1024,31337,10496,9728,1.507,True,False
T_MMB,triplet,killer_quick,1024,65537,10496,9728,1.5325,True,False
T_MMI,triplet,killer_quick,1024,42,9152,9728,1.3121,True,False
T_MMI,triplet,killer_quick,1024,137,9152,9728,1.3019,True,False
T_MMI,triplet,killer_quick,1024,1618,9152,9728,1.3112,True,False
T_MMI,triplet,killer_quick,1024,2718,9152,9728,1.3094,True,False
T_MMI,triplet,killer_quick,1024,3141,9152,9728,1.2998,True,False
T_MMI,triplet,killer_quick,1024,9973,9152,9728,1.3369,True,False
T_MMI,triplet,killer_quick,1024,31337,9152,9728,1.3652,True,False
T_MMI,triplet,killer_quick,1024,65537,9152,9728,1.1683,True,False
T_MMS,triplet,killer_quick,1024,42,12288,6912,1.2902,True,False
T_MMS,triplet,killer_quick,1024,137,12288,6912,1.2672,True,False
T_MMS,triplet,killer_quick,1024,1618,12288,6912,1.2923,True,False
T_MMS,triplet,killer_quick,1024,2718,12288,6912,1.3113,True,False
T_MMS,triplet,killer_quick,1024,3141,12288,6912,1.2934,True,False
T_MMS,triplet,killer_quick,1024,9973,12288,6912,1.2935,True,False
T_MMS,triplet,killer_quick,1024,31337,12288,6912,1.2848,True,False
T_MMS,triplet,killer_quick,1024,65537,12288,6912,1.3416,True,False
T_MQB,triplet,killer_quick,1024,42,11376,6624,1.2793,True,False
T_MQB,triplet,killer_quick,1024,137,11376,6624,1.2737,True,False
T_MQB,triplet,killer_quick,1024,1618,11376,6624,1.2501,True,False
T_MQB,triplet,killer_quick,1024,2718,11376,6624,1.2368,True,False
T_MQB,triplet,killer_quick,1024,3141,11376,6624,1.2267,True,False
T_MQB,triplet,killer_quick,1024,9973,11376,6624,1.2293,True,False
T_MQB,triplet,killer_quick,1024,31337,11376,6624,1.2666,True,False
T_MQB,triplet,killer_quick,1024,65537,11376,6624,1.2562,True,False
T_MQI,triplet,killer_quick,1024,42,8936,6624,0.9943,True,False
T_MQI,triplet,killer_quick,1024,137,8936,6624,0.9966,True,False
T_MQI,triplet,killer_quick,1024,1618,8936,6624,0.9948,True,False
T_MQI,triplet,killer_quick,1024,2718,8936,6624,0.9894,True,False
T_MQI,triplet,killer_quick,1024,3141,8936,6624,0.9851,True,False
T_MQI,triplet,killer_quick,1024,9973,8936,6624,1.0947,True,False
T_MQI,triplet,killer_quick,1024,31337,8936,6624,1.1013,True,False
T_MQI,triplet,killer_quick,1024,65537,8936,6624,1.0918,True,False
T_MQS,triplet,killer_quick,1024,42,11768,4736,1.2892,True,False
T_MQS,triplet,killer_quick,1024,137,11768,4736,1.2608,True,False
T_MQS,triplet,killer_quick,1024,1618,11768,4736,1.2367,True,False
T_MQS,triplet,killer_quick,1024,2718,11768,4736,1.2231,True,False
T_MQS,triplet,killer_quick,1024,3141,11768,4736,1.2753,True,False
T_MQS,triplet,killer_quick,1024,9973,11768,4736,1.2408,True,False
T_MQS,triplet,killer_quick,1024,31337,11768,4736,1.1069,True,False
T_MQS,triplet,killer_quick,1024,65537,11768,4736,1.1396,True,False
T_MRB,triplet,killer_quick,1024,42,2304,6272,0.7992,True,False
T_MRB,triplet,killer_quick,1024,137,2304,6272,0.782,True,False
T_MRB,triplet,killer_quick,1024,1618,2304,6272,0.7795,True,False
T_MRB,triplet,killer_quick,1024,2718,2304,6272,0.8034,True,False
T_MRB,triplet,killer_quick,1024,3141,2304,6272,0.8891,True,False
T_MRB,triplet,killer_quick,1024,9973,2304,6272,0.8819,True,False
T_MRB,triplet,killer_quick,1024,31337,2304,6272,0.8768,True,False
T_MRB,triplet,killer_quick,1024,65537,2304,6272,0.8779,True,False
T_MRI,triplet,killer_quick,1024,42,2304,6272,0.8819,True,False
T_MRI,triplet,killer_quick,1024,137,2304,6272,0.9017,True,False
T_MRI,triplet,killer_quick,1024,1618,2304,6272,0.8855,True,False
T_MRI,triplet,killer_quick,1024,2718,2304,6272,0.8787,True,False
T_MRI,triplet,killer_quick,1024,3141,2304,6272,0.8816,True,False
T_MRI,triplet,killer_quick,1024,9973,2304,6272,0.8759,True,False
T_MRI,triplet,killer_quick,1024,31337,2304,6272,0.8991,True,False
T_MRI,triplet,killer_quick,1024,65537,2304,6272,0.8863,True,False
T_MRS,triplet,killer_quick,1024,42,2304,6272,0.9119,True,False
T_MRS,triplet,killer_quick,1024,137,2304,6272,0.8915,True,False
T_MRS,triplet,killer_quick,1024,1618,2304,6272,0.8846,True,False
T_MRS,triplet,killer_quick,1024,2718,2304,6272,0.8897,True,False
T_MRS,triplet,killer_quick,1024,3141,2304,6272,0.8832,True,False
T_MRS,triplet,killer_quick,1024,9973,2304,6272,0.8869,True,False
T_MRS,triplet,killer_quick,1024,31337,2304,6272,0.8859,True,False
T_MRS,triplet,killer_quick,1024,65537,2304,6272,0.8983,True,False
T_MSB,triplet,killer_quick,1024,42,67328,3936,4.3509,True,False
T_MSB,triplet,killer_quick,1024,137,67328,3936,4.4137,True,False
T_MSB,triplet,killer_quick,1024,1618,67328,3936,4.3568,True,False
T_MSB,triplet,killer_quick,1024,2718,67328,3936,4.3208,True,False
T_MSB,triplet,killer_quick,1024,3141,67328,3936,4.4253,True,False
T_MSB,triplet,killer_quick,1024,9973,67328,3936,4.421,True,False
T_MSB,triplet,killer_quick,1024,31337,67328,3936,4.5419,True,False
T_MSB,triplet,killer_quick,1024,65537,67328,3936,4.4838,True,False
T_MSI,triplet,killer_quick,1024,42,67328,3936,4.3606,True,False
T_MSI,triplet,killer_quick,1024,137,67328,3936,4.3443,True,False
T_MSI,triplet,killer_quick,1024,1618,67328,3936,4.4231,True,False
T_MSI,triplet,killer_quick,1024,2718,67328,3936,4.3132,True,False
T_MSI,triplet,killer_quick,1024,3141,67328,3936,4.372,True,False
T_MSI,triplet,killer_quick,1024,9973,67328,3936,4.3109,True,False
T_MSI,triplet,killer_quick,1024,31337,67328,3936,4.2917,True,False
T_MSI,triplet,killer_quick,1024,65537,67328,3936,4.383,True,False
T_MSS,triplet,killer_quick,1024,42,67328,3936,4.4212,True,False
T_MSS,triplet,killer_quick,1024,137,67328,3936,4.4519,True,False
T_MSS,triplet,killer_quick,1024,1618,67328,3936,4.1702,True,False
T_MSS,triplet,killer_quick,1024,2718,67328,3936,4.0745,True,False
T_MSS,triplet,killer_quick,1024,3141,67328,3936,4.3282,True,False
T_MSS,triplet,killer_quick,1024,9973,67328,3936,4.3666,True,False
T_MSS,triplet,killer_quick,1024,31337,67328,3936,4.2872,True,False
T_MSS,triplet,killer_quick,1024,65537,67328,3936,4.3653,True,False
T_QHB,triplet,killer_quick,1024,42,14193,6978,1.526,True,False
T_QHB,triplet,killer_quick,1024,137,14193,6978,1.5873,True,False
T_QHB,triplet,killer_quick,1024,1618,14193,6978,1.5059,True,False
T_QHB,triplet,killer_quick,1024,2718,14193,6978,1.5281,True,False
T_QHB,triplet,killer_quick,1024,3141,14193,6978,1.531,True,False
T_QHB,triplet,killer_quick,1024,9973,14193,6978,1.509,True,False
T_QHB,triplet,killer_quick,1024,31337,14193,6978,1.631,True,False
T_QHB,triplet,killer_quick,1024,65537,14193,6978,1.4997,True,False
T_QHI,triplet,killer_quick,1024,42,14193,6978,1.5113,True,False
T_QHI,triplet,killer_quick,1024,137,14193,6978,1.5003,True,False
T_QHI,triplet,killer_quick,1024,1618,14193,6978,1.489,True,False
T_QHI,triplet,killer_quick,1024,2718,14193,6978,1.474,True,False
T_QHI,triplet,killer_quick,1024,3141,14193,6978,1.4991,True,False
T_QHI,triplet,killer_quick,1024,9973,14193,6978,1.3626,True,False
T_QHI,triplet,killer_quick,1024,31337,14193,6978,1.3801,True,False
T_QHI,triplet,killer_quick,1024,65537,14193,6978,1.388,True,False
T_QHS,triplet,killer_quick,1024,42,14193,6978,1.3263,True,False
T_QHS,triplet,killer_quick,1024,137,14193,6978,1.4109,True,False
T_QHS,triplet,killer_quick,1024,1618,14193,6978,1.3491,True,False
T_QHS,triplet,killer_quick,1024,2718,14193,6978,1.3311,True,False
T_QHS,triplet,killer_quick,1024,3141,14193,6978,1.5006,True,False
T_QHS,triplet,killer_quick,1024,9973,14193,6978,1.5015,True,False
T_QHS,triplet,killer_quick,1024,31337,14193,6978,1.5014,True,False
T_QHS,triplet,killer_quick,1024,65537,14193,6978,1.6041,True,False
T_QIB,triplet,killer_quick,1024,42,29718,26436,3.2302,True,False
T_QIB,triplet,killer_quick,1024,137,29718,26436,3.2557,True,False
T_QIB,triplet,killer_quick,1024,1618,29718,26436,3.2725,True,False
T_QIB,triplet,killer_quick,1024,2718,29718,26436,3.2455,True,False
T_QIB,triplet,killer_quick,1024,3141,29718,26436,3.2447,True,False
T_QIB,triplet,killer_quick,1024,9973,29718,26436,3.2233,True,False
T_QIB,triplet,killer_quick,1024,31337,29718,26436,3.21,True,False
T_QIB,triplet,killer_quick,1024,65537,29718,26436,3.3031,True,False
T_QII,triplet,killer_quick,1024,42,29718,26436,3.2184,True,False
T_QII,triplet,killer_quick,1024,137,29718,26436,3.2596,True,False
T_QII,triplet,killer_quick,1024,1618,29718,26436,3.2547,True,False
T_QII,triplet,killer_quick,1024,2718,29718,26436,3.2752,True,False
T_QII,triplet,killer_quick,1024,3141,29718,26436,3.2482,True,False
T_QII,triplet,killer_quick,1024,9973,29718,26436,3.23,True,False
T_QII,triplet,killer_quick,1024,31337,29718,26436,3.226,True,False
T_QII,triplet,killer_quick,1024,65537,29718,26436,3.2038,True,False
T_QIS,triplet,killer_quick,1024,42,29718,26436,3.208,True,False
T_QIS,triplet,killer_quick,1024,137,29718,26436,3.2984,True,False
T_QIS,triplet,killer_quick,1024,1618,29718,26436,3.0073,True,False
T_QIS,triplet,killer_quick,1024,2718,29718,26436,3.2049,True,False
T_QIS,triplet,killer_quick,1024,3141,29718,26436,3.2333,True,False
T_QIS,triplet,killer_quick,1024,9973,29718,26436,3.2048,True,False
T_QIS,triplet,killer_quick,1024,31337,29718,26436,3.2168,True,False
T_QIS,triplet,killer_quick,1024,65537,29718,26436,2.9784,True,False
T_QMB,triplet,killer_quick,1024,42,11288,6909,1.3862,True,False
T_QMB,triplet,killer_quick,1024,137,11288,6909,1.4113,True,False
T_QMB,triplet,killer_quick,1024,1618,11288,6909,1.3825,True,False
T_QMB,triplet,killer_quick,1024,2718,11288,6909,1.3723,True,False
T_QMB,triplet,killer_quick,1024,3141,11288,6909,1.4006,True,False
T_QMB,triplet,killer_quick,1024,9973,11288,6909,1.382,True,False
T_QMB,triplet,killer_quick,1024,31337,11288,6909,1.3794,True,False
T_QMB,triplet,killer_quick,1024,65537,11288,6909,1.4403,True,False
T_QMI,triplet,killer_quick,1024,42,9383,6909,1.2242,True,False
T_QMI,triplet,killer_quick,1024,137,9383,6909,1.146,True,False
T_QMI,triplet,killer_quick,1024,1618,9383,6909,1.2038,True,False
T_QMI,triplet,killer_quick,1024,2718,9383,6909,1.1475,True,False
T_QMI,triplet,killer_quick,1024,3141,9383,6909,1.1878,True,False
T_QMI,triplet,killer_quick,1024,9973,9383,6909,1.2173,True,False
T_QMI,triplet,killer_quick,1024,31337,9383,6909,1.1661,True,False
T_QMI,triplet,killer_quick,1024,65537,9383,6909,1.1605,True,False
T_QMS,triplet,killer_quick,1024,42,12492,4587,1.3488,True,False
T_QMS,triplet,killer_quick,1024,137,12492,4587,1.3225,True,False
T_QMS,triplet,killer_quick,1024,1618,12492,4587,1.372,True,False
T_QMS,triplet,killer_quick,1024,2718,12492,4587,1.34,True,False
T_QMS,triplet,killer_quick,1024,3141,12492,4587,1.3224,True,False
T_QMS,triplet,killer_quick,1024,9973,12492,4587,1.3149,True,False
T_QMS,triplet,killer_quick,1024,31337,12492,4587,1.7407,True,False
T_QMS,triplet,killer_quick,1024,65537,12492,4587,1.3375,True,False
T_QQB,triplet,killer_quick,1024,42,11745,3888,1.249,True,False
T_QQB,triplet,killer_quick,1024,137,11745,3888,1.2417,True,False
T_QQB,triplet,killer_quick,1024,1618,11745,3888,1.2284,True,False
T_QQB,triplet,killer_quick,1024,2718,11745,3888,1.2237,True,False
T_QQB,triplet,killer_quick,1024,3141,11745,3888,1.2252,True,False
T_QQB,triplet,killer_quick,1024,9973,11745,3888,1.2126,True,False
T_QQB,triplet,killer_quick,1024,31337,11745,3888,1.224,True,False
T_QQB,triplet,killer_quick,1024,65537,11745,3888,1.3836,True,False
T_QQI,triplet,killer_quick,1024,42,9887,3888,1.0271,True,False
T_QQI,triplet,killer_quick,1024,137,9887,3888,1.0361,True,False
T_QQI,triplet,killer_quick,1024,1618,9887,3888,1.055,True,False
T_QQI,triplet,killer_quick,1024,2718,9887,3888,1.025,True,False
T_QQI,triplet,killer_quick,1024,3141,9887,3888,0.9346,True,False
T_QQI,triplet,killer_quick,1024,9973,9887,3888,1.0013,True,False
T_QQI,triplet,killer_quick,1024,31337,9887,3888,1.0758,True,False
T_QQI,triplet,killer_quick,1024,65537,9887,3888,1.0209,True,False
T_QQS,triplet,killer_quick,1024,42,12305,2390,1.1654,True,False
T_QQS,triplet,killer_quick,1024,137,12305,2390,1.1629,True,False
T_QQS,triplet,killer_quick,1024,1618,12305,2390,1.1484,True,False
T_QQS,triplet,killer_quick,1024,2718,12305,2390,1.1378,True,False
T_QQS,triplet,killer_quick,1024,3141,12305,2390,1.1297,True,False
T_QQS,triplet,killer_quick,1024,9973,12305,2390,1.1566,True,False
T_QQS,triplet,killer_quick,1024,31337,12305,2390,1.128,True,False
T_QQS,triplet,killer_quick,1024,65537,12305,2390,1.1217,True,False
T_QRB,triplet,killer_quick,1024,42,3330,3920,0.7748,True,False
T_QRB,triplet,killer_quick,1024,137,3330,3920,0.7779,True,False
T_QRB,triplet,killer_quick,1024,1618,3330,3920,0.7754,True,False
T_QRB,triplet,killer_quick,1024,2718,3330,3920,0.7708,True,False
T_QRB,triplet,killer_quick,1024,3141,3330,3920,0.7757,True,False
T_QRB,triplet,killer_quick,1024,9973,3330,3920,0.771,True,False
T_QRB,triplet,killer_quick,1024,31337,3330,3920,0.7691,True,False
T_QRB,triplet,killer_quick,1024,65537,3330,3920,0.779,True,False
T_QRI,triplet,killer_quick,1024,42,3330,3920,0.7778,True,False
T_QRI,triplet,killer_quick,1024,137,3330,3920,0.7737,True,False
T_QRI,triplet,killer_quick,1024,1618,3330,3920,0.7747,True,False
T_QRI,triplet,killer_quick,1024,2718,3330,3920,0.8661,True,False
T_QRI,triplet,killer_quick,1024,3141,3330,3920,0.7759,True,False
T_QRI,triplet,killer_quick,1024,9973,3330,3920,0.7826,True,False
T_QRI,triplet,killer_quick,1024,31337,3330,3920,0.7764,True,False
T_QRI,triplet,killer_quick,1024,65537,3330,3920,0.7727,True,False
T_QRS,triplet,killer_quick,1024,42,3330,3920,0.789,True,False
T_QRS,triplet,killer_quick,1024,137,3330,3920,0.7831,True,False
T_QRS,triplet,killer_quick,1024,1618,3330,3920,0.7775,True,False
T_QRS,triplet,killer_quick,1024,2718,3330,3920,0.7765,True,False
T_QRS,triplet,killer_quick,1024,3141,3330,3920,0.7736,True,False
T_QRS,triplet,killer_quick,1024,9973,3330,3920,0.7846,True,False
T_QRS,triplet,killer_quick,1024,31337,3330,3920,0.7706,True,False
T_QRS,triplet,killer_quick,1024,65537,3330,3920,0.7599,True,False
T_QSB,triplet,killer_quick,1024,42,61579,1772,3.9111,True,False
T_QSB,triplet,killer_quick,1024,137,61579,1772,3.8885,True,False
T_QSB,triplet,killer_quick,1024,1618,61579,1772,3.4899,True,False
T_QSB,triplet,killer_quick,1024,2718,61579,1772,3.7676,True,False
T_QSB,triplet,killer_quick,1024,3141,61579,1772,3.74,True,False
T_QSB,triplet,killer_quick,1024,9973,61579,1772,3.8733,True,False
T_QSB,triplet,killer_quick,1024,31337,61579,1772,3.8404,True,False
T_QSB,triplet,killer_quick,1024,65537,61579,1772,3.8411,True,False
T_QSI,triplet,killer_quick,1024,42,61579,1772,3.8543,True,False
T_QSI,triplet,killer_quick,1024,137,61579,1772,3.8351,True,False
T_QSI,triplet,killer_quick,1024,1618,61579,1772,3.8832,True,False
T_QSI,triplet,killer_quick,1024,2718,61579,1772,3.8848,True,False
T_QSI,triplet,killer_quick,1024,3141,61579,1772,3.4772,True,False
T_QSI,triplet,killer_quick,1024,9973,61579,1772,3.4492,True,False
T_QSI,triplet,killer_quick,1024,31337,61579,1772,3.4374,True,False
T_QSI,triplet,killer_quick,1024,65537,61579,1772,3.4343,True,False
T_QSS,triplet,killer_quick,1024,42,61579,1772,3.6056,True,False
T_QSS,triplet,killer_quick,1024,137,61579,1772,3.5,True,False
T_QSS,triplet,killer_quick,1024,1618,61579,1772,3.4704,True,False
T_QSS,triplet,killer_quick,1024,2718,61579,1772,3.4026,True,False
T_QSS,triplet,killer_quick,1024,3141,61579,1772,3.4443,True,False
T_QSS,triplet,killer_quick,1024,9973,61579,1772,3.5166,True,False
T_QSS,triplet,killer_quick,1024,31337,61579,1772,3.4668,True,False
T_QSS,triplet,killer_quick,1024,65537,61579,1772,3.5399,True,False
TimCustom,base,killer_quick,1024,42,12512,13760,1.5711,True,False
TimCustom,base,killer_quick,1024,137,12512,13760,1.6321,True,False
TimCustom,base,killer_quick,1024,1618,12512,13760,1.5934,True,False
TimCustom,base,killer_quick,1024,2718,12512,13760,1.558,True,False
TimCustom,base,killer_quick,1024,3141,12512,13760,1.5808,True,False
TimCustom,base,killer_quick,1024,9973,12512,13760,1.6223,True,False
TimCustom,base,killer_quick,1024,31337,12512,13760,1.6316,True,False
TimCustom,base,killer_quick,1024,65537,12512,13760,1.5776,True,False
Bubble,base,nearly_sorted,1024,42,,,,,True
Bubble,base,nearly_sorted,1024,137,,,,,True
Bubble,base,nearly_sorted,1024,1618,,,,,True
Bubble,base,nearly_sorted,1024,2718,,,,,True
Bubble,base,nearly_sorted,1024,3141,,,,,True
Bubble,base,nearly_sorted,1024,9973,,,,,True
Bubble,base,nearly_sorted,1024,31337,,,,,True
Bubble,base,nearly_sorted,1024,65537,,,,,True
Heap,base,nearly_sorted,1024,42,17953,9905,1.7014,True,False
Heap,base,nearly_sorted,1024,137,17956,9879,1.5696,True,False
Heap,base,nearly_sorted,1024,1618,17968,9927,1.5729,True,False
Heap,base,nearly_sorted,1024,2718,17962,9901,1.5906,True,False
Heap,base,nearly_sorted,1024,3141,17944,9921,1.6193,True,False
Heap,base,nearly_sorted,1024,9973,17965,9909,1.5635,True,False
Heap,base,nearly_sorted,1024,31337,17968,9925,1.3857,True,False
Heap,base,nearly_sorted,1024,65537,17953,9901,1.5542,True,False
Hybrid_Intro,hybrid,nearly_sorted,1024,42,7535,288,0.5315,True,False
Hybrid_Intro,hybrid,nearly_sorted,1024,137,7649,295,0.5301,True,False
Hybrid_Intro,hybrid,nearly_sorted,1024,1618,7533,272,0.5181,True,False
Hybrid_Intro,hybrid,nearly_sorted,1024,2718,7539,266,0.5169,True,False
Hybrid_Intro,hybrid,nearly_sorted,1024,3141,8634,315,0.594,True,False
Hybrid_Intro,hybrid,nearly_sorted,1024,9973,8316,348,0.5881,True,False
Hybrid_Intro,hybrid,nearly_sorted,1024,31337,7711,310,0.533,True,False
Hybrid_Intro,hybrid,nearly_sorted,1024,65537,7479,289,0.5137,True,False
Hybrid_MI,hybrid,nearly_sorted,1024,42,7079,6444,0.8887,True,False
Hybrid_MI,hybrid,nearly_sorted,1024,137,7105,6431,0.8954,True,False
Hybrid_MI,hybrid,nearly_sorted,1024,1618,7166,6502,0.8989,True,False
Hybrid_MI,hybrid,nearly_sorted,1024,2718,6939,6443,0.8785,True,False
Hybrid_MI,hybrid,nearly_sorted,1024,3141,7217,6407,0.8855,True,False
Hybrid_MI,hybrid,nearly_sorted,1024,9973,7142,6458,0.892,True,False
Hybrid_MI,hybrid,nearly_sorted,1024,31337,7186,6468,0.9002,True,False
Hybrid_MI,hybrid,nearly_sorted,1024,65537,7048,6420,0.8769,True,False
Hybrid_QI,hybrid,nearly_sorted,1024,42,7535,288,0.5186,True,False
Hybrid_QI,hybrid,nearly_sorted,1024,137,7649,295,0.5252,True,False
Hybrid_QI,hybrid,nearly_sorted,1024,1618,7533,272,0.5239,True,False
Hybrid_QI,hybrid,nearly_sorted,1024,2718,7539,266,0.5114,True,False
Hybrid_QI,hybrid,nearly_sorted,1024,3141,8634,315,0.6649,True,False
Hybrid_QI,hybrid,nearly_sorted,1024,9973,8316,348,0.5844,True,False
Hybrid_QI,hybrid,nearly_sorted,1024,31337,7711,310,0.5194,True,False
Hybrid_QI,hybrid,nearly_sorted,1024,65537,7479,289,0.5015,True,False
Hybrid_RI,hybrid,nearly_sorted,1024,42,0,4096,0.5247,True,False
Hybrid_RI,hybrid,nearly_sorted,1024,137,0,4096,0.5408,True,False
Hybrid_RI,hybrid,nearly_sorted,1024,1618,0,4096,0.6115,True,False
Hybrid_RI,hybrid,nearly_sorted,1024,2718,0,4096,0.5431,True,False
Hybrid_RI,hybrid,nearly_sorted,1024,3141,0,4096,0.535,True,False
Hybrid_RI,hybrid,nearly_sorted,1024,9973,0,4096,0.5295,True,False
Hybrid_RI,hybrid,nearly_sorted,1024,31337,0,4096,0.5321,True,False
Hybrid_RI,hybrid,nearly_sorted,1024,65537,0,4096,0.5419,True,False
Insertion,base,nearly_sorted,1024,42,27834,27814,1.9073,True,False
Insertion,base,nearly_sorted,1024,137,32466,32433,2.171,True,False
Insertion,base,nearly_sorted,1024,1618,30106,30080,2.0377,True,False
Insertion,base,nearly_sorted,1024,2718,32168,32136,2.1661,True,False
Insertion,base,nearly_sorted,1024,3141,32816,32808,2.2543,True,False
Insertion,base,nearly_sorted,1024,9973,31670,31661,2.1782,True,False
Insertion,base,nearly_sorted,1024,31337,31056,31037,2.1722,True,False
Insertion,base,nearly_sorted,1024,65537,33598,33586,2.5655,True,False
Merge,base,nearly_sorted,1024,42,7822,10240,1.5739,True,False
Merge,base,nearly_sorted,1024,137,7844,10240,1.583,True,False
Merge,base,nearly_sorted,1024,1618,7866,10240,1.5715,True,False
Merge,base,nearly_sorted,1024,2718,7693,10240,1.5623,True,False
Merge,base,nearly_sorted,1024,3141,7929,10240,1.6128,True,False
Merge,base,nearly_sorted,1024,9973,7873,10240,1.6421,True,False
Merge,base,nearly_sorted,1024,31337,7883,10240,1.6517,True,False
Merge,base,nearly_sorted,1024,65537,7805,10240,1.4699,True,False
Quick,base,nearly_sorted,1024,42,8949,787,0.7189,True,False
Quick,base,nearly_sorted,1024,137,8983,798,0.6902,True,False
Quick,base,nearly_sorted,1024,1618,8997,739,0.7117,True,False
Quick,base,nearly_sorted,1024,2718,9060,720,0.7645,True,False
Quick,base,nearly_sorted,1024,3141,10061,853,0.7607,True,False
Quick,base,nearly_sorted,1024,9973,9633,918,0.7387,True,False
Quick,base,nearly_sorted,1024,31337,9056,836,0.6924,True,False
Quick,base,nearly_sorted,1024,65537,8938,751,0.6747,True,False
Radix,base,nearly_sorted,1024,42,0,4096,0.5352,True,False
Radix,base,nearly_sorted,1024,137,0,4096,0.5297,True,False
Radix,base,nearly_sorted,1024,1618,0,4096,0.5306,True,False
Radix,base,nearly_sorted,1024,2718,0,4096,0.5441,True,False
Radix,base,nearly_sorted,1024,3141,0,4096,0.5313,True,False
Radix,base,nearly_sorted,1024,9973,0,4096,0.5387,True,False
Radix,base,nearly_sorted,1024,31337,0,4096,0.5324,True,False
Radix,base,nearly_sorted,1024,65537,0,4096,0.5378,True,False
Selection,base,nearly_sorted,1024,42,,,,,True
Selection,base,nearly_sorted,1024,137,,,,,True
Selection,base,nearly_sorted,1024,1618,,,,,True
Selection,base,nearly_sorted,1024,2718,,,,,True
Selection,base,nearly_sorted,1024,3141,,,,,True
Selection,base,nearly_sorted,1024,9973,,,,,True
Selection,base,nearly_sorted,1024,31337,,,,,True
Selection,base,nearly_sorted,1024,65537,,,,,True
T_MHB,triplet,nearly_sorted,1024,42,14179,9595,1.554,True,False
T_MHB,triplet,nearly_sorted,1024,137,14230,9624,1.7972,True,False
T_MHB,triplet,nearly_sorted,1024,1618,14220,9648,1.7458,True,False
T_MHB,triplet,nearly_sorted,1024,2718,14136,9601,1.7097,True,False
T_MHB,triplet,nearly_sorted,1024,3141,14276,9612,1.7022,True,False
T_MHB,triplet,nearly_sorted,1024,9973,14222,9646,1.7148,True,False
T_MHB,triplet,nearly_sorted,1024,31337,14208,9642,1.7159,True,False
T_MHB,triplet,nearly_sorted,1024,65537,14264,9616,1.6972,True,False
T_MHI,triplet,nearly_sorted,1024,42,14179,9595,1.677,True,False
T_MHI,triplet,nearly_sorted,1024,137,14230,9624,1.6808,True,False
T_MHI,triplet,nearly_sorted,1024,1618,14220,9648,1.6842,True,False
T_MHI,triplet,nearly_sorted,1024,2718,14136,9601,1.7353,True,False
T_MHI,triplet,nearly_sorted,1024,3141,14276,9612,1.5206,True,False
T_MHI,triplet,nearly_sorted,1024,9973,14222,9646,1.5462,True,False
T_MHI,triplet,nearly_sorted,1024,31337,14208,9642,1.5195,True,False
T_MHI,triplet,nearly_sorted,1024,65537,14264,9616,1.5685,True,False
T_MHS,triplet,nearly_sorted,1024,42,14179,9595,1.6836,True,False
T_MHS,triplet,nearly_sorted,1024,137,14230,9624,1.679,True,False
T_MHS,triplet,nearly_sorted,1024,1618,14220,9648,1.746,True,False
T_MHS,triplet,nearly_sorted,1024,2718,14136,9601,1.4994,True,False
T_MHS,triplet,nearly_sorted,1024,3141,14276,9612,1.5748,True,False
T_MHS,triplet,nearly_sorted,1024,9973,14222,9646,1.5058,True,False
T_MHS,triplet,nearly_sorted,1024,31337,14208,9642,1.5973,True,False
T_MHS,triplet,nearly_sorted,1024,65537,14264,9616,1.5481,True,False
T_MIB,triplet,nearly_sorted,1024,42,9338,8457,1.0601,True,False
T_MIB,triplet,nearly_sorted,1024,137,9521,8602,1.1549,True,False
T_MIB,triplet,nearly_sorted,1024,1618,8828,7998,0.9815,True,False
T_MIB,triplet,nearly_sorted,1024,2718,9157,8325,0.9992,True,False
T_MIB,triplet,nearly_sorted,1024,3141,9541,8602,1.0599,True,False
T_MIB,triplet,nearly_sorted,1024,9973,9776,8930,1.0776,True,False
T_MIB,triplet,nearly_sorted,1024,31337,9477,8640,1.0606,True,False
T_MIB,triplet,nearly_sorted,1024,65537,9180,8274,1.0033,True,False
T_MII,triplet,nearly_sorted,1024,42,9338,8457,1.0364,True,False
T_MII,triplet,nearly_sorted,1024,137,9521,8602,1.0424,True,False
T_MII,triplet,nearly_sorted,1024,1618,8828,7998,0.9935,True,False
T_MII,triplet,nearly_sorted,1024,2718,9157,8325,1.0832,True,False
T_MII,triplet,nearly_sorted,1024,3141,9541,8602,1.0577,True,False
T_MII,triplet,nearly_sorted,1024,9973,9776,8930,1.0562,True,False
T_MII,triplet,nearly_sorted,1024,31337,9477,8640,1.028,True,False
T_MII,triplet,nearly_sorted,1024,65537,9180,8274,1.0314,True,False
T_MIS,triplet,nearly_sorted,1024,42,9338,8457,1.0788,True,False
T_MIS,triplet,nearly_sorted,1024,137,9521,8602,1.0496,True,False
T_MIS,triplet,nearly_sorted,1024,1618,8828,7998,0.9877,True,False
T_MIS,triplet,nearly_sorted,1024,2718,9157,8325,0.9935,True,False
T_MIS,triplet,nearly_sorted,1024,3141,9541,8602,1.0289,True,False
T_MIS,triplet,nearly_sorted,1024,9973,9776,8930,1.0594,True,False
T_MIS,triplet,nearly_sorted,1024,31337,9477,8640,1.0549,True,False
T_MIS,triplet,nearly_sorted,1024,65537,9180,8274,0.994,True,False
T_MMB,triplet,nearly_sorted,1024,42,8958,6784,1.0493,True,False
T_MMB,triplet,nearly_sorted,1024,137,9223,6795,1.1473,True,False
T_MMB,triplet,nearly_sorted,1024,1618,9321,6885,1.0885,True,False
T_MMB,triplet,nearly_sorted,1024,2718,8845,6776,1.0396,True,False
T_MMB,triplet,nearly_sorted,1024,3141,9322,6813,1.0678,True,False
T_MMB,triplet,nearly_sorted,1024,9973,9278,6826,1.0764,True,False
T_MMB,triplet,nearly_sorted,1024,31337,9328,6869,1.0744,True,False
T_MMB,triplet,nearly_sorted,1024,65537,9148,6779,1.0522,True,False
T_MMI,triplet,nearly_sorted,1024,42,7079,6784,0.9156,True,False
T_MMI,triplet,nearly_sorted,1024,137,7105,6795,0.9479,True,False
T_MMI,triplet,nearly_sorted,1024,1618,7166,6885,0.924,True,False
T_MMI,triplet,nearly_sorted,1024,2718,6939,6776,0.9094,True,False
T_MMI,triplet,nearly_sorted,1024,3141,7217,6813,0.9256,True,False
T_MMI,triplet,nearly_sorted,1024,9973,7142,6826,0.9508,True,False
T_MMI,triplet,nearly_sorted,1024,31337,7186,6869,0.9233,True,False
T_MMI,triplet,nearly_sorted,1024,65537,7048,6779,0.9102,True,False
T_MMS,triplet,nearly_sorted,1024,42,13193,6592,1.3035,True,False
T_MMS,triplet,nearly_sorted,1024,137,13206,6585,1.3349,True,False
T_MMS,triplet,nearly_sorted,1024,1618,13187,6617,1.3971,True,False
T_MMS,triplet,nearly_sorted,1024,2718,13062,6568,1.4313,True,False
T_MMS,triplet,nearly_sorted,1024,3141,13305,6569,1.4476,True,False
T_MMS,triplet,nearly_sorted,1024,9973,13225,6572,1.4911,True,False
T_MMS,triplet,nearly_sorted,1024,31337,13217,6583,1.4603,True,False
T_MMS,triplet,nearly_sorted,1024,65537,13169,6605,1.4511,True,False
T_MQB,triplet,nearly_sorted,1024,42,10955,5364,1.2649,True,False
T_MQB,triplet,nearly_sorted,1024,137,10456,5296,1.2186,True,False
T_MQB,triplet,nearly_sorted,1024,1618,10394,5290,1.2672,True,False
T_MQB,triplet,nearly_sorted,1024,2718,10476,5319,1.263,True,False
T_MQB,triplet,nearly_sorted,1024,3141,11061,5375,1.3239,True,False
T_MQB,triplet,nearly_sorted,1024,9973,10646,5362,1.1053,True,False
T_MQB,triplet,nearly_sorted,1024,31337,10589,5311,1.0946,True,False
T_MQB,triplet,nearly_sorted,1024,65537,11096,5368,1.1611,True,False
T_MQI,triplet,nearly_sorted,1024,42,9729,5364,1.0161,True,False
T_MQI,triplet,nearly_sorted,1024,137,9430,5296,0.9838,True,False
T_MQI,triplet,nearly_sorted,1024,1618,9223,5290,0.9662,True,False
T_MQI,triplet,nearly_sorted,1024,2718,9433,5319,1.1297,True,False
T_MQI,triplet,nearly_sorted,1024,3141,9753,5375,1.0313,True,False
T_MQI,triplet,nearly_sorted,1024,9973,9360,5362,1.009,True,False
T_MQI,triplet,nearly_sorted,1024,31337,9322,5311,0.9848,True,False
T_MQI,triplet,nearly_sorted,1024,65537,9555,5368,1.0019,True,False
T_MQS,triplet,nearly_sorted,1024,42,12033,4336,1.1416,True,False
T_MQS,triplet,nearly_sorted,1024,137,12024,4248,1.1222,True,False
T_MQS,triplet,nearly_sorted,1024,1618,11861,4184,1.1159,True,False
T_MQS,triplet,nearly_sorted,1024,2718,11671,4297,1.1162,True,False
T_MQS,triplet,nearly_sorted,1024,3141,12178,4323,1.1721,True,False
T_MQS,triplet,nearly_sorted,1024,9973,11813,4300,1.1204,True,False
T_MQS,triplet,nearly_sorted,1024,31337,11893,4251,1.1096,True,False
T_MQS,triplet,nearly_sorted,1024,65537,11973,4314,1.1305,True,False
T_MRB,triplet,nearly_sorted,1024,42,2954,6528,0.8824,True,False
T_MRB,triplet,nearly_sorted,1024,137,2987,6528,0.8763,True,False
T_MRB,triplet,nearly_sorted,1024,1618,2904,6400,0.9069,True,False
T_MRB,triplet,nearly_sorted,1024,2718,2904,6272,0.8519,True,False
T_MRB,triplet,nearly_sorted,1024,3141,3011,6528,0.8606,True,False
T_MRB,triplet,nearly_sorted,1024,9973,2919,6400,0.8345,True,False
T_MRB,triplet,nearly_sorted,1024,31337,2909,6400,0.8588,True,False
T_MRB,triplet,nearly_sorted,1024,65537,2980,6528,0.8657,True,False
T_MRI,triplet,nearly_sorted,1024,42,2954,6528,0.8537,True,False
T_MRI,triplet,nearly_sorted,1024,137,2987,6528,0.8736,True,False
T_MRI,triplet,nearly_sorted,1024,1618,2904,6400,0.8518,True,False
T_MRI,triplet,nearly_sorted,1024,2718,2904,6272,0.8672,True,False
T_MRI,triplet,nearly_sorted,1024,3141,3011,6528,0.8772,True,False
T_MRI,triplet,nearly_sorted,1024,9973,2919,6400,0.8372,True,False
T_MRI,triplet,nearly_sorted,1024,31337,2909,6400,0.8507,True,False
T_MRI,triplet,nearly_sorted,1024,65537,2980,6528,0.9042,True,False
T_MRS,triplet,nearly_sorted,1024,42,2954,6528,0.8874,True,False
T_MRS,triplet,nearly_sorted,1024,137,2987,6528,0.9259,True,False
T_MRS,triplet,nearly_sorted,1024,1618,2904,6400,0.8875,True,False
T_MRS,triplet,nearly_sorted,1024,2718,2904,6272,0.8982,True,False
T_MRS,triplet,nearly_sorted,1024,3141,3011,6528,0.8953,True,False
T_MRS,triplet,nearly_sorted,1024,9973,2919,6400,0.854,True,False
T_MRS,triplet,nearly_sorted,1024,31337,2909,6400,0.8302,True,False
T_MRS,triplet,nearly_sorted,1024,65537,2980,6528,0.9609,True,False
T_MSB,triplet,nearly_sorted,1024,42,67978,4017,4.1892,True,False
T_MSB,triplet,nearly_sorted,1024,137,68011,3948,4.2356,True,False
T_MSB,triplet,nearly_sorted,1024,1618,67928,3902,4.4047,True,False
T_MSB,triplet,nearly_sorted,1024,2718,67928,3963,4.3258,True,False
T_MSB,triplet,nearly_sorted,1024,3141,68035,4028,4.3689,True,False
T_MSB,triplet,nearly_sorted,1024,9973,67943,4004,3.7904,True,False
T_MSB,triplet,nearly_sorted,1024,31337,67933,3962,3.8219,True,False
T_MSB,triplet,nearly_sorted,1024,65537,68004,4010,3.9349,True,False
T_MSI,triplet,nearly_sorted,1024,42,67978,4017,4.299,True,False
T_MSI,triplet,nearly_sorted,1024,137,68011,3948,4.2663,True,False
T_MSI,triplet,nearly_sorted,1024,1618,67928,3902,4.0233,True,False
T_MSI,triplet,nearly_sorted,1024,2718,67928,3963,3.763,True,False
T_MSI,triplet,nearly_sorted,1024,3141,68035,4028,4.2311,True,False
T_MSI,triplet,nearly_sorted,1024,9973,67943,4004,3.8093,True,False
T_MSI,triplet,nearly_sorted,1024,31337,67933,3962,4.2969,True,False
T_MSI,triplet,nearly_sorted,1024,65537,68004,4010,3.8464,True,False
T_MSS,triplet,nearly_sorted,1024,42,67978,4017,4.2338,True,False
T_MSS,triplet,nearly_sorted,1024,137,68011,3948,4.1417,True,False
T_MSS,triplet,nearly_sorted,1024,1618,67928,3902,4.259,True,False
T_MSS,triplet,nearly_sorted,1024,2718,67928,3963,4.3344,True,False
T_MSS,triplet,nearly_sorted,1024,3141,68035,4028,4.2435,True,False
T_MSS,triplet,nearly_sorted,1024,9973,67943,4004,4.2596,True,False
T_MSS,triplet,nearly_sorted,1024,31337,67933,3962,3.754,True,False
T_MSS,triplet,nearly_sorted,1024,65537,68004,4010,4.3022,True,False
T_QHB,triplet,nearly_sorted,1024,42,14388,6555,1.4777,True,False
T_QHB,triplet,nearly_sorted,1024,137,14508,6675,1.3686,True,False
T_QHB,triplet,nearly_sorted,1024,1618,14630,6789,1.3578,True,False
T_QHB,triplet,nearly_sorted,1024,2718,14614,6707,1.3156,True,False
T_QHB,triplet,nearly_sorted,1024,3141,15165,6363,1.3615,True,False
T_QHB,triplet,nearly_sorted,1024,9973,14486,6261,1.3643,True,False
T_QHB,triplet,nearly_sorted,1024,31337,14365,6539,1.4856,True,False
T_QHB,triplet,nearly_sorted,1024,65537,14642,6815,1.5152,True,False
T_QHI,triplet,nearly_sorted,1024,42,14388,6555,1.4888,True,False
T_QHI,triplet,nearly_sorted,1024,137,14508,6675,1.4822,True,False
T_QHI,triplet,nearly_sorted,1024,1618,14630,6789,1.5821,True,False
T_QHI,triplet,nearly_sorted,1024,2718,14614,6707,1.504,True,False
T_QHI,triplet,nearly_sorted,1024,3141,15165,6363,1.6672,True,False
T_QHI,triplet,nearly_sorted,1024,9973,14486,6261,1.4781,True,False
T_QHI,triplet,nearly_sorted,1024,31337,14365,6539,1.456,True,False
T_QHI,triplet,nearly_sorted,1024,65537,14642,6815,1.5033,True,False
T_QHS,triplet,nearly_sorted,1024,42,14388,6555,1.4651,True,False
T_QHS,triplet,nearly_sorted,1024,137,14508,6675,1.4773,True,False
T_QHS,triplet,nearly_sorted,1024,1618,14630,6789,1.4847,True,False
T_QHS,triplet,nearly_sorted,1024,2718,14614,6707,1.3198,True,False
T_QHS,triplet,nearly_sorted,1024,3141,15165,6363,1.3731,True,False
T_QHS,triplet,nearly_sorted,1024,9973,14486,6261,1.3107,True,False
T_QHS,triplet,nearly_sorted,1024,31337,14365,6539,1.3049,True,False
T_QHS,triplet,nearly_sorted,1024,65537,14642,6815,1.3597,True,False
T_QIB,triplet,nearly_sorted,1024,42,7287,2983,0.601,True,False
T_QIB,triplet,nearly_sorted,1024,137,7252,3107,0.5984,True,False
T_QIB,triplet,nearly_sorted,1024,1618,8141,4133,0.6962,True,False
T_QIB,triplet,nearly_sorted,1024,2718,7049,2837,0.5772,True,False
T_QIB,triplet,nearly_sorted,1024,3141,8241,2777,0.6573,True,False
T_QIB,triplet,nearly_sorted,1024,9973,7616,2641,0.6132,True,False
T_QIB,triplet,nearly_sorted,1024,31337,7023,2739,0.5729,True,False
T_QIB,triplet,nearly_sorted,1024,65537,7718,3721,0.6494,True,False
T_QII,triplet,nearly_sorted,1024,42,7287,2983,0.6443,True,False
T_QII,triplet,nearly_sorted,1024,137,7252,3107,0.6015,True,False
T_QII,triplet,nearly_sorted,1024,1618,8141,4133,0.7157,True,False
T_QII,triplet,nearly_sorted,1024,2718,7049,2837,0.5775,True,False
T_QII,triplet,nearly_sorted,1024,3141,8241,2777,0.6527,True,False
T_QII,triplet,nearly_sorted,1024,9973,7616,2641,0.6089,True,False
T_QII,triplet,nearly_sorted,1024,31337,7023,2739,0.5738,True,False
T_QII,triplet,nearly_sorted,1024,65537,7718,3721,0.6467,True,False
T_QIS,triplet,nearly_sorted,1024,42,7287,2983,0.625,True,False
T_QIS,triplet,nearly_sorted,1024,137,7252,3107,0.6008,True,False
T_QIS,triplet,nearly_sorted,1024,1618,8141,4133,0.6867,True,False
T_QIS,triplet,nearly_sorted,1024,2718,7049,2837,0.5769,True,False
T_QIS,triplet,nearly_sorted,1024,3141,8241,2777,0.6503,True,False
T_QIS,triplet,nearly_sorted,1024,9973,7616,2641,0.6271,True,False
T_QIS,triplet,nearly_sorted,1024,31337,7023,2739,0.6487,True,False
T_QIS,triplet,nearly_sorted,1024,65537,7718,3721,0.6532,True,False
T_QMB,triplet,nearly_sorted,1024,42,8228,3572,0.8341,True,False
T_QMB,triplet,nearly_sorted,1024,137,8779,3708,0.8492,True,False
T_QMB,triplet,nearly_sorted,1024,1618,8921,3741,0.9252,True,False
T_QMB,triplet,nearly_sorted,1024,2718,8523,3494,0.8914,True,False
T_QMB,triplet,nearly_sorted,1024,3141,9581,3423,0.976,True,False
T_QMB,triplet,nearly_sorted,1024,9973,8598,3500,0.9254,True,False
T_QMB,triplet,nearly_sorted,1024,31337,8519,3647,0.9256,True,False
T_QMB,triplet,nearly_sorted,1024,65537,8931,3737,1.0373,True,False
T_QMI,triplet,nearly_sorted,1024,42,6995,3572,0.8165,True,False
T_QMI,triplet,nearly_sorted,1024,137,6972,3708,0.842,True,False
T_QMI,triplet,nearly_sorted,1024,1618,7080,3741,0.801,True,False
T_QMI,triplet,nearly_sorted,1024,2718,6794,3494,0.8155,True,False
T_QMI,triplet,nearly_sorted,1024,3141,8075,3423,0.8714,True,False
T_QMI,triplet,nearly_sorted,1024,9973,7628,3500,0.8551,True,False
T_QMI,triplet,nearly_sorted,1024,31337,7068,3647,0.8135,True,False
T_QMI,triplet,nearly_sorted,1024,65537,6954,3737,0.793,True,False
T_QMS,triplet,nearly_sorted,1024,42,11893,3476,1.1509,True,False
T_QMS,triplet,nearly_sorted,1024,137,12427,3498,1.1834,True,False
T_QMS,triplet,nearly_sorted,1024,1618,13121,3579,1.2056,True,False
T_QMS,triplet,nearly_sorted,1024,2718,12643,3370,1.2362,True,False
T_QMS,triplet,nearly_sorted,1024,3141,12823,3271,1.2092,True,False
T_QMS,triplet,nearly_sorted,1024,9973,11303,3436,1.1388,True,False
T_QMS,triplet,nearly_sorted,1024,31337,11936,3499,1.3139,True,False
T_QMS,triplet,nearly_sorted,1024,65537,13015,3531,1.2276,True,False
T_QQB,triplet,nearly_sorted,1024,42,8194,471,0.6601,True,False
T_QQB,triplet,nearly_sorted,1024,137,8667,585,0.697,True,False
T_QQB,triplet,nearly_sorted,1024,1618,8210,469,0.6471,True,False
T_QQB,triplet,nearly_sorted,1024,2718,8045,405,0.646,True,False
T_QQB,triplet,nearly_sorted,1024,3141,9058,471,0.7535,True,False
T_QQB,triplet,nearly_sorted,1024,9973,8801,528,0.7657,True,False
T_QQB,triplet,nearly_sorted,1024,31337,8309,531,0.6126,True,False
T_QQB,triplet,nearly_sorted,1024,65537,7952,461,0.6085,True,False
T_QQI,triplet,nearly_sorted,1024,42,7535,471,0.5678,True,False
T_QQI,triplet,nearly_sorted,1024,137,7649,585,0.6304,True,False
T_QQI,triplet,nearly_sorted,1024,1618,7533,469,0.6737,True,False
T_QQI,triplet,nearly_sorted,1024,2718,7539,405,0.6149,True,False
T_QQI,triplet,nearly_sorted,1024,3141,8634,471,0.7052,True,False
T_QQI,triplet,nearly_sorted,1024,9973,8316,528,0.6955,True,False
T_QQI,triplet,nearly_sorted,1024,31337,7711,531,0.6372,True,False
T_QQI,triplet,nearly_sorted,1024,65537,7479,461,0.6393,True,False
T_QQS,triplet,nearly_sorted,1024,42,12020,311,0.9345,True,False
T_QQS,triplet,nearly_sorted,1024,137,12142,323,0.9368,True,False
T_QQS,triplet,nearly_sorted,1024,1618,12640,295,0.9608,True,False
T_QQS,triplet,nearly_sorted,1024,2718,12663,283,0.9564,True,False
T_QQS,triplet,nearly_sorted,1024,3141,12594,339,0.9955,True,False
T_QQS,triplet,nearly_sorted,1024,9973,11810,368,0.9448,True,False
T_QQS,triplet,nearly_sorted,1024,31337,11815,335,0.9172,True,False
T_QQS,triplet,nearly_sorted,1024,65537,12360,307,0.9391,True,False
T_QRB,triplet,nearly_sorted,1024,42,3394,3190,0.7388,True,False
T_QRB,triplet,nearly_sorted,1024,137,3224,3189,0.7139,True,False
T_QRB,triplet,nearly_sorted,1024,1618,3075,3253,0.7201,True,False
T_QRB,triplet,nearly_sorted,1024,2718,3288,3259,0.7298,True,False
T_QRB,triplet,nearly_sorted,1024,3141,4576,3258,0.8409,True,False
T_QRB,triplet,nearly_sorted,1024,9973,4094,3133,0.7976,True,False
T_QRB,triplet,nearly_sorted,1024,31337,3381,3275,0.7772,True,False
T_QRB,triplet,nearly_sorted,1024,65537,3075,3266,0.7173,True,False
T_QRI,triplet,nearly_sorted,1024,42,3394,3190,0.7338,True,False
T_QRI,triplet,nearly_sorted,1024,137,3224,3189,0.6343,True,False
T_QRI,triplet,nearly_sorted,1024,1618,3075,3253,0.6486,True,False
T_QRI,triplet,nearly_sorted,1024,2718,3288,3259,0.6678,True,False
T_QRI,triplet,nearly_sorted,1024,3141,4576,3258,0.7532,True,False
T_QRI,triplet,nearly_sorted,1024,9973,4094,3133,0.8027,True,False
T_QRI,triplet,nearly_sorted,1024,31337,3381,3275,0.74,True,False
T_QRI,triplet,nearly_sorted,1024,65537,3075,3266,0.7109,True,False
T_QRS,triplet,nearly_sorted,1024,42,3394,3190,0.6638,True,False
T_QRS,triplet,nearly_sorted,1024,137,3224,3189,0.6923,True,False
T_QRS,triplet,nearly_sorted,1024,1618,3075,3253,0.6316,True,False
T_QRS,triplet,nearly_sorted,1024,2718,3288,3259,0.6547,True,False
T_QRS,triplet,nearly_sorted,1024,3141,4576,3258,0.7434,True,False
T_QRS,triplet,nearly_sorted,1024,9973,4094,3133,0.6961,True,False
T_QRS,triplet,nearly_sorted,1024,31337,3381,3275,0.7813,True,False
T_QRS,triplet,nearly_sorted,1024,65537,3075,3266,0.6558,True,False
T_QSB,triplet,nearly_sorted,1024,42,56796,163,3.1531,True,False
T_QSB,triplet,nearly_sorted,1024,137,62251,153,3.6765,True,False
T_QSB,triplet,nearly_sorted,1024,1618,67210,137,3.8921,True,False
T_QSB,triplet,nearly_sorted,1024,2718,63307,143,3.6934,True,False
T_QSB,triplet,nearly_sorted,1024,3141,52110,177,3.0916,True,False
T_QSB,triplet,nearly_sorted,1024,9973,46898,171,2.8188,True,False
T_QSB,triplet,nearly_sorted,1024,31337,57064,161,3.3962,True,False
T_QSB,triplet,nearly_sorted,1024,65537,67210,151,3.9376,True,False
T_QSI,triplet,nearly_sorted,1024,42,56796,163,3.0464,True,False
T_QSI,triplet,nearly_sorted,1024,137,62251,153,3.4742,True,False
T_QSI,triplet,nearly_sorted,1024,1618,67210,137,3.5986,True,False
T_QSI,triplet,nearly_sorted,1024,2718,63307,143,3.7287,True,False
T_QSI,triplet,nearly_sorted,1024,3141,52110,177,2.8305,True,False
T_QSI,triplet,nearly_sorted,1024,9973,46898,171,2.5898,True,False
T_QSI,triplet,nearly_sorted,1024,31337,57064,161,3.2933,True,False
T_QSI,triplet,nearly_sorted,1024,65537,67210,151,3.916,True,False
T_QSS,triplet,nearly_sorted,1024,42,56796,163,3.3396,True,False
T_QSS,triplet,nearly_sorted,1024,137,62251,153,3.7431,True,False
T_QSS,triplet,nearly_sorted,1024,1618,67210,137,4.0034,True,False
T_QSS,triplet,nearly_sorted,1024,2718,63307,143,3.827,True,False
T_QSS,triplet,nearly_sorted,1024,3141,52110,177,3.1725,True,False
T_QSS,triplet,nearly_sorted,1024,9973,46898,171,2.8496,True,False
T_QSS,triplet,nearly_sorted,1024,31337,57064,161,3.5627,True,False
T_QSS,triplet,nearly_sorted,1024,65537,67210,151,4.1601,True,False
TimCustom,base,nearly_sorted,1024,42,7150,7058,1.0383,True,False
TimCustom,base,nearly_sorted,1024,137,7111,6922,1.033,True,False
TimCustom,base,nearly_sorted,1024,1618,7023,7070,1.0504,True,False
TimCustom,base,nearly_sorted,1024,2718,6942,6910,1.0104,True,False
TimCustom,base,nearly_sorted,1024,3141,7273,6961,1.033,True,False
TimCustom,base,nearly_sorted,1024,9973,7128,7023,0.9863,True,False
TimCustom,base,nearly_sorted,1024,31337,7178,7033,0.9646,True,False
TimCustom,base,nearly_sorted,1024,65537,7030,6833,0.9446,True,False
Bubble,base,pipe_organ,1024,42,,,,,True
Bubble,base,pipe_organ,1024,137,,,,,True
Bubble,base,pipe_organ,1024,1618,,,,,True
Bubble,base,pipe_organ,1024,2718,,,,,True
Bubble,base,pipe_organ,1024,3141,,,,,True
Bubble,base,pipe_organ,1024,9973,,,,,True
Bubble,base,pipe_organ,1024,31337,,,,,True
Bubble,base,pipe_organ,1024,65537,,,,,True
Heap,base,pipe_organ,1024,42,17658,9427,1.5861,True,False
Heap,base,pipe_organ,1024,137,17658,9427,1.6054,True,False
Heap,base,pipe_organ,1024,1618,17658,9427,1.4041,True,False
Heap,base,pipe_organ,1024,2718,17658,9427,1.4055,True,False
Heap,base,pipe_organ,1024,3141,17658,9427,1.5566,True,False
Heap,base,pipe_organ,1024,9973,17658,9427,1.5423,True,False
Heap,base,pipe_organ,1024,31337,17658,9427,1.5466,True,False
Heap,base,pipe_organ,1024,65537,17658,9427,1.5636,True,False
Hybrid_Intro,hybrid,pipe_organ,1024,42,22884,3623,1.8807,True,False
Hybrid_Intro,hybrid,pipe_organ,1024,137,22884,3623,1.8847,True,False
Hybrid_Intro,hybrid,pipe_organ,1024,1618,22884,3623,1.8788,True,False
Hybrid_Intro,hybrid,pipe_organ,1024,2718,22884,3623,1.8799,True,False
Hybrid_Intro,hybrid,pipe_organ,1024,3141,22884,3623,1.8819,True,False
Hybrid_Intro,hybrid,pipe_organ,1024,9973,22884,3623,2.0591,True,False
Hybrid_Intro,hybrid,pipe_organ,1024,31337,22884,3623,1.8751,True,False
Hybrid_Intro,hybrid,pipe_organ,1024,65537,22884,3623,1.7556,True,False
Hybrid_MI,hybrid,pipe_organ,1024,42,7902,6624,1.156,True,False
Hybrid_MI,hybrid,pipe_organ,1024,137,7902,6624,1.1456,True,False
Hybrid_MI,hybrid,pipe_organ,1024,1618,7902,6624,1.164,True,False
Hybrid_MI,hybrid,pipe_organ,1024,2718,7902,6624,1.2136,True,False
Hybrid_MI,hybrid,pipe_organ,1024,3141,7902,6624,1.1468,True,False
Hybrid_MI,hybrid,pipe_organ,1024,9973,7902,6624,1.1728,True,False
Hybrid_MI,hybrid,pipe_organ,1024,31337,7902,6624,1.181,True,False
Hybrid_MI,hybrid,pipe_organ,1024,65537,7902,6624,1.0549,True,False
Hybrid_QI,hybrid,pipe_organ,1024,42,21662,1775,1.5964,True,False
Hybrid_QI,hybrid,pipe_organ,1024,137,21662,1775,1.5595,True,False
Hybrid_QI,hybrid,pipe_organ,1024,1618,21662,1775,1.6605,True,False
Hybrid_QI,hybrid,pipe_organ,1024,2718,21662,1775,1.6726,True,False
Hybrid_QI,hybrid,pipe_organ,1024,3141,21662,1775,1.6562,True,False
Hybrid_QI,hybrid,pipe_organ,1024,9973,21662,1775,1.6635,True,False
Hybrid_QI,hybrid,pipe_organ,1024,31337,21662,1775,1.6673,True,False
Hybrid_QI,hybrid,pipe_organ,1024,65537,21662,1775,1.6947,True,False
Hybrid_RI,hybrid,pipe_organ,1024,42,0,3072,0.4559,True,False
Hybrid_RI,hybrid,pipe_organ,1024,137,0,3072,0.4574,True,False
Hybrid_RI,hybrid,pipe_organ,1024,1618,0,3072,0.4582,True,False
Hybrid_RI,hybrid,pipe_organ,1024,2718,0,3072,0.456,True,False
Hybrid_RI,hybrid,pipe_organ,1024,3141,0,3072,0.4558,True,False
Hybrid_RI,hybrid,pipe_organ,1024,9973,0,3072,0.4578,True,False
Hybrid_RI,hybrid,pipe_organ,1024,31337,0,3072,0.4682,True,False
Hybrid_RI,hybrid,pipe_organ,1024,65537,0,3072,0.4661,True,False
Insertion,base,pipe_organ,1024,42,262144,261632,21.7854,True,False
Insertion,base,pipe_organ,1024,137,262144,261632,20.181,True,False
Insertion,base,pipe_organ,1024,1618,262144,261632,20.4425,True,False
Insertion,base,pipe_organ,1024,2718,262144,261632,20.1345,True,False
Insertion,base,pipe_organ,1024,3141,262144,261632,21.0059,True,False
Insertion,base,pipe_organ,1024,9973,262144,261632,18.9073,True,False
Insertion,base,pipe_organ,1024,31337,262144,261632,19.9175,True,False
Insertion,base,pipe_organ,1024,65537,262144,261632,20.109,True,False
Merge,base,pipe_organ,1024,42,5630,10240,1.4657,True,False
Merge,base,pipe_organ,1024,137,5630,10240,1.3055,True,False
Merge,base,pipe_organ,1024,1618,5630,10240,1.3347,True,False
Merge,base,pipe_organ,1024,2718,5630,10240,1.3478,True,False
Merge,base,pipe_organ,1024,3141,5630,10240,1.393,True,False
Merge,base,pipe_organ,1024,9973,5630,10240,1.3704,True,False
Merge,base,pipe_organ,1024,31337,5630,10240,1.4513,True,False
Merge,base,pipe_organ,1024,65537,5630,10240,1.3225,True,False
Quick,base,pipe_organ,1024,42,21522,2561,1.6723,True,False
Quick,base,pipe_organ,1024,137,21522,2561,1.7604,True,False
Quick,base,pipe_organ,1024,1618,21522,2561,1.775,True,False
Quick,base,pipe_organ,1024,2718,21522,2561,1.8217,True,False
Quick,base,pipe_organ,1024,3141,21522,2561,1.8159,True,False
Quick,base,pipe_organ,1024,9973,21522,2561,1.7095,True,False
Quick,base,pipe_organ,1024,31337,21522,2561,1.7578,True,False
Quick,base,pipe_organ,1024,65537,21522,2561,1.7882,True,False
Radix,base,pipe_organ,1024,42,0,3072,0.4524,True,False
Radix,base,pipe_organ,1024,137,0,3072,0.4551,True,False
Radix,base,pipe_organ,1024,1618,0,3072,0.4566,True,False
Radix,base,pipe_organ,1024,2718,0,3072,0.4589,True,False
Radix,base,pipe_organ,1024,3141,0,3072,0.4691,True,False
Radix,base,pipe_organ,1024,9973,0,3072,0.4733,True,False
Radix,base,pipe_organ,1024,31337,0,3072,0.4773,True,False
Radix,base,pipe_organ,1024,65537,0,3072,0.4842,True,False
Selection,base,pipe_organ,1024,42,,,,,True
Selection,base,pipe_organ,1024,137,,,,,True
Selection,base,pipe_organ,1024,1618,,,,,True
Selection,base,pipe_organ,1024,2718,,,,,True
Selection,base,pipe_organ,1024,3141,,,,,True
Selection,base,pipe_organ,1024,9973,,,,,True
Selection,base,pipe_organ,1024,31337,,,,,True
Selection,base,pipe_organ,1024,65537,,,,,True
T_MHB,triplet,pipe_organ,1024,42,13058,9280,1.5852,True,False
T_MHB,triplet,pipe_organ,1024,137,13058,9280,1.5663,True,False
T_MHB,triplet,pipe_organ,1024,1618,13058,9280,1.615,True,False
T_MHB,triplet,pipe_organ,1024,2718,13058,9280,1.6093,True,False
T_MHB,triplet,pipe_organ,1024,3141,13058,9280,1.5914,True,False
T_MHB,triplet,pipe_organ,1024,9973,13058,9280,1.5761,True,False
T_MHB,triplet,pipe_organ,1024,31337,13058,9280,1.5731,True,False
T_MHB,triplet,pipe_organ,1024,65537,13058,9280,1.6134,True,False
T_MHI,triplet,pipe_organ,1024,42,13058,9280,1.6243,True,False
T_MHI,triplet,pipe_organ,1024,137,13058,9280,1.5997,True,False
T_MHI,triplet,pipe_organ,1024,1618,13058,9280,1.5933,True,False
T_MHI,triplet,pipe_organ,1024,2718,13058,9280,1.5788,True,False
T_MHI,triplet,pipe_organ,1024,3141,13058,9280,1.5888,True,False
T_MHI,triplet,pipe_organ,1024,9973,13058,9280,1.5949,True,False
T_MHI,triplet,pipe_organ,1024,31337,13058,9280,1.5799,True,False
T_MHI,triplet,pipe_organ,1024,65537,13058,9280,1.5858,True,False
T_MHS,triplet,pipe_organ,1024,42,13058,9280,1.5729,True,False
T_MHS,triplet,pipe_organ,1024,137,13058,9280,1.5737,True,False
T_MHS,triplet,pipe_organ,1024,1618,13058,9280,1.5955,True,False
T_MHS,triplet,pipe_organ,1024,2718,13058,9280,1.5904,True,False
T_MHS,triplet,pipe_organ,1024,3141,13058,9280,1.5721,True,False
T_MHS,triplet,pipe_organ,1024,9973,13058,9280,1.6853,True,False
T_MHS,triplet,pipe_organ,1024,31337,13058,9280,1.5975,True,False
T_MHS,triplet,pipe_organ,1024,65537,13058,9280,1.4096,True,False
T_MIB,triplet,pipe_organ,1024,42,35066,35584,3.8141,True,False
T_MIB,triplet,pipe_organ,1024,137,35066,35584,4.2492,True,False
T_MIB,triplet,pipe_organ,1024,1618,35066,35584,4.2336,True,False
T_MIB,triplet,pipe_organ,1024,2718,35066,35584,4.0865,True,False
T_MIB,triplet,pipe_organ,1024,3141,35066,35584,3.7524,True,False
T_MIB,triplet,pipe_organ,1024,9973,35066,35584,4.0511,True,False
T_MIB,triplet,pipe_organ,1024,31337,35066,35584,3.9576,True,False
T_MIB,triplet,pipe_organ,1024,65537,35066,35584,4.1391,True,False
T_MII,triplet,pipe_organ,1024,42,35066,35584,4.2008,True,False
T_MII,triplet,pipe_organ,1024,137,35066,35584,4.0957,True,False
T_MII,triplet,pipe_organ,1024,1618,35066,35584,4.137,True,False
T_MII,triplet,pipe_organ,1024,2718,35066,35584,4.1368,True,False
T_MII,triplet,pipe_organ,1024,3141,35066,35584,4.1461,True,False
T_MII,triplet,pipe_organ,1024,9973,35066,35584,4.0838,True,False
T_MII,triplet,pipe_organ,1024,31337,35066,35584,4.1048,True,False
T_MII,triplet,pipe_organ,1024,65537,35066,35584,4.184,True,False
T_MIS,triplet,pipe_organ,1024,42,35066,35584,4.0786,True,False
T_MIS,triplet,pipe_organ,1024,137,35066,35584,4.3347,True,False
T_MIS,triplet,pipe_organ,1024,1618,35066,35584,3.6673,True,False
T_MIS,triplet,pipe_organ,1024,2718,35066,35584,3.7102,True,False
T_MIS,triplet,pipe_organ,1024,3141,35066,35584,3.8282,True,False
T_MIS,triplet,pipe_organ,1024,9973,35066,35584,4.0461,True,False
T_MIS,triplet,pipe_organ,1024,31337,35066,35584,4.1449,True,False
T_MIS,triplet,pipe_organ,1024,65537,35066,35584,4.2107,True,False
T_MMB,triplet,pipe_organ,1024,42,7902,9984,1.4064,True,False
T_MMB,triplet,pipe_organ,1024,137,7902,9984,1.3879,True,False
T_MMB,triplet,pipe_organ,1024,1618,7902,9984,1.3843,True,False
T_MMB,triplet,pipe_organ,1024,2718,7902,9984,1.3758,True,False
T_MMB,triplet,pipe_organ,1024,3141,7902,9984,1.3745,True,False
T_MMB,triplet,pipe_organ,1024,9973,7902,9984,1.3933,True,False
T_MMB,triplet,pipe_organ,1024,31337,7902,9984,1.3783,True,False
T_MMB,triplet,pipe_organ,1024,65537,7902,9984,1.3845,True,False
T_MMI,triplet,pipe_organ,1024,42,7902,9984,1.2699,True,False
T_MMI,triplet,pipe_organ,1024,137,7902,9984,1.2636,True,False
T_MMI,triplet,pipe_organ,1024,1618,7902,9984,1.2754,True,False
T_MMI,triplet,pipe_organ,1024,2718,7902,9984,1.2623,True,False
T_MMI,triplet,pipe_organ,1024,3141,7902,9984,1.2712,True,False
T_MMI,triplet,pipe_organ,1024,9973,7902,9984,1.3107,True,False
T_MMI,triplet,pipe_organ,1024,31337,7902,9984,1.2655,True,False
T_MMI,triplet,pipe_organ,1024,65537,7902,9984,1.2663,True,False
T_MMS,triplet,pipe_organ,1024,42,11262,6400,1.3275,True,False
T_MMS,triplet,pipe_organ,1024,137,11262,6400,1.18,True,False
T_MMS,triplet,pipe_organ,1024,1618,11262,6400,1.184,True,False
T_MMS,triplet,pipe_organ,1024,2718,11262,6400,1.3532,True,False
T_MMS,triplet,pipe_organ,1024,3141,11262,6400,1.3246,True,False
T_MMS,triplet,pipe_organ,1024,9973,11262,6400,1.3263,True,False
T_MMS,triplet,pipe_organ,1024,31337,11262,6400,1.3844,True,False
T_MMS,triplet,pipe_organ,1024,65537,11262,6400,1.2142,True,False
T_MQB,triplet,pipe_organ,1024,42,9170,3952,0.9098,True,False
T_MQB,triplet,pipe_organ,1024,137,9170,3952,0.9442,True,False
T_MQB,triplet,pipe_organ,1024,1618,9170,3952,1.028,True,False
T_MQB,triplet,pipe_organ,1024,2718,9170,3952,0.9138,True,False
T_MQB,triplet,pipe_organ,1024,3141,9170,3952,0.903,True,False
T_MQB,triplet,pipe_organ,1024,9973,9170,3952,0.9309,True,False
T_MQB,triplet,pipe_organ,1024,31337,9170,3952,1.0254,True,False
T_MQB,triplet,pipe_organ,1024,65537,9170,3952,1.0167,True,False
T_MQI,triplet,pipe_organ,1024,42,7002,3952,0.8761,True,False
T_MQI,triplet,pipe_organ,1024,137,7002,3952,0.846,True,False
T_MQI,triplet,pipe_organ,1024,1618,7002,3952,0.8581,True,False
T_MQI,triplet,pipe_organ,1024,2718,7002,3952,0.8408,True,False
T_MQI,triplet,pipe_organ,1024,3141,7002,3952,0.8335,True,False
T_MQI,triplet,pipe_organ,1024,9973,7002,3952,0.8382,True,False
T_MQI,triplet,pipe_organ,1024,31337,7002,3952,0.8368,True,False
T_MQI,triplet,pipe_organ,1024,65537,7002,3952,0.8647,True,False
T_MQS,triplet,pipe_organ,1024,42,12138,3952,1.2039,True,False
T_MQS,triplet,pipe_organ,1024,137,12138,3952,1.1995,True,False
T_MQS,triplet,pipe_organ,1024,1618,12138,3952,1.2887,True,False
T_MQS,triplet,pipe_organ,1024,2718,12138,3952,1.2079,True,False
T_MQS,triplet,pipe_organ,1024,3141,12138,3952,1.194,True,False
T_MQS,triplet,pipe_organ,1024,9973,12138,3952,1.2003,True,False
T_MQS,triplet,pipe_organ,1024,31337,12138,3952,1.2143,True,False
T_MQS,triplet,pipe_organ,1024,65537,12138,3952,1.2012,True,False
T_MRB,triplet,pipe_organ,1024,42,2046,6144,0.8503,True,False
T_MRB,triplet,pipe_organ,1024,137,2046,6144,0.8481,True,False
T_MRB,triplet,pipe_organ,1024,1618,2046,6144,0.848,True,False
T_MRB,triplet,pipe_organ,1024,2718,2046,6144,0.845,True,False
T_MRB,triplet,pipe_organ,1024,3141,2046,6144,0.8433,True,False
T_MRB,triplet,pipe_organ,1024,9973,2046,6144,0.8469,True,False
T_MRB,triplet,pipe_organ,1024,31337,2046,6144,0.8473,True,False
T_MRB,triplet,pipe_organ,1024,65537,2046,6144,0.8672,True,False
T_MRI,triplet,pipe_organ,1024,42,2046,6144,0.7666,True,False
T_MRI,triplet,pipe_organ,1024,137,2046,6144,0.77,True,False
T_MRI,triplet,pipe_organ,1024,1618,2046,6144,0.7565,True,False
T_MRI,triplet,pipe_organ,1024,2718,2046,6144,0.7664,True,False
T_MRI,triplet,pipe_organ,1024,3141,2046,6144,0.8575,True,False
T_MRI,triplet,pipe_organ,1024,9973,2046,6144,0.8489,True,False
T_MRI,triplet,pipe_organ,1024,31337,2046,6144,0.8426,True,False
T_MRI,triplet,pipe_organ,1024,65537,2046,6144,0.8611,True,False
T_MRS,triplet,pipe_organ,1024,42,2046,6144,0.8643,True,False
T_MRS,triplet,pipe_organ,1024,137,2046,6144,0.8494,True,False
T_MRS,triplet,pipe_organ,1024,1618,2046,6144,0.8466,True,False
T_MRS,triplet,pipe_organ,1024,2718,2046,6144,0.8477,True,False
T_MRS,triplet,pipe_organ,1024,3141,2046,6144,0.8566,True,False
T_MRS,triplet,pipe_organ,1024,9973,2046,6144,0.8675,True,False
T_MRS,triplet,pipe_organ,1024,31337,2046,6144,0.8793,True,False
T_MRS,triplet,pipe_organ,1024,65537,2046,6144,0.8521,True,False
T_MSB,triplet,pipe_organ,1024,42,67070,3328,4.1559,True,False
T_MSB,triplet,pipe_organ,1024,137,67070,3328,3.9313,True,False
T_MSB,triplet,pipe_organ,1024,1618,67070,3328,4.0057,True,False
T_MSB,triplet,pipe_organ,1024,2718,67070,3328,4.1518,True,False
T_MSB,triplet,pipe_organ,1024,3141,67070,3328,3.7348,True,False
T_MSB,triplet,pipe_organ,1024,9973,67070,3328,3.8193,True,False
T_MSB,triplet,pipe_organ,1024,31337,67070,3328,3.9658,True,False
T_MSB,triplet,pipe_organ,1024,65537,67070,3328,4.0221,True,False
T_MSI,triplet,pipe_organ,1024,42,67070,3328,3.9211,True,False
T_MSI,triplet,pipe_organ,1024,137,67070,3328,4.0905,True,False
T_MSI,triplet,pipe_organ,1024,1618,67070,3328,4.2079,True,False
T_MSI,triplet,pipe_organ,1024,2718,67070,3328,4.2343,True,False
T_MSI,triplet,pipe_organ,1024,3141,67070,3328,4.2404,True,False
T_MSI,triplet,pipe_organ,1024,9973,67070,3328,4.2674,True,False
T_MSI,triplet,pipe_organ,1024,31337,67070,3328,3.9063,True,False
T_MSI,triplet,pipe_organ,1024,65537,67070,3328,4.3779,True,False
T_MSS,triplet,pipe_organ,1024,42,67070,3328,4.3373,True,False
T_MSS,triplet,pipe_organ,1024,137,67070,3328,4.3011,True,False
T_MSS,triplet,pipe_organ,1024,1618,67070,3328,4.2755,True,False
T_MSS,triplet,pipe_organ,1024,2718,67070,3328,4.238,True,False
T_MSS,triplet,pipe_organ,1024,3141,67070,3328,4.013,True,False
T_MSS,triplet,pipe_organ,1024,9973,67070,3328,4.0488,True,False
T_MSS,triplet,pipe_organ,1024,31337,67070,3328,4.3277,True,False
T_MSS,triplet,pipe_organ,1024,65537,67070,3328,4.2394,True,False
T_QHB,triplet,pipe_organ,1024,42,23731,6213,2.0851,True,False
T_QHB,triplet,pipe_organ,1024,137,23731,6213,2.1386,True,False
T_QHB,triplet,pipe_organ,1024,1618,23731,6213,2.0878,True,False
T_QHB,triplet,pipe_organ,1024,2718,23731,6213,2.0885,True,False
T_QHB,triplet,pipe_organ,1024,3141,23731,6213,2.1616,True,False
T_QHB,triplet,pipe_organ,1024,9973,23731,6213,2.1282,True,False
T_QHB,triplet,pipe_organ,1024,31337,23731,6213,2.1552,True,False
T_QHB,triplet,pipe_organ,1024,65537,23731,6213,2.1241,True,False
T_QHI,triplet,pipe_organ,1024,42,23688,6213,2.0944,True,False
T_QHI,triplet,pipe_organ,1024,137,23688,6213,2.1008,True,False
T_QHI,triplet,pipe_organ,1024,1618,23688,6213,2.0997,True,False
T_QHI,triplet,pipe_organ,1024,2718,23688,6213,2.098,True,False
T_QHI,triplet,pipe_organ,1024,3141,23688,6213,2.0792,True,False
T_QHI,triplet,pipe_organ,1024,9973,23688,6213,2.1081,True,False
T_QHI,triplet,pipe_organ,1024,31337,23688,6213,2.0757,True,False
T_QHI,triplet,pipe_organ,1024,65537,23688,6213,1.9402,True,False
T_QHS,triplet,pipe_organ,1024,42,23737,6134,1.8553,True,False
T_QHS,triplet,pipe_organ,1024,137,23737,6134,2.0435,True,False
T_QHS,triplet,pipe_organ,1024,1618,23737,6134,2.0851,True,False
T_QHS,triplet,pipe_organ,1024,2718,23737,6134,2.1075,True,False
T_QHS,triplet,pipe_organ,1024,3141,23737,6134,1.9179,True,False
T_QHS,triplet,pipe_organ,1024,9973,23737,6134,2.1183,True,False
T_QHS,triplet,pipe_organ,1024,31337,23737,6134,2.1006,True,False
T_QHS,triplet,pipe_organ,1024,65537,23737,6134,2.119,True,False
T_QIB,triplet,pipe_organ,1024,42,36899,22768,3.5388,True,False
T_QIB,triplet,pipe_organ,1024,137,36899,22768,3.5719,True,False
T_QIB,triplet,pipe_organ,1024,1618,36899,22768,3.5416,True,False
T_QIB,triplet,pipe_organ,1024,2718,36899,22768,3.5553,True,False
T_QIB,triplet,pipe_organ,1024,3141,36899,22768,3.7048,True,False
T_QIB,triplet,pipe_organ,1024,9973,36899,22768,3.573,True,False
T_QIB,triplet,pipe_organ,1024,31337,36899,22768,3.5642,True,False
T_QIB,triplet,pipe_organ,1024,65537,36899,22768,3.6039,True,False
T_QII,triplet,pipe_organ,1024,42,36856,22768,3.6232,True,False
T_QII,triplet,pipe_organ,1024,137,36856,22768,3.5706,True,False
T_QII,triplet,pipe_organ,1024,1618,36856,22768,3.6073,True,False
T_QII,triplet,pipe_organ,1024,2718,36856,22768,3.5675,True,False
T_QII,triplet,pipe_organ,1024,3141,36856,22768,3.5563,True,False
T_QII,triplet,pipe_organ,1024,9973,36856,22768,3.5678,True,False
T_QII,triplet,pipe_organ,1024,31337,36856,22768,3.6089,True,False
T_QII,triplet,pipe_organ,1024,65537,36856,22768,3.1424,True,False
T_QIS,triplet,pipe_organ,1024,42,36905,22689,3.2481,True,False
T_QIS,triplet,pipe_organ,1024,137,36905,22689,3.1081,True,False
T_QIS,triplet,pipe_organ,1024,1618,36905,22689,3.1174,True,False
T_QIS,triplet,pipe_organ,1024,2718,36905,22689,3.4666,True,False
T_QIS,triplet,pipe_organ,1024,3141,36905,22689,3.5092,True,False
T_QIS,triplet,pipe_organ,1024,9973,36905,22689,3.2581,True,False
T_QIS,triplet,pipe_organ,1024,31337,36905,22689,3.2458,True,False
T_QIS,triplet,pipe_organ,1024,65537,36905,22689,3.3075,True,False
T_QMB,triplet,pipe_organ,1024,42,19969,6207,1.7317,True,False
T_QMB,triplet,pipe_organ,1024,137,19969,6207,1.7015,True,False
T_QMB,triplet,pipe_organ,1024,1618,19969,6207,1.7203,True,False
T_QMB,triplet,pipe_organ,1024,2718,19969,6207,1.7837,True,False
T_QMB,triplet,pipe_organ,1024,3141,19969,6207,1.8024,True,False
T_QMB,triplet,pipe_organ,1024,9973,19969,6207,1.8023,True,False
T_QMB,triplet,pipe_organ,1024,31337,19969,6207,1.7896,True,False
T_QMB,triplet,pipe_organ,1024,65537,19969,6207,1.7264,True,False
T_QMI,triplet,pipe_organ,1024,42,19488,6207,1.7083,True,False
T_QMI,triplet,pipe_organ,1024,137,19488,6207,1.6845,True,False
T_QMI,triplet,pipe_organ,1024,1618,19488,6207,1.6966,True,False
T_QMI,triplet,pipe_organ,1024,2718,19488,6207,1.6459,True,False
T_QMI,triplet,pipe_organ,1024,3141,19488,6207,1.6684,True,False
T_QMI,triplet,pipe_organ,1024,9973,19488,6207,1.6408,True,False
T_QMI,triplet,pipe_organ,1024,31337,19488,6207,1.6435,True,False
T_QMI,triplet,pipe_organ,1024,65537,19488,6207,1.6653,True,False
T_QMS,triplet,pipe_organ,1024,42,22051,3941,1.7324,True,False
T_QMS,triplet,pipe_organ,1024,137,22051,3941,1.743,True,False
T_QMS,triplet,pipe_organ,1024,1618,22051,3941,1.9198,True,False
T_QMS,triplet,pipe_organ,1024,2718,22051,3941,1.7919,True,False
T_QMS,triplet,pipe_organ,1024,3141,22051,3941,1.7441,True,False
T_QMS,triplet,pipe_organ,1024,9973,22051,3941,1.8287,True,False
T_QMS,triplet,pipe_organ,1024,31337,22051,3941,1.7293,True,False
T_QMS,triplet,pipe_organ,1024,65537,22051,3941,1.724,True,False
T_QQB,triplet,pipe_organ,1024,42,22948,3478,1.845,True,False
T_QQB,triplet,pipe_organ,1024,137,22948,3478,1.8072,True,False
T_QQB,triplet,pipe_organ,1024,1618,22948,3478,1.9308,True,False
T_QQB,triplet,pipe_organ,1024,2718,22948,3478,1.7956,True,False
T_QQB,triplet,pipe_organ,1024,3141,22948,3478,1.8804,True,False
T_QQB,triplet,pipe_organ,1024,9973,22948,3478,1.787,True,False
T_QQB,triplet,pipe_organ,1024,31337,22948,3478,1.7848,True,False
T_QQB,triplet,pipe_organ,1024,65537,22948,3478,1.7738,True,False
T_QQI,triplet,pipe_organ,1024,42,21662,3478,1.6232,True,False
T_QQI,triplet,pipe_organ,1024,137,21662,3478,1.6941,True,False
T_QQI,triplet,pipe_organ,1024,1618,21662,3478,1.6786,True,False
T_QQI,triplet,pipe_organ,1024,2718,21662,3478,1.8207,True,False
T_QQI,triplet,pipe_organ,1024,3141,21662,3478,1.8172,True,False
T_QQI,triplet,pipe_organ,1024,9973,21662,3478,1.6168,True,False
T_QQI,triplet,pipe_organ,1024,31337,21662,3478,1.6795,True,False
T_QQI,triplet,pipe_organ,1024,65537,21662,3478,1.6467,True,False
T_QQS,triplet,pipe_organ,1024,42,23371,2320,1.8453,True,False
T_QQS,triplet,pipe_organ,1024,137,23371,2320,1.9304,True,False
T_QQS,triplet,pipe_organ,1024,1618,23371,2320,1.9133,True,False
T_QQS,triplet,pipe_organ,1024,2718,23371,2320,1.9656,True,False
T_QQS,triplet,pipe_organ,1024,3141,23371,2320,1.7052,True,False
T_QQS,triplet,pipe_organ,1024,9973,23371,2320,1.7308,True,False
T_QQS,triplet,pipe_organ,1024,31337,23371,2320,1.9263,True,False
T_QQS,triplet,pipe_organ,1024,65537,23371,2320,1.9311,True,False
T_QRB,triplet,pipe_organ,1024,42,14332,3756,1.5215,True,False
T_QRB,triplet,pipe_organ,1024,137,14332,3756,1.5071,True,False
T_QRB,triplet,pipe_organ,1024,1618,14332,3756,1.4684,True,False
T_QRB,triplet,pipe_organ,1024,2718,14332,3756,1.3832,True,False
T_QRB,triplet,pipe_organ,1024,3141,14332,3756,1.4726,True,False
T_QRB,triplet,pipe_organ,1024,9973,14332,3756,1.3621,True,False
T_QRB,triplet,pipe_organ,1024,31337,14332,3756,1.3494,True,False
T_QRB,triplet,pipe_organ,1024,65537,14332,3756,1.4665,True,False
T_QRI,triplet,pipe_organ,1024,42,14289,3756,1.3705,True,False
T_QRI,triplet,pipe_organ,1024,137,14289,3756,1.3475,True,False
T_QRI,triplet,pipe_organ,1024,1618,14289,3756,1.3425,True,False
T_QRI,triplet,pipe_organ,1024,2718,14289,3756,1.3123,True,False
T_QRI,triplet,pipe_organ,1024,3141,14289,3756,1.3506,True,False
T_QRI,triplet,pipe_organ,1024,9973,14289,3756,1.4287,True,False
T_QRI,triplet,pipe_organ,1024,31337,14289,3756,1.3495,True,False
T_QRI,triplet,pipe_organ,1024,65537,14289,3756,1.3386,True,False
T_QRS,triplet,pipe_organ,1024,42,14338,3677,1.447,True,False
T_QRS,triplet,pipe_organ,1024,137,14338,3677,1.4291,True,False
T_QRS,triplet,pipe_organ,1024,1618,14338,3677,1.345,True,False
T_QRS,triplet,pipe_organ,1024,2718,14338,3677,1.6536,True,False
T_QRS,triplet,pipe_organ,1024,3141,14338,3677,1.5028,True,False
T_QRS,triplet,pipe_organ,1024,9973,14338,3677,1.3571,True,False
T_QRS,triplet,pipe_organ,1024,31337,14338,3677,1.5596,True,False
T_QRS,triplet,pipe_organ,1024,65537,14338,3677,1.5032,True,False
T_QSB,triplet,pipe_organ,1024,42,59305,1845,3.9313,True,False
T_QSB,triplet,pipe_organ,1024,137,59305,1845,3.9003,True,False
T_QSB,triplet,pipe_organ,1024,1618,59305,1845,4.0322,True,False
T_QSB,triplet,pipe_organ,1024,2718,59305,1845,3.9153,True,False
T_QSB,triplet,pipe_organ,1024,3141,59305,1845,3.897,True,False
T_QSB,triplet,pipe_organ,1024,9973,59305,1845,3.8554,True,False
T_QSB,triplet,pipe_organ,1024,31337,59305,1845,3.8558,True,False
T_QSB,triplet,pipe_organ,1024,65537,59305,1845,3.6206,True,False
T_QSI,triplet,pipe_organ,1024,42,59262,1845,3.5081,True,False
T_QSI,triplet,pipe_organ,1024,137,59262,1845,3.4822,True,False
T_QSI,triplet,pipe_organ,1024,1618,59262,1845,3.8756,True,False
T_QSI,triplet,pipe_organ,1024,2718,59262,1845,3.8539,True,False
T_QSI,triplet,pipe_organ,1024,3141,59262,1845,3.8843,True,False
T_QSI,triplet,pipe_organ,1024,9973,59262,1845,3.8853,True,False
T_QSI,triplet,pipe_organ,1024,31337,59262,1845,3.9209,True,False
T_QSI,triplet,pipe_organ,1024,65537,59262,1845,3.8909,True,False
T_QSS,triplet,pipe_organ,1024,42,59311,1766,3.8669,True,False
T_QSS,triplet,pipe_organ,1024,137,59311,1766,3.9937,True,False
T_QSS,triplet,pipe_organ,1024,1618,59311,1766,3.8859,True,False
T_QSS,triplet,pipe_organ,1024,2718,59311,1766,3.9231,True,False
T_QSS,triplet,pipe_organ,1024,3141,59311,1766,3.939,True,False
T_QSS,triplet,pipe_organ,1024,9973,59311,1766,3.9352,True,False
T_QSS,triplet,pipe_organ,1024,31337,59311,1766,3.9032,True,False
T_QSS,triplet,pipe_organ,1024,65537,59311,1766,3.8675,True,False
TimCustom,base,pipe_organ,1024,42,11502,13552,1.5709,True,False
TimCustom,base,pipe_organ,1024,137,11502,13552,1.549,True,False
TimCustom,base,pipe_organ,1024,1618,11502,13552,1.5656,True,False
TimCustom,base,pipe_organ,1024,2718,11502,13552,1.5502,True,False
TimCustom,base,pipe_organ,1024,3141,11502,13552,1.5363,True,False
TimCustom,base,pipe_organ,1024,9973,11502,13552,1.5481,True,False
TimCustom,base,pipe_organ,1024,31337,11502,13552,1.552,True,False
TimCustom,base,pipe_organ,1024,65537,11502,13552,1.5659,True,False
Bubble,base,random,1024,42,,,,,True
Bubble,base,random,1024,137,,,,,True
Bubble,base,random,1024,1618,,,,,True
Bubble,base,random,1024,2718,,,,,True
Bubble,base,random,1024,3141,,,,,True
Bubble,base,random,1024,9973,,,,,True
Bubble,base,random,1024,31337,,,,,True
Bubble,base,random,1024,65537,,,,,True
Heap,base,random,1024,42,17348,9369,1.5355,True,False
Heap,base,random,1024,137,17270,9297,1.5458,True,False
Heap,base,random,1024,1618,17331,9343,1.54,True,False
Heap,base,random,1024,2718,17370,9377,1.5343,True,False
Heap,base,random,1024,3141,17337,9318,1.5999,True,False
Heap,base,random,1024,9973,17313,9316,1.5219,True,False
Heap,base,random,1024,31337,17311,9303,1.5528,True,False
Heap,base,random,1024,65537,17333,9344,1.3619,True,False
Hybrid_Intro,hybrid,random,1024,42,11570,1732,0.9514,True,False
Hybrid_Intro,hybrid,random,1024,137,11082,1794,0.96,True,False
Hybrid_Intro,hybrid,random,1024,1618,10595,1855,1.0341,True,False
Hybrid_Intro,hybrid,random,1024,2718,10434,1858,0.9131,True,False
Hybrid_Intro,hybrid,random,1024,3141,10916,1822,0.9216,True,False
Hybrid_Intro,hybrid,random,1024,9973,10896,1798,0.9038,True,False
Hybrid_Intro,hybrid,random,1024,31337,10374,1831,0.8627,True,False
Hybrid_Intro,hybrid,random,1024,65537,10752,1806,0.9977,True,False
Hybrid_MI,hybrid,random,1024,42,10803,6954,1.4147,True,False
Hybrid_MI,hybrid,random,1024,137,10621,6948,1.3884,True,False
Hybrid_MI,hybrid,random,1024,1618,10739,6962,1.3772,True,False
Hybrid_MI,hybrid,random,1024,2718,10791,6967,1.3757,True,False
Hybrid_MI,hybrid,random,1024,3141,10751,6959,1.3983,True,False
Hybrid_MI,hybrid,random,1024,9973,10585,6953,1.3963,True,False
Hybrid_MI,hybrid,random,1024,31337,10620,6954,1.3985,True,False
Hybrid_MI,hybrid,random,1024,65537,10798,6968,1.3936,True,False
Hybrid_QI,hybrid,random,1024,42,11570,1732,1.0156,True,False
Hybrid_QI,hybrid,random,1024,137,11082,1794,1.0069,True,False
Hybrid_QI,hybrid,random,1024,1618,10595,1855,0.9697,True,False
Hybrid_QI,hybrid,random,1024,2718,10434,1858,0.9594,True,False
Hybrid_QI,hybrid,random,1024,3141,10916,1822,0.9915,True,False
Hybrid_QI,hybrid,random,1024,9973,10896,1798,0.9862,True,False
Hybrid_QI,hybrid,random,1024,31337,10374,1831,0.9394,True,False
Hybrid_QI,hybrid,random,1024,65537,10752,1806,0.9847,True,False
Hybrid_RI,hybrid,random,1024,42,0,5120,0.8125,True,False
Hybrid_RI,hybrid,random,1024,137,0,5120,0.6772,True,False
Hybrid_RI,hybrid,random,1024,1618,0,5120,0.6749,True,False
Hybrid_RI,hybrid,random,1024,2718,0,5120,0.677,True,False
Hybrid_RI,hybrid,random,1024,3141,0,5120,0.7112,True,False
Hybrid_RI,hybrid,random,1024,9973,0,5120,0.7004,True,False
Hybrid_RI,hybrid,random,1024,31337,0,5120,0.6796,True,False
Hybrid_RI,hybrid,random,1024,65537,0,5120,0.6795,True,False
Insertion,base,random,1024,42,250163,250158,18.8972,True,False
Insertion,base,random,1024,137,262048,262042,19.8597,True,False
Insertion,base,random,1024,1618,271553,271549,20.6061,True,False
Insertion,base,random,1024,2718,252478,252473,19.1205,True,False
Insertion,base,random,1024,3141,266615,266614,20.0921,True,False
Insertion,base,random,1024,9973,264526,264525,19.9266,True,False
Insertion,base,random,1024,31337,261648,261643,18.6365,True,False
Insertion,base,random,1024,65537,271071,271070,20.2119,True,False
Merge,base,random,1024,42,8956,10240,1.6993,True,False
Merge,base,random,1024,137,8929,10240,1.7087,True,False
Merge,base,random,1024,1618,8943,10240,1.7325,True,False
Merge,base,random,1024,2718,8928,10240,1.7984,True,False
Merge,base,random,1024,3141,8961,10240,1.7734,True,False
Merge,base,random,1024,9973,8950,10240,1.7423,True,False
Merge,base,random,1024,31337,8897,10240,1.7186,True,False
Merge,base,random,1024,65537,8961,10240,1.6984,True,False
Quick,base,random,1024,42,11025,2762,1.0816,True,False
Quick,base,random,1024,137,10502,2839,1.077,True,False
Quick,base,random,1024,1618,10087,2926,1.0364,True,False
Quick,base,random,1024,2718,10050,2913,1.0243,True,False
Quick,base,random,1024,3141,10390,2882,1.0626,True,False
Quick,base,random,1024,9973,10332,2843,1.047,True,False
Quick,base,random,1024,31337,9963,2855,1.0162,True,False
Quick,base,random,1024,65537,10188,2877,1.0386,True,False
Radix,base,random,1024,42,0,5120,0.7355,True,False
Radix,base,random,1024,137,0,5120,0.7312,True,False
Radix,base,random,1024,1618,0,5120,0.6869,True,False
Radix,base,random,1024,2718,0,5120,0.6908,True,False
Radix,base,random,1024,3141,0,5120,0.6963,True,False
Radix,base,random,1024,9973,0,5120,0.7841,True,False
Radix,base,random,1024,31337,0,5120,0.7719,True,False
Radix,base,random,1024,65537,0,5120,0.7534,True,False
Selection,base,random,1024,42,,,,,True
Selection,base,random,1024,137,,,,,True
Selection,base,random,1024,1618,,,,,True
Selection,base,random,1024,2718,,,,,True
Selection,base,random,1024,3141,,,,,True
Selection,base,random,1024,9973,,,,,True
Selection,base,random,1024,31337,,,,,True
Selection,base,random,1024,65537,,,,,True
T_MHB,triplet,random,1024,42,14284,9382,1.7209,True,False
T_MHB,triplet,random,1024,137,14239,9359,1.6839,True,False
T_MHB,triplet,random,1024,1618,14239,9373,1.7114,True,False
T_MHB,triplet,random,1024,2718,14215,9331,1.6881,True,False
T_MHB,triplet,random,1024,3141,14255,9370,1.6931,True,False
T_MHB,triplet,random,1024,9973,14253,9359,1.7215,True,False
T_MHB,triplet,random,1024,31337,14236,9358,1.708,True,False
T_MHB,triplet,random,1024,65537,14221,9348,1.6819,True,False
T_MHI,triplet,random,1024,42,14284,9382,1.5073,True,False
T_MHI,triplet,random,1024,137,14239,9359,1.5316,True,False
T_MHI,triplet,random,1024,1618,14239,9373,1.7526,True,False
T_MHI,triplet,random,1024,2718,14215,9331,1.5578,True,False
T_MHI,triplet,random,1024,3141,14255,9370,1.7055,True,False
T_MHI,triplet,random,1024,9973,14253,9359,1.5163,True,False
T_MHI,triplet,random,1024,31337,14236,9358,1.507,True,False
T_MHI,triplet,random,1024,65537,14221,9348,1.6891,True,False
T_MHS,triplet,random,1024,42,14284,9382,1.5925,True,False
T_MHS,triplet,random,1024,137,14239,9359,1.7139,True,False
T_MHS,triplet,random,1024,1618,14239,9373,1.6829,True,False
T_MHS,triplet,random,1024,2718,14215,9331,1.6885,True,False
T_MHS,triplet,random,1024,3141,14255,9370,1.6823,True,False
T_MHS,triplet,random,1024,9973,14253,9359,1.5391,True,False
T_MHS,triplet,random,1024,31337,14236,9358,1.5501,True,False
T_MHS,triplet,random,1024,65537,14221,9348,1.5211,True,False
T_MIB,triplet,random,1024,42,35309,34338,3.6175,True,False
T_MIB,triplet,random,1024,137,36464,35499,3.6863,True,False
T_MIB,triplet,random,1024,1618,35994,35019,3.6544,True,False
T_MIB,triplet,random,1024,2718,36069,35104,3.6316,True,False
T_MIB,triplet,random,1024,3141,36333,35362,3.6781,True,False
T_MIB,triplet,random,1024,9973,36079,35111,3.6264,True,False
T_MIB,triplet,random,1024,31337,35744,34776,3.6464,True,False
T_MIB,triplet,random,1024,65537,36274,35300,3.6753,True,False
T_MII,triplet,random,1024,42,35309,34338,3.9417,True,False
T_MII,triplet,random,1024,137,36464,35499,4.0679,True,False
T_MII,triplet,random,1024,1618,35994,35019,4.0048,True,False
T_MII,triplet,random,1024,2718,36069,35104,4.0382,True,False
T_MII,triplet,random,1024,3141,36333,35362,4.0534,True,False
T_MII,triplet,random,1024,9973,36079,35111,4.1742,True,False
T_MII,triplet,random,1024,31337,35744,34776,3.782,True,False
T_MII,triplet,random,1024,65537,36274,35300,3.6238,True,False
T_MIS,triplet,random,1024,42,35309,34338,3.5262,True,False
T_MIS,triplet,random,1024,137,36464,35499,3.6936,True,False
T_MIS,triplet,random,1024,1618,35994,35019,3.7877,True,False
T_MIS,triplet,random,1024,2718,36069,35104,4.0106,True,False
T_MIS,triplet,random,1024,3141,36333,35362,3.6694,True,False
T_MIS,triplet,random,1024,9973,36079,35111,3.6413,True,False
T_MIS,triplet,random,1024,31337,35744,34776,3.6161,True,False
T_MIS,triplet,random,1024,65537,36274,35300,3.6415,True,False
T_MMB,triplet,random,1024,42,13340,10112,1.6639,True,False
T_MMB,triplet,random,1024,137,13330,9926,1.6117,True,False
T_MMB,triplet,random,1024,1618,13306,10050,1.6284,True,False
T_MMB,triplet,random,1024,2718,13281,10124,1.5918,True,False
T_MMB,triplet,random,1024,3141,13293,10043,1.5637,True,False
T_MMB,triplet,random,1024,9973,13258,9886,1.634,True,False
T_MMB,triplet,random,1024,31337,13253,9951,1.5697,True,False
T_MMB,triplet,random,1024,65537,13323,10108,1.782,True,False
T_MMI,triplet,random,1024,42,10803,10112,1.2992,True,False
T_MMI,triplet,random,1024,137,10621,9926,1.2746,True,False
T_MMI,triplet,random,1024,1618,10739,10050,1.4439,True,False
T_MMI,triplet,random,1024,2718,10791,10124,1.4257,True,False
T_MMI,triplet,random,1024,3141,10751,10043,1.4832,True,False
T_MMI,triplet,random,1024,9973,10585,9886,1.4324,True,False
T_MMI,triplet,random,1024,31337,10620,9951,1.4188,True,False
T_MMI,triplet,random,1024,65537,10798,10108,1.4675,True,False
T_MMS,triplet,random,1024,42,13715,6957,1.5259,True,False
T_MMS,triplet,random,1024,137,13700,6970,1.5539,True,False
T_MMS,triplet,random,1024,1618,13705,6950,1.5289,True,False
T_MMS,triplet,random,1024,2718,13694,6952,1.574,True,False
T_MMS,triplet,random,1024,3141,13711,6957,1.5331,True,False
T_MMS,triplet,random,1024,9973,13709,6946,1.5347,True,False
T_MMS,triplet,random,1024,31337,13677,6935,1.5276,True,False
T_MMS,triplet,random,1024,65537,13709,6958,1.5195,True,False
T_MQB,triplet,random,1024,42,11750,6462,1.4485,True,False
T_MQB,triplet,random,1024,137,11788,6659,1.4328,True,False
T_MQB,triplet,random,1024,1618,11610,6477,1.4134,True,False
T_MQB,triplet,random,1024,2718,11961,6640,1.4522,True,False
T_MQB,triplet,random,1024,3141,11773,6515,1.426,True,False
T_MQB,triplet,random,1024,9973,11452,6452,1.3932,True,False
T_MQB,triplet,random,1024,31337,11560,6453,1.406,True,False
T_MQB,triplet,random,1024,65537,11632,6459,1.4024,True,False
T_MQI,triplet,random,1024,42,10412,6462,1.2162,True,False
T_MQI,triplet,random,1024,137,10284,6659,1.232,True,False
T_MQI,triplet,random,1024,1618,10332,6477,1.2193,True,False
T_MQI,triplet,random,1024,2718,10464,6640,1.1741,True,False
T_MQI,triplet,random,1024,3141,10275,6515,1.1082,True,False
T_MQI,triplet,random,1024,9973,10096,6452,1.0741,True,False
T_MQI,triplet,random,1024,31337,10113,6453,1.0911,True,False
T_MQI,triplet,random,1024,65537,10165,6459,1.079,True,False
T_MQS,triplet,random,1024,42,12045,4802,1.1584,True,False
T_MQS,triplet,random,1024,137,12083,4809,1.2419,True,False
T_MQS,triplet,random,1024,1618,11869,4806,1.3019,True,False
T_MQS,triplet,random,1024,2718,12199,4766,1.3032,True,False
T_MQS,triplet,random,1024,3141,12063,4803,1.353,True,False
T_MQS,triplet,random,1024,9973,11750,4796,1.2775,True,False
T_MQS,triplet,random,1024,31337,11843,4813,1.2823,True,False
T_MQS,triplet,random,1024,65537,11963,4764,1.2866,True,False
T_MRB,triplet,random,1024,42,3059,8064,1.1908,True,False
T_MRB,triplet,random,1024,137,3060,8192,1.1178,True,False
T_MRB,triplet,random,1024,1618,3062,8192,1.1294,True,False
T_MRB,triplet,random,1024,2718,3054,8064,1.2257,True,False
T_MRB,triplet,random,1024,3141,3062,8192,1.2352,True,False
T_MRB,triplet,random,1024,9973,3063,8192,1.2312,True,False
T_MRB,triplet,random,1024,31337,3057,7936,1.1031,True,False
T_MRB,triplet,random,1024,65537,3061,8192,1.2491,True,False
T_MRI,triplet,random,1024,42,3059,8064,1.2262,True,False
T_MRI,triplet,random,1024,137,3060,8192,1.2384,True,False
T_MRI,triplet,random,1024,1618,3062,8192,1.2433,True,False
T_MRI,triplet,random,1024,2718,3054,8064,1.2132,True,False
T_MRI,triplet,random,1024,3141,3062,8192,1.2347,True,False
T_MRI,triplet,random,1024,9973,3063,8192,1.2365,True,False
T_MRI,triplet,random,1024,31337,3057,7936,1.1914,True,False
T_MRI,triplet,random,1024,65537,3061,8192,1.2272,True,False
T_MRS,triplet,random,1024,42,3059,8064,1.2159,True,False
T_MRS,triplet,random,1024,137,3060,8192,1.2465,True,False
T_MRS,triplet,random,1024,1618,3062,8192,1.2447,True,False
T_MRS,triplet,random,1024,2718,3054,8064,1.227,True,False
T_MRS,triplet,random,1024,3141,3062,8192,1.2502,True,False
T_MRS,triplet,random,1024,9973,3063,8192,1.2309,True,False
T_MRS,triplet,random,1024,31337,3057,7936,1.2002,True,False
T_MRS,triplet,random,1024,65537,3061,8192,1.3537,True,False
T_MSB,triplet,random,1024,42,68083,4051,4.3643,True,False
T_MSB,triplet,random,1024,137,68084,4050,4.2456,True,False
T_MSB,triplet,random,1024,1618,68086,4052,4.2913,True,False
T_MSB,triplet,random,1024,2718,68078,4046,4.2307,True,False
T_MSB,triplet,random,1024,3141,68086,4043,4.3229,True,False
T_MSB,triplet,random,1024,9973,68087,4048,4.448,True,False
T_MSB,triplet,random,1024,31337,68081,4040,4.3312,True,False
T_MSB,triplet,random,1024,65537,68085,4042,4.2818,True,False
T_MSI,triplet,random,1024,42,68083,4051,4.3017,True,False
T_MSI,triplet,random,1024,137,68084,4050,4.2582,True,False
T_MSI,triplet,random,1024,1618,68086,4052,3.8385,True,False
T_MSI,triplet,random,1024,2718,68078,4046,4.2975,True,False
T_MSI,triplet,random,1024,3141,68086,4043,3.9653,True,False
T_MSI,triplet,random,1024,9973,68087,4048,3.8486,True,False
T_MSI,triplet,random,1024,31337,68081,4040,3.787,True,False
T_MSI,triplet,random,1024,65537,68085,4042,3.7965,True,False
T_MSS,triplet,random,1024,42,68083,4051,4.2518,True,False
T_MSS,triplet,random,1024,137,68084,4050,4.2305,True,False
T_MSS,triplet,random,1024,1618,68086,4052,4.2653,True,False
T_MSS,triplet,random,1024,2718,68078,4046,4.3092,True,False
T_MSS,triplet,random,1024,3141,68086,4043,4.2819,True,False
T_MSS,triplet,random,1024,9973,68087,4048,4.4896,True,False
T_MSS,triplet,random,1024,31337,68081,4040,4.4348,True,False
T_MSS,triplet,random,1024,65537,68085,4042,4.5774,True,False
T_QHB,triplet,random,1024,42,14903,6414,1.6521,True,False
T_QHB,triplet,random,1024,137,14373,6523,1.6214,True,False
T_QHB,triplet,random,1024,1618,13995,6610,1.6403,True,False
T_QHB,triplet,random,1024,2718,13987,6593,1.6686,True,False
T_QHB,triplet,random,1024,3141,14254,6414,1.6073,True,False
T_QHB,triplet,random,1024,9973,14283,6594,1.5324,True,False
T_QHB,triplet,random,1024,31337,13768,6467,1.4908,True,False
T_QHB,triplet,random,1024,65537,14024,6651,1.4857,True,False
T_QHI,triplet,random,1024,42,14903,6414,1.5494,True,False
T_QHI,triplet,random,1024,137,14373,6523,1.582,True,False
T_QHI,triplet,random,1024,1618,13995,6610,1.6593,True,False
T_QHI,triplet,random,1024,2718,13987,6593,1.5498,True,False
T_QHI,triplet,random,1024,3141,14254,6414,1.5132,True,False
T_QHI,triplet,random,1024,9973,14283,6594,1.5211,True,False
T_QHI,triplet,random,1024,31337,13768,6467,1.6184,True,False
T_QHI,triplet,random,1024,65537,14024,6651,1.52,True,False
T_QHS,triplet,random,1024,42,14903,6414,1.6071,True,False
T_QHS,triplet,random,1024,137,14373,6523,1.5501,True,False
T_QHS,triplet,random,1024,1618,13995,6610,1.488,True,False
T_QHS,triplet,random,1024,2718,13987,6593,1.552,True,False
T_QHS,triplet,random,1024,3141,14254,6414,1.5349,True,False
T_QHS,triplet,random,1024,9973,14283,6594,1.5438,True,False
T_QHS,triplet,random,1024,31337,13768,6467,1.468,True,False
T_QHS,triplet,random,1024,65537,14024,6651,1.4971,True,False
T_QIB,triplet,random,1024,42,27285,22008,2.9162,True,False
T_QIB,triplet,random,1024,137,28895,24352,3.2017,True,False
T_QIB,triplet,random,1024,1618,30965,26980,3.2842,True,False
T_QIB,triplet,random,1024,2718,27545,23514,2.7028,True,False
T_QIB,triplet,random,1024,3141,26434,21804,2.9094,True,False
T_QIB,triplet,random,1024,9973,28294,23915,3.0953,True,False
T_QIB,triplet,random,1024,31337,25277,21175,2.7496,True,False
T_QIB,triplet,random,1024,65537,30259,26408,3.2617,True,False
T_QII,triplet,random,1024,42,27285,22008,3.0283,True,False
T_QII,triplet,random,1024,137,28895,24352,3.2105,True,False
T_QII,triplet,random,1024,1618,30965,26980,3.4579,True,False
T_QII,triplet,random,1024,2718,27545,23514,2.9862,True,False
T_QII,triplet,random,1024,3141,26434,21804,2.8955,True,False
T_QII,triplet,random,1024,9973,28294,23915,3.1292,True,False
T_QII,triplet,random,1024,31337,25277,21175,2.7792,True,False
T_QII,triplet,random,1024,65537,30259,26408,3.316,True,False
T_QIS,triplet,random,1024,42,27285,22008,2.9659,True,False
T_QIS,triplet,random,1024,137,28895,24352,3.1801,True,False
T_QIS,triplet,random,1024,1618,30965,26980,3.4723,True,False
T_QIS,triplet,random,1024,2718,27545,23514,2.9838,True,False
T_QIS,triplet,random,1024,3141,26434,21804,2.8453,True,False
T_QIS,triplet,random,1024,9973,28294,23915,3.0734,True,False
T_QIS,triplet,random,1024,31337,25277,21175,2.7978,True,False
T_QIS,triplet,random,1024,65537,30259,26408,3.2611,True,False
T_QMB,triplet,random,1024,42,13177,6496,1.5477,True,False
T_QMB,triplet,random,1024,137,13094,6861,1.5498,True,False
T_QMB,triplet,random,1024,1618,12572,7028,1.5236,True,False
T_QMB,triplet,random,1024,2718,12072,6628,1.4592,True,False
T_QMB,triplet,random,1024,3141,12275,6410,1.3159,True,False
T_QMB,triplet,random,1024,9973,12837,6866,1.5466,True,False
T_QMB,triplet,random,1024,31337,11868,6507,1.4407,True,False
T_QMB,triplet,random,1024,65537,12253,6841,1.4968,True,False
T_QMI,triplet,random,1024,42,11408,6496,1.2938,True,False
T_QMI,triplet,random,1024,137,11078,6861,1.2763,True,False
T_QMI,triplet,random,1024,1618,10690,7028,1.2636,True,False
T_QMI,triplet,random,1024,2718,10336,6628,1.2298,True,False
T_QMI,triplet,random,1024,3141,10698,6410,1.2637,True,False
T_QMI,triplet,random,1024,9973,10914,6866,1.2854,True,False
T_QMI,triplet,random,1024,31337,10253,6507,1.2368,True,False
T_QMI,triplet,random,1024,65537,10365,6841,1.1259,True,False
T_QMS,triplet,random,1024,42,13496,4362,1.2315,True,False
T_QMS,triplet,random,1024,137,13450,4366,1.4238,True,False
T_QMS,triplet,random,1024,1618,12881,4477,1.3496,True,False
T_QMS,triplet,random,1024,2718,12436,4559,1.341,True,False
T_QMS,triplet,random,1024,3141,12670,4492,1.3923,True,False
T_QMS,triplet,random,1024,9973,13105,4458,1.3581,True,False
T_QMS,triplet,random,1024,31337,12243,4449,1.3124,True,False
T_QMS,triplet,random,1024,65537,12608,4598,1.3376,True,False
T_QQB,triplet,random,1024,42,13050,4129,1.3386,True,False
T_QQB,triplet,random,1024,137,12619,4199,1.3215,True,False
T_QQB,triplet,random,1024,1618,12015,4224,1.3031,True,False
T_QQB,triplet,random,1024,2718,11765,4100,1.3893,True,False
T_QQB,triplet,random,1024,3141,12441,4166,1.3614,True,False
T_QQB,triplet,random,1024,9973,12455,4237,1.3165,True,False
T_QQB,triplet,random,1024,31337,11845,4066,1.3174,True,False
T_QQB,triplet,random,1024,65537,12167,4181,1.3167,True,False
T_QQI,triplet,random,1024,42,11570,4129,1.1419,True,False
T_QQI,triplet,random,1024,137,11082,4199,1.1152,True,False
T_QQI,triplet,random,1024,1618,10595,4224,1.0912,True,False
T_QQI,triplet,random,1024,2718,10434,4100,1.0954,True,False
T_QQI,triplet,random,1024,3141,10916,4166,1.103,True,False
T_QQI,triplet,random,1024,9973,10896,4237,1.108,True,False
T_QQI,triplet,random,1024,31337,10374,4066,1.0794,True,False
T_QQI,triplet,random,1024,65537,10752,4181,1.0978,True,False
T_QQS,triplet,random,1024,42,13309,2377,1.2248,True,False
T_QQS,triplet,random,1024,137,12861,2441,1.2022,True,False
T_QQS,triplet,random,1024,1618,12245,2507,1.1669,True,False
T_QQS,triplet,random,1024,2718,12063,2520,1.153,True,False
T_QQS,triplet,random,1024,3141,12733,2481,1.1905,True,False
T_QQS,triplet,random,1024,9973,12717,2445,1.1925,True,False
T_QQS,triplet,random,1024,31337,12090,2477,1.1457,True,False
T_QQS,triplet,random,1024,65537,12515,2480,1.1742,True,False
T_QRB,triplet,random,1024,42,5198,4892,1.0955,True,False
T_QRB,triplet,random,1024,137,4479,5033,1.133,True,False
T_QRB,triplet,random,1024,1618,3940,5036,1.0304,True,False
T_QRB,triplet,random,1024,2718,3995,4976,1.0111,True,False
T_QRB,triplet,random,1024,3141,4627,4982,1.1088,True,False
T_QRB,triplet,random,1024,9973,4344,4986,1.0876,True,False
T_QRB,triplet,random,1024,31337,4097,5056,1.0525,True,False
T_QRB,triplet,random,1024,65537,3774,5035,1.0043,True,False
T_QRI,triplet,random,1024,42,5198,4892,1.1083,True,False
T_QRI,triplet,random,1024,137,4479,5033,1.0575,True,False
T_QRI,triplet,random,1024,1618,3940,5036,1.034,True,False
T_QRI,triplet,random,1024,2718,3995,4976,1.0217,True,False
T_QRI,triplet,random,1024,3141,4627,4982,1.079,True,False
T_QRI,triplet,random,1024,9973,4344,4986,1.0572,True,False
T_QRI,triplet,random,1024,31337,4097,5056,1.0445,True,False
T_QRI,triplet,random,1024,65537,3774,5035,1.0146,True,False
T_QRS,triplet,random,1024,42,5198,4892,1.085,True,False
T_QRS,triplet,random,1024,137,4479,5033,1.0676,True,False
T_QRS,triplet,random,1024,1618,3940,5036,1.0297,True,False
T_QRS,triplet,random,1024,2718,3995,4976,1.0331,True,False
T_QRS,triplet,random,1024,3141,4627,4982,1.0859,True,False
T_QRS,triplet,random,1024,9973,4344,4986,1.0563,True,False
T_QRS,triplet,random,1024,31337,4097,5056,1.0559,True,False
T_QRS,triplet,random,1024,65537,3774,5035,1.0136,True,False
T_QSB,triplet,random,1024,42,47890,1812,3.0497,True,False
T_QSB,triplet,random,1024,137,50876,1822,2.9003,True,False
T_QSB,triplet,random,1024,1618,52567,1858,3.2588,True,False
T_QSB,triplet,random,1024,2718,49015,1867,2.8905,True,False
T_QSB,triplet,random,1024,3141,45723,1885,2.6974,True,False
T_QSB,triplet,random,1024,9973,49672,1868,2.818,True,False
T_QSB,triplet,random,1024,31337,44896,1879,2.9152,True,False
T_QSB,triplet,random,1024,65537,53461,1837,3.4876,True,False
T_QSI,triplet,random,1024,42,47890,1812,3.0568,True,False
T_QSI,triplet,random,1024,137,50876,1822,3.2305,True,False
T_QSI,triplet,random,1024,1618,52567,1858,3.3072,True,False
T_QSI,triplet,random,1024,2718,49015,1867,3.1182,True,False
T_QSI,triplet,random,1024,3141,45723,1885,2.9649,True,False
T_QSI,triplet,random,1024,9973,49672,1868,3.2211,True,False
T_QSI,triplet,random,1024,31337,44896,1879,2.6729,True,False
T_QSI,triplet,random,1024,65537,53461,1837,3.3578,True,False
T_QSS,triplet,random,1024,42,47890,1812,3.0804,True,False
T_QSS,triplet,random,1024,137,50876,1822,3.214,True,False
T_QSS,triplet,random,1024,1618,52567,1858,3.3145,True,False
T_QSS,triplet,random,1024,2718,49015,1867,3.0203,True,False
T_QSS,triplet,random,1024,3141,45723,1885,2.9788,True,False
T_QSS,triplet,random,1024,9973,49672,1868,3.1572,True,False
T_QSS,triplet,random,1024,31337,44896,1879,2.6074,True,False
T_QSS,triplet,random,1024,65537,53461,1837,3.4051,True,False
TimCustom,base,random,1024,42,13849,13911,1.6291,True,False
TimCustom,base,random,1024,137,14087,14152,1.7153,True,False
TimCustom,base,random,1024,1618,13720,13780,1.6532,True,False
TimCustom,base,random,1024,2718,13861,13925,1.745,True,False
TimCustom,base,random,1024,3141,13818,13853,1.6837,True,False
TimCustom,base,random,1024,9973,13591,13630,1.6729,True,False
TimCustom,base,random,1024,31337,13861,13924,1.7127,True,False
TimCustom,base,random,1024,65537,13872,13925,1.6848,True,False
Bubble,base,random_blocks,1024,42,,,,,True
Bubble,base,random_blocks,1024,137,,,,,True
Bubble,base,random_blocks,1024,1618,,,,,True
Bubble,base,random_blocks,1024,2718,,,,,True
Bubble,base,random_blocks,1024,3141,,,,,True
Bubble,base,random_blocks,1024,9973,,,,,True
Bubble,base,random_blocks,1024,31337,,,,,True
Bubble,base,random_blocks,1024,65537,,,,,True
Heap,base,random_blocks,1024,42,17602,9418,1.5201,True,False
Heap,base,random_blocks,1024,137,16911,8952,1.4367,True,False
Heap,base,random_blocks,1024,1618,16563,8852,1.2893,True,False
Heap,base,random_blocks,1024,2718,16961,8860,1.3221,True,False
Heap,base,random_blocks,1024,3141,17240,9170,1.337,True,False
Heap,base,random_blocks,1024,9973,17218,9238,1.328,True,False
Heap,base,random_blocks,1024,31337,16717,8904,1.3117,True,False
Heap,base,random_blocks,1024,65537,17048,9102,1.3969,True,False
Hybrid_Intro,hybrid,random_blocks,1024,42,10310,1480,0.7722,True,False
Hybrid_Intro,hybrid,random_blocks,1024,137,10234,1545,0.7943,True,False
Hybrid_Intro,hybrid,random_blocks,1024,1618,11085,1607,0.9166,True,False
Hybrid_Intro,hybrid,random_blocks,1024,2718,12406,2267,1.0722,True,False
Hybrid_Intro,hybrid,random_blocks,1024,3141,9305,1343,0.7807,True,False
Hybrid_Intro,hybrid,random_blocks,1024,9973,9459,1524,0.794,True,False
Hybrid_Intro,hybrid,random_blocks,1024,31337,10136,1605,0.8601,True,False
Hybrid_Intro,hybrid,random_blocks,1024,65537,9604,1759,0.8226,True,False
Hybrid_MI,hybrid,random_blocks,1024,42,5688,6172,0.8999,True,False
Hybrid_MI,hybrid,random_blocks,1024,137,5653,6182,0.8912,True,False
Hybrid_MI,hybrid,random_blocks,1024,1618,5914,6198,0.8974,True,False
Hybrid_MI,hybrid,random_blocks,1024,2718,5544,6180,0.8814,True,False
Hybrid_MI,hybrid,random_blocks,1024,3141,5376,6156,0.8735,True,False
Hybrid_MI,hybrid,random_blocks,1024,9973,5716,6186,0.8852,True,False
Hybrid_MI,hybrid,random_blocks,1024,31337,5617,6174,0.8758,True,False
Hybrid_MI,hybrid,random_blocks,1024,65537,5671,6178,0.888,True,False
Hybrid_QI,hybrid,random_blocks,1024,42,10310,1480,0.8471,True,False
Hybrid_QI,hybrid,random_blocks,1024,137,10234,1545,0.8604,True,False
Hybrid_QI,hybrid,random_blocks,1024,1618,11085,1607,0.9124,True,False
Hybrid_QI,hybrid,random_blocks,1024,2718,12384,1893,1.0241,True,False
Hybrid_QI,hybrid,random_blocks,1024,3141,9305,1343,0.7705,True,False
Hybrid_QI,hybrid,random_blocks,1024,9973,9459,1524,0.8362,True,False
Hybrid_QI,hybrid,random_blocks,1024,31337,10136,1605,0.8536,True,False
Hybrid_QI,hybrid,random_blocks,1024,65537,9604,1759,0.8219,True,False
Hybrid_RI,hybrid,random_blocks,1024,42,0,4096,0.595,True,False
Hybrid_RI,hybrid,random_blocks,1024,137,0,4096,0.5991,True,False
Hybrid_RI,hybrid,random_blocks,1024,1618,0,4096,0.5988,True,False
Hybrid_RI,hybrid,random_blocks,1024,2718,0,4096,0.558,True,False
Hybrid_RI,hybrid,random_blocks,1024,3141,0,4096,0.5951,True,False
Hybrid_RI,hybrid,random_blocks,1024,9973,0,4096,0.5957,True,False
Hybrid_RI,hybrid,random_blocks,1024,31337,0,4096,0.5925,True,False
Hybrid_RI,hybrid,random_blocks,1024,65537,0,4096,0.6027,True,False
Insertion,base,random_blocks,1024,42,292332,292026,22.0478,True,False
Insertion,base,random_blocks,1024,137,283562,283254,20.5939,True,False
Insertion,base,random_blocks,1024,1618,324768,324666,21.9254,True,False
Insertion,base,random_blocks,1024,2718,348023,347922,26.0003,True,False
Insertion,base,random_blocks,1024,3141,230317,230010,17.1022,True,False
Insertion,base,random_blocks,1024,9973,139946,139842,11.0506,True,False
Insertion,base,random_blocks,1024,31337,261119,261018,20.0006,True,False
Insertion,base,random_blocks,1024,65537,180337,180234,13.3829,True,False
Merge,base,random_blocks,1024,42,6564,10240,1.4832,True,False
Merge,base,random_blocks,1024,137,6478,10240,1.4808,True,False
Merge,base,random_blocks,1024,1618,6698,10240,1.5093,True,False
Merge,base,random_blocks,1024,2718,6476,10240,1.4955,True,False
Merge,base,random_blocks,1024,3141,6382,10240,1.49,True,False
Merge,base,random_blocks,1024,9973,6636,10240,1.5066,True,False
Merge,base,random_blocks,1024,31337,6470,10240,1.4956,True,False
Merge,base,random_blocks,1024,65537,6508,10240,1.4971,True,False
Quick,base,random_blocks,1024,42,11011,2288,0.9995,True,False
Quick,base,random_blocks,1024,137,11248,2397,1.0109,True,False
Quick,base,random_blocks,1024,1618,11696,2343,1.0436,True,False
Quick,base,random_blocks,1024,2718,12527,2818,1.1286,True,False
Quick,base,random_blocks,1024,3141,10341,2037,0.9386,True,False
Quick,base,random_blocks,1024,9973,10214,2402,0.9457,True,False
Quick,base,random_blocks,1024,31337,10983,2468,1.0493,True,False
Quick,base,random_blocks,1024,65537,10293,2591,0.9775,True,False
Radix,base,random_blocks,1024,42,0,4096,0.5936,True,False
Radix,base,random_blocks,1024,137,0,4096,0.5935,True,False
Radix,base,random_blocks,1024,1618,0,4096,0.5919,True,False
Radix,base,random_blocks,1024,2718,0,4096,0.5941,True,False
Radix,base,random_blocks,1024,3141,0,4096,0.5949,True,False
Radix,base,random_blocks,1024,9973,0,4096,0.591,True,False
Radix,base,random_blocks,1024,31337,0,4096,0.5919,True,False
Radix,base,random_blocks,1024,65537,0,4096,0.587,True,False
Selection,base,random_blocks,1024,42,,,,,True
Selection,base,random_blocks,1024,137,,,,,True
Selection,base,random_blocks,1024,1618,,,,,True
Selection,base,random_blocks,1024,2718,,,,,True
Selection,base,random_blocks,1024,3141,,,,,True
Selection,base,random_blocks,1024,9973,,,,,True
Selection,base,random_blocks,1024,31337,,,,,True
Selection,base,random_blocks,1024,65537,,,,,True
T_MHB,triplet,random_blocks,1024,42,13996,9438,1.6341,True,False
T_MHB,triplet,random_blocks,1024,137,13861,9412,1.6465,True,False
T_MHB,triplet,random_blocks,1024,1618,13858,9336,1.6294,True,False
T_MHB,triplet,random_blocks,1024,2718,13910,9512,1.6844,True,False
T_MHB,triplet,random_blocks,1024,3141,14048,9624,1.6629,True,False
T_MHB,triplet,random_blocks,1024,9973,14245,9584,1.6856,True,False
T_MHB,triplet,random_blocks,1024,31337,13887,9432,1.6617,True,False
T_MHB,triplet,random_blocks,1024,65537,13803,9442,1.6571,True,False
T_MHI,triplet,random_blocks,1024,42,13996,9438,1.7529,True,False
T_MHI,triplet,random_blocks,1024,137,13861,9412,1.6507,True,False
T_MHI,triplet,random_blocks,1024,1618,13858,9336,1.6396,True,False
T_MHI,triplet,random_blocks,1024,2718,13910,9512,1.6714,True,False
T_MHI,triplet,random_blocks,1024,3141,14048,9624,1.6813,True,False
T_MHI,triplet,random_blocks,1024,9973,14245,9584,1.6686,True,False
T_MHI,triplet,random_blocks,1024,31337,13887,9432,1.6475,True,False
T_MHI,triplet,random_blocks,1024,65537,13803,9442,1.7008,True,False
T_MHS,triplet,random_blocks,1024,42,13996,9438,1.7011,True,False
T_MHS,triplet,random_blocks,1024,137,13861,9412,1.6384,True,False
T_MHS,triplet,random_blocks,1024,1618,13858,9336,1.636,True,False
T_MHS,triplet,random_blocks,1024,2718,13910,9512,1.664,True,False
T_MHS,triplet,random_blocks,1024,3141,14048,9624,1.6567,True,False
T_MHS,triplet,random_blocks,1024,9973,14245,9584,1.6667,True,False
T_MHS,triplet,random_blocks,1024,31337,13887,9432,1.6353,True,False
T_MHS,triplet,random_blocks,1024,65537,13803,9442,1.6353,True,False
T_MIB,triplet,random_blocks,1024,42,20603,20008,2.3139,True,False
T_MIB,triplet,random_blocks,1024,137,19163,18620,2.2682,True,False
T_MIB,triplet,random_blocks,1024,1618,22344,21728,2.3677,True,False
T_MIB,triplet,random_blocks,1024,2718,16755,16248,1.9839,True,False
T_MIB,triplet,random_blocks,1024,3141,12045,11524,1.4129,True,False
T_MIB,triplet,random_blocks,1024,9973,14350,13604,1.7931,True,False
T_MIB,triplet,random_blocks,1024,31337,20704,20212,2.3462,True,False
T_MIB,triplet,random_blocks,1024,65537,19565,19124,2.2638,True,False
T_MII,triplet,random_blocks,1024,42,20603,20008,2.316,True,False
T_MII,triplet,random_blocks,1024,137,19163,18620,2.1956,True,False
T_MII,triplet,random_blocks,1024,1618,22344,21728,2.5273,True,False
T_MII,triplet,random_blocks,1024,2718,16755,16248,1.9027,True,False
T_MII,triplet,random_blocks,1024,3141,12045,11524,1.3984,True,False
T_MII,triplet,random_blocks,1024,9973,14350,13604,1.7111,True,False
T_MII,triplet,random_blocks,1024,31337,20704,20212,2.3238,True,False
T_MII,triplet,random_blocks,1024,65537,19565,19124,2.2394,True,False
T_MIS,triplet,random_blocks,1024,42,20603,20008,2.3592,True,False
T_MIS,triplet,random_blocks,1024,137,19163,18620,2.2027,True,False
T_MIS,triplet,random_blocks,1024,1618,22344,21728,2.5882,True,False
T_MIS,triplet,random_blocks,1024,2718,16755,16248,1.9059,True,False
T_MIS,triplet,random_blocks,1024,3141,12045,11524,1.4751,True,False
T_MIS,triplet,random_blocks,1024,9973,14350,13604,1.6486,True,False
T_MIS,triplet,random_blocks,1024,31337,20704,20212,2.1422,True,False
T_MIS,triplet,random_blocks,1024,65537,19565,19124,2.2691,True,False
T_MMB,triplet,random_blocks,1024,42,5810,6376,0.9375,True,False
T_MMB,triplet,random_blocks,1024,137,5789,6428,0.9065,True,False
T_MMB,triplet,random_blocks,1024,1618,6084,6480,0.9222,True,False
T_MMB,triplet,random_blocks,1024,2718,5638,6328,0.8759,True,False
T_MMB,triplet,random_blocks,1024,3141,5535,6244,0.888,True,False
T_MMB,triplet,random_blocks,1024,9973,5765,6340,0.8907,True,False
T_MMB,triplet,random_blocks,1024,31337,5817,6404,0.8996,True,False
T_MMB,triplet,random_blocks,1024,65537,5905,6420,0.9185,True,False
T_MMI,triplet,random_blocks,1024,42,5688,6376,0.905,True,False
T_MMI,triplet,random_blocks,1024,137,5653,6428,0.9159,True,False
T_MMI,triplet,random_blocks,1024,1618,5914,6480,0.9204,True,False
T_MMI,triplet,random_blocks,1024,2718,5544,6328,0.8994,True,False
T_MMI,triplet,random_blocks,1024,3141,5376,6244,0.8771,True,False
T_MMI,triplet,random_blocks,1024,9973,5716,6340,0.9339,True,False
T_MMI,triplet,random_blocks,1024,31337,5617,6404,0.9119,True,False
T_MMI,triplet,random_blocks,1024,65537,5671,6420,0.9061,True,False
T_MMS,triplet,random_blocks,1024,42,12180,6192,1.2329,True,False
T_MMS,triplet,random_blocks,1024,137,12094,6198,1.3302,True,False
T_MMS,triplet,random_blocks,1024,1618,12304,6220,1.2975,True,False
T_MMS,triplet,random_blocks,1024,2718,12084,6196,1.2233,True,False
T_MMS,triplet,random_blocks,1024,3141,11998,6178,1.2052,True,False
T_MMS,triplet,random_blocks,1024,9973,12244,6198,1.1832,True,False
T_MMS,triplet,random_blocks,1024,31337,12082,6206,1.3177,True,False
T_MMS,triplet,random_blocks,1024,65537,12120,6210,1.3307,True,False
T_MQB,triplet,random_blocks,1024,42,9086,4820,1.0428,True,False
T_MQB,triplet,random_blocks,1024,137,8891,4810,1.0288,True,False
T_MQB,triplet,random_blocks,1024,1618,9723,5281,1.1512,True,False
T_MQB,triplet,random_blocks,1024,2718,8678,4594,0.9874,True,False
T_MQB,triplet,random_blocks,1024,3141,8705,4285,0.9711,True,False
T_MQB,triplet,random_blocks,1024,9973,8339,4209,0.9274,True,False
T_MQB,triplet,random_blocks,1024,31337,8890,4714,1.0297,True,False
T_MQB,triplet,random_blocks,1024,65537,9334,5219,1.1022,True,False
T_MQI,triplet,random_blocks,1024,42,8117,4820,0.9486,True,False
T_MQI,triplet,random_blocks,1024,137,7972,4810,0.9653,True,False
T_MQI,triplet,random_blocks,1024,1618,8604,5281,1.132,True,False
T_MQI,triplet,random_blocks,1024,2718,8020,4594,0.9371,True,False
T_MQI,triplet,random_blocks,1024,3141,7927,4285,0.9052,True,False
T_MQI,triplet,random_blocks,1024,9973,7887,4209,0.9151,True,False
T_MQI,triplet,random_blocks,1024,31337,7947,4714,0.9448,True,False
T_MQI,triplet,random_blocks,1024,65537,8480,5219,1.0043,True,False
T_MQS,triplet,random_blocks,1024,42,12024,4264,1.233,True,False
T_MQS,triplet,random_blocks,1024,137,11949,4248,1.2184,True,False
T_MQS,triplet,random_blocks,1024,1618,11824,4573,1.2353,True,False
T_MQS,triplet,random_blocks,1024,2718,12090,4196,1.2225,True,False
T_MQS,triplet,random_blocks,1024,3141,12282,3847,1.1899,True,False
T_MQS,triplet,random_blocks,1024,9973,12462,3903,1.2087,True,False
T_MQS,triplet,random_blocks,1024,31337,11822,4272,1.1969,True,False
T_MQS,triplet,random_blocks,1024,65537,11762,4433,1.2552,True,False
T_MRB,triplet,random_blocks,1024,42,2656,6400,0.9305,True,False
T_MRB,triplet,random_blocks,1024,137,2604,6400,0.923,True,False
T_MRB,triplet,random_blocks,1024,1618,2678,6400,0.9147,True,False
T_MRB,triplet,random_blocks,1024,2718,2568,6400,0.9121,True,False
T_MRB,triplet,random_blocks,1024,3141,2580,6400,0.9106,True,False
T_MRB,triplet,random_blocks,1024,9973,2806,6400,0.9253,True,False
T_MRB,triplet,random_blocks,1024,31337,2554,6400,0.9279,True,False
T_MRB,triplet,random_blocks,1024,65537,2502,6400,0.9045,True,False
T_MRI,triplet,random_blocks,1024,42,2656,6400,0.9179,True,False
T_MRI,triplet,random_blocks,1024,137,2604,6400,0.9144,True,False
T_MRI,triplet,random_blocks,1024,1618,2678,6400,0.9169,True,False
T_MRI,triplet,random_blocks,1024,2718,2568,6400,0.9071,True,False
T_MRI,triplet,random_blocks,1024,3141,2580,6400,0.9792,True,False
T_MRI,triplet,random_blocks,1024,9973,2806,6400,0.9298,True,False
T_MRI,triplet,random_blocks,1024,31337,2554,6400,0.9143,True,False
T_MRI,triplet,random_blocks,1024,65537,2502,6400,0.9086,True,False
T_MRS,triplet,random_blocks,1024,42,2656,6400,0.914,True,False
T_MRS,triplet,random_blocks,1024,137,2604,6400,0.939,True,False
T_MRS,triplet,random_blocks,1024,1618,2678,6400,0.9176,True,False
T_MRS,triplet,random_blocks,1024,2718,2568,6400,0.911,True,False
T_MRS,triplet,random_blocks,1024,3141,2580,6400,0.9344,True,False
T_MRS,triplet,random_blocks,1024,9973,2806,6400,0.9208,True,False
T_MRS,triplet,random_blocks,1024,31337,2554,6400,0.9395,True,False
T_MRS,triplet,random_blocks,1024,65537,2502,6400,0.9495,True,False
T_MSB,triplet,random_blocks,1024,42,67680,3680,4.1602,True,False
T_MSB,triplet,random_blocks,1024,137,67628,3686,4.2631,True,False
T_MSB,triplet,random_blocks,1024,1618,67702,3868,3.9966,True,False
T_MSB,triplet,random_blocks,1024,2718,67592,3684,4.1979,True,False
T_MSB,triplet,random_blocks,1024,3141,67604,3538,4.1978,True,False
T_MSB,triplet,random_blocks,1024,9973,67830,3574,4.215,True,False
T_MSB,triplet,random_blocks,1024,31337,67578,3686,4.0174,True,False
T_MSB,triplet,random_blocks,1024,65537,67526,3794,4.1901,True,False
T_MSI,triplet,random_blocks,1024,42,67680,3680,4.1687,True,False
T_MSI,triplet,random_blocks,1024,137,67628,3686,4.215,True,False
T_MSI,triplet,random_blocks,1024,1618,67702,3868,4.215,True,False
T_MSI,triplet,random_blocks,1024,2718,67592,3684,4.2351,True,False
T_MSI,triplet,random_blocks,1024,3141,67604,3538,4.1637,True,False
T_MSI,triplet,random_blocks,1024,9973,67830,3574,4.1816,True,False
T_MSI,triplet,random_blocks,1024,31337,67578,3686,4.2226,True,False
T_MSI,triplet,random_blocks,1024,65537,67526,3794,4.2026,True,False
T_MSS,triplet,random_blocks,1024,42,67680,3680,4.1725,True,False
T_MSS,triplet,random_blocks,1024,137,67628,3686,4.1408,True,False
T_MSS,triplet,random_blocks,1024,1618,67702,3868,4.0011,True,False
T_MSS,triplet,random_blocks,1024,2718,67592,3684,4.1548,True,False
T_MSS,triplet,random_blocks,1024,3141,67604,3538,3.9143,True,False
T_MSS,triplet,random_blocks,1024,9973,67830,3574,4.009,True,False
T_MSS,triplet,random_blocks,1024,31337,67578,3686,3.786,True,False
T_MSS,triplet,random_blocks,1024,65537,67526,3794,4.0234,True,False
T_QHB,triplet,random_blocks,1024,42,14322,6384,1.3322,True,False
T_QHB,triplet,random_blocks,1024,137,14646,6742,1.3659,True,False
T_QHB,triplet,random_blocks,1024,1618,15046,6908,1.5897,True,False
T_QHB,triplet,random_blocks,1024,2718,15282,6364,1.5371,True,False
T_QHB,triplet,random_blocks,1024,3141,14333,6700,1.4865,True,False
T_QHB,triplet,random_blocks,1024,9973,13793,6340,1.4294,True,False
T_QHB,triplet,random_blocks,1024,31337,14775,6610,1.4921,True,False
T_QHB,triplet,random_blocks,1024,65537,14035,6808,1.4917,True,False
T_QHI,triplet,random_blocks,1024,42,14317,6384,1.4618,True,False
T_QHI,triplet,random_blocks,1024,137,14637,6742,1.4888,True,False
T_QHI,triplet,random_blocks,1024,1618,15046,6908,1.571,True,False
T_QHI,triplet,random_blocks,1024,2718,15263,6364,1.527,True,False
T_QHI,triplet,random_blocks,1024,3141,14333,6700,1.5078,True,False
T_QHI,triplet,random_blocks,1024,9973,13793,6340,1.4495,True,False
T_QHI,triplet,random_blocks,1024,31337,14775,6610,1.5026,True,False
T_QHI,triplet,random_blocks,1024,65537,14035,6808,1.4729,True,False
T_QHS,triplet,random_blocks,1024,42,14413,6378,1.4875,True,False
T_QHS,triplet,random_blocks,1024,137,14657,6740,1.547,True,False
T_QHS,triplet,random_blocks,1024,1618,15046,6908,1.538,True,False
T_QHS,triplet,random_blocks,1024,2718,15282,6294,1.5113,True,False
T_QHS,triplet,random_blocks,1024,3141,14333,6700,1.3161,True,False
T_QHS,triplet,random_blocks,1024,9973,13793,6340,1.263,True,False
T_QHS,triplet,random_blocks,1024,31337,14775,6610,1.355,True,False
T_QHS,triplet,random_blocks,1024,65537,14035,6808,1.336,True,False
T_QIB,triplet,random_blocks,1024,42,28381,23940,2.6849,True,False
T_QIB,triplet,random_blocks,1024,137,24876,20414,2.3516,True,False
T_QIB,triplet,random_blocks,1024,1618,25419,21078,2.4414,True,False
T_QIB,triplet,random_blocks,1024,2718,30040,24314,2.7879,True,False
T_QIB,triplet,random_blocks,1024,3141,24565,20656,2.2798,True,False
T_QIB,triplet,random_blocks,1024,9973,32001,28152,3.2011,True,False
T_QIB,triplet,random_blocks,1024,31337,32384,27878,3.1283,True,False
T_QIB,triplet,random_blocks,1024,65537,27680,24022,2.9733,True,False
T_QII,triplet,random_blocks,1024,42,28376,23940,3.0247,True,False
T_QII,triplet,random_blocks,1024,137,24867,20414,2.6339,True,False
T_QII,triplet,random_blocks,1024,1618,25419,21078,2.661,True,False
T_QII,triplet,random_blocks,1024,2718,30021,24314,3.103,True,False
T_QII,triplet,random_blocks,1024,3141,24565,20656,2.5603,True,False
T_QII,triplet,random_blocks,1024,9973,32001,28152,3.2202,True,False
T_QII,triplet,random_blocks,1024,31337,32384,27878,3.2137,True,False
T_QII,triplet,random_blocks,1024,65537,27680,24022,2.6682,True,False
T_QIS,triplet,random_blocks,1024,42,28472,23934,2.9499,True,False
T_QIS,triplet,random_blocks,1024,137,24887,20412,2.3699,True,False
T_QIS,triplet,random_blocks,1024,1618,25419,21078,2.6866,True,False
T_QIS,triplet,random_blocks,1024,2718,30040,24244,3.1311,True,False
T_QIS,triplet,random_blocks,1024,3141,24565,20656,2.5801,True,False
T_QIS,triplet,random_blocks,1024,9973,32001,28152,3.4028,True,False
T_QIS,triplet,random_blocks,1024,31337,32384,27878,3.4743,True,False
T_QIS,triplet,random_blocks,1024,65537,27680,24022,2.9902,True,False
T_QMB,triplet,random_blocks,1024,42,10038,6465,1.305,True,False
T_QMB,triplet,random_blocks,1024,137,9474,6219,1.2249,True,False
T_QMB,triplet,random_blocks,1024,1618,9811,6338,1.2639,True,False
T_QMB,triplet,random_blocks,1024,2718,11786,6864,1.2857,True,False
T_QMB,triplet,random_blocks,1024,3141,9123,6124,1.0524,True,False
T_QMB,triplet,random_blocks,1024,9973,10139,7070,1.1506,True,False
T_QMB,triplet,random_blocks,1024,31337,11155,7390,1.3415,True,False
T_QMB,triplet,random_blocks,1024,65537,9584,6942,1.3074,True,False
T_QMI,triplet,random_blocks,1024,42,9811,6465,1.0616,True,False
T_QMI,triplet,random_blocks,1024,137,9288,6219,1.0376,True,False
T_QMI,triplet,random_blocks,1024,1618,9486,6338,1.0403,True,False
T_QMI,triplet,random_blocks,1024,2718,11429,6864,1.1213,True,False
T_QMI,triplet,random_blocks,1024,3141,8983,6124,0.9896,True,False
T_QMI,triplet,random_blocks,1024,9973,9713,7070,1.1765,True,False
T_QMI,triplet,random_blocks,1024,31337,10824,7390,1.267,True,False
T_QMI,triplet,random_blocks,1024,65537,9281,6942,1.1397,True,False
T_QMS,triplet,random_blocks,1024,42,11857,4051,1.2201,True,False
T_QMS,triplet,random_blocks,1024,137,12077,4207,1.2208,True,False
T_QMS,triplet,random_blocks,1024,1618,12436,4242,1.247,True,False
T_QMS,triplet,random_blocks,1024,2718,13756,3992,1.3876,True,False
T_QMS,triplet,random_blocks,1024,3141,11774,4052,1.2152,True,False
T_QMS,triplet,random_blocks,1024,9973,11684,4102,1.214,True,False
T_QMS,triplet,random_blocks,1024,31337,13008,4162,1.2987,True,False
T_QMS,triplet,random_blocks,1024,65537,11561,4352,1.2206,True,False
T_QQB,triplet,random_blocks,1024,42,12009,2548,1.1049,True,False
T_QQB,triplet,random_blocks,1024,137,11482,2209,1.028,True,False
T_QQB,triplet,random_blocks,1024,1618,11910,2493,1.2885,True,False
T_QQB,triplet,random_blocks,1024,2718,13277,3404,1.2723,True,False
T_QQB,triplet,random_blocks,1024,3141,10113,1862,0.9236,True,False
T_QQB,triplet,random_blocks,1024,9973,10839,2472,1.0197,True,False
T_QQB,triplet,random_blocks,1024,31337,11531,2557,1.0807,True,False
T_QQB,triplet,random_blocks,1024,65537,10955,2707,1.0533,True,False
T_QQI,triplet,random_blocks,1024,42,10310,2548,0.9501,True,False
T_QQI,triplet,random_blocks,1024,137,10234,2209,0.931,True,False
T_QQI,triplet,random_blocks,1024,1618,11085,2493,0.9959,True,False
T_QQI,triplet,random_blocks,1024,2718,12384,3404,1.1133,True,False
T_QQI,triplet,random_blocks,1024,3141,9305,1862,0.8254,True,False
T_QQI,triplet,random_blocks,1024,9973,9459,2472,0.87,True,False
T_QQI,triplet,random_blocks,1024,31337,10136,2557,0.9213,True,False
T_QQI,triplet,random_blocks,1024,65537,9604,2707,0.8976,True,False
T_QQS,triplet,random_blocks,1024,42,13450,2014,1.1466,True,False
T_QQS,triplet,random_blocks,1024,137,13006,2063,1.1261,True,False
T_QQS,triplet,random_blocks,1024,1618,13294,2127,1.1648,True,False
T_QQS,triplet,random_blocks,1024,2718,14181,2422,1.2364,True,False
T_QQS,triplet,random_blocks,1024,3141,12174,1712,1.0543,True,False
T_QQS,triplet,random_blocks,1024,9973,12282,2032,1.0812,True,False
T_QQS,triplet,random_blocks,1024,31337,13213,2121,1.1529,True,False
T_QQS,triplet,random_blocks,1024,65537,12276,2299,1.1065,True,False
T_QRB,triplet,random_blocks,1024,42,4780,3891,0.8731,True,False
T_QRB,triplet,random_blocks,1024,137,4580,4037,0.8632,True,False
T_QRB,triplet,random_blocks,1024,1618,4585,4077,0.9466,True,False
T_QRB,triplet,random_blocks,1024,2718,6144,4095,0.9631,True,False
T_QRB,triplet,random_blocks,1024,3141,4091,3977,0.8316,True,False
T_QRB,triplet,random_blocks,1024,9973,3974,3965,0.8301,True,False
T_QRB,triplet,random_blocks,1024,31337,4713,4061,0.921,True,False
T_QRB,triplet,random_blocks,1024,65537,4027,4231,0.849,True,False
T_QRI,triplet,random_blocks,1024,42,4775,3891,0.8734,True,False
T_QRI,triplet,random_blocks,1024,137,4571,4037,0.8692,True,False
T_QRI,triplet,random_blocks,1024,1618,4585,4077,0.8893,True,False
T_QRI,triplet,random_blocks,1024,2718,6125,4095,0.9712,True,False
T_QRI,triplet,random_blocks,1024,3141,4091,3977,0.8275,True,False
T_QRI,triplet,random_blocks,1024,9973,3974,3965,0.8386,True,False
T_QRI,triplet,random_blocks,1024,31337,4713,4061,0.8571,True,False
T_QRI,triplet,random_blocks,1024,65537,4027,4231,0.7454,True,False
T_QRS,triplet,random_blocks,1024,42,4871,3885,0.8648,True,False
T_QRS,triplet,random_blocks,1024,137,4591,4035,0.7704,True,False
T_QRS,triplet,random_blocks,1024,1618,4585,4077,0.7731,True,False
T_QRS,triplet,random_blocks,1024,2718,6144,4025,0.8567,True,False
T_QRS,triplet,random_blocks,1024,3141,4091,3977,0.7351,True,False
T_QRS,triplet,random_blocks,1024,9973,3974,3965,0.854,True,False
T_QRS,triplet,random_blocks,1024,31337,4713,4061,0.8868,True,False
T_QRS,triplet,random_blocks,1024,65537,4027,4231,0.8426,True,False
T_QSB,triplet,random_blocks,1024,42,46203,1650,2.9285,True,False
T_QSB,triplet,random_blocks,1024,137,52892,1664,3.2753,True,False
T_QSB,triplet,random_blocks,1024,1618,55138,1690,3.434,True,False
T_QSB,triplet,random_blocks,1024,2718,48871,2018,3.1445,True,False
T_QSB,triplet,random_blocks,1024,3141,51736,1282,2.8991,True,False
T_QSB,triplet,random_blocks,1024,9973,50498,1506,3.0068,True,False
T_QSB,triplet,random_blocks,1024,31337,53596,1528,2.9996,True,False
T_QSB,triplet,random_blocks,1024,65537,49070,1894,2.9245,True,False
T_QSI,triplet,random_blocks,1024,42,46198,1650,2.6446,True,False
T_QSI,triplet,random_blocks,1024,137,52883,1664,2.9427,True,False
T_QSI,triplet,random_blocks,1024,1618,55138,1690,3.1299,True,False
T_QSI,triplet,random_blocks,1024,2718,48852,2018,2.8427,True,False
T_QSI,triplet,random_blocks,1024,3141,51736,1282,3.2496,True,False
T_QSI,triplet,random_blocks,1024,9973,50498,1506,3.1775,True,False
T_QSI,triplet,random_blocks,1024,31337,53596,1528,3.3351,True,False
T_QSI,triplet,random_blocks,1024,65537,49070,1894,3.0939,True,False
T_QSS,triplet,random_blocks,1024,42,46294,1644,2.9162,True,False
T_QSS,triplet,random_blocks,1024,137,52903,1662,3.2762,True,False
T_QSS,triplet,random_blocks,1024,1618,55138,1690,3.3904,True,False
T_QSS,triplet,random_blocks,1024,2718,48871,1948,3.1426,True,False
T_QSS,triplet,random_blocks,1024,3141,51736,1282,3.2045,True,False
T_QSS,triplet,random_blocks,1024,9973,50498,1506,3.1627,True,False
T_QSS,triplet,random_blocks,1024,31337,53596,1528,3.346,True,False
T_QSS,triplet,random_blocks,1024,65537,49070,1894,2.8994,True,False
TimCustom,base,random_blocks,1024,42,6011,6276,0.8523,True,False
TimCustom,base,random_blocks,1024,137,5871,6210,0.8503,True,False
TimCustom,base,random_blocks,1024,1618,6202,6406,0.7868,True,False
TimCustom,base,random_blocks,1024,2718,5731,6092,0.8193,True,False
TimCustom,base,random_blocks,1024,3141,5369,5744,0.7856,True,False
TimCustom,base,random_blocks,1024,9973,5738,5934,0.7862,True,False
TimCustom,base,random_blocks,1024,31337,5970,6338,0.7709,True,False
TimCustom,base,random_blocks,1024,65537,5897,6230,0.8467,True,False
Bubble,base,reverse,1024,42,,,,,True
Bubble,base,reverse,1024,137,,,,,True
Bubble,base,reverse,1024,1618,,,,,True
Bubble,base,reverse,1024,2718,,,,,True
Bubble,base,reverse,1024,3141,,,,,True
Bubble,base,reverse,1024,9973,,,,,True
Bubble,base,reverse,1024,31337,,,,,True
Bubble,base,reverse,1024,65537,,,,,True
Heap,base,reverse,1024,42,16407,8542,1.4217,True,False
Heap,base,reverse,1024,137,16407,8542,1.4183,True,False
Heap,base,reverse,1024,1618,16407,8542,1.4461,True,False
Heap,base,reverse,1024,2718,16407,8542,1.4293,True,False
Heap,base,reverse,1024,3141,16407,8542,1.4223,True,False
Heap,base,reverse,1024,9973,16407,8542,1.4152,True,False
Heap,base,reverse,1024,31337,16407,8542,1.4128,True,False
Heap,base,reverse,1024,65537,16407,8542,1.411,True,False
Hybrid_Intro,hybrid,reverse,1024,42,11506,980,0.8918,True,False
Hybrid_Intro,hybrid,reverse,1024,137,11506,980,0.9008,True,False
Hybrid_Intro,hybrid,reverse,1024,1618,11506,980,0.8886,True,False
Hybrid_Intro,hybrid,reverse,1024,2718,11506,980,0.8961,True,False
Hybrid_Intro,hybrid,reverse,1024,3141,11506,980,0.8924,True,False
Hybrid_Intro,hybrid,reverse,1024,9973,11506,980,0.8944,True,False
Hybrid_Intro,hybrid,reverse,1024,31337,11506,980,0.894,True,False
Hybrid_Intro,hybrid,reverse,1024,65537,11506,980,0.8898,True,False
Hybrid_MI,hybrid,reverse,1024,42,10752,7104,1.4415,True,False
Hybrid_MI,hybrid,reverse,1024,137,10752,7104,1.4734,True,False
Hybrid_MI,hybrid,reverse,1024,1618,10752,7104,1.4402,True,False
Hybrid_MI,hybrid,reverse,1024,2718,10752,7104,1.4151,True,False
Hybrid_MI,hybrid,reverse,1024,3141,10752,7104,1.4086,True,False
Hybrid_MI,hybrid,reverse,1024,9973,10752,7104,1.4064,True,False
Hybrid_MI,hybrid,reverse,1024,31337,10752,7104,1.4079,True,False
Hybrid_MI,hybrid,reverse,1024,65537,10752,7104,1.3022,True,False
Hybrid_QI,hybrid,reverse,1024,42,11506,980,0.7937,True,False
Hybrid_QI,hybrid,reverse,1024,137,11506,980,0.7927,True,False
Hybrid_QI,hybrid,reverse,1024,1618,11506,980,0.8456,True,False
Hybrid_QI,hybrid,reverse,1024,2718,11506,980,0.8822,True,False
Hybrid_QI,hybrid,reverse,1024,3141,11506,980,0.9123,True,False
Hybrid_QI,hybrid,reverse,1024,9973,11506,980,0.897,True,False
Hybrid_QI,hybrid,reverse,1024,31337,11506,980,0.8979,True,False
Hybrid_QI,hybrid,reverse,1024,65537,11506,980,0.9214,True,False
Hybrid_RI,hybrid,reverse,1024,42,0,4096,0.6301,True,False
Hybrid_RI,hybrid,reverse,1024,137,0,4096,0.6211,True,False
Hybrid_RI,hybrid,reverse,1024,1618,0,4096,0.6143,True,False
Hybrid_RI,hybrid,reverse,1024,2718,0,4096,0.5995,True,False
Hybrid_RI,hybrid,reverse,1024,3141,0,4096,0.5995,True,False
Hybrid_RI,hybrid,reverse,1024,9973,0,4096,0.6046,True,False
Hybrid_RI,hybrid,reverse,1024,31337,0,4096,0.5999,True,False
Hybrid_RI,hybrid,reverse,1024,65537,0,4096,0.598,True,False
Insertion,base,reverse,1024,42,523776,524799,38.4212,True,False
Insertion,base,reverse,1024,137,523776,524799,37.3955,True,False
Insertion,base,reverse,1024,1618,523776,524799,39.4063,True,False
Insertion,base,reverse,1024,2718,523776,524799,38.7639,True,False
Insertion,base,reverse,1024,3141,523776,524799,38.0497,True,False
Insertion,base,reverse,1024,9973,523776,524799,37.4608,True,False
Insertion,base,reverse,1024,31337,523776,524799,38.1703,True,False
Insertion,base,reverse,1024,65537,523776,524799,38.8593,True,False
Merge,base,reverse,1024,42,5120,10240,1.4389,True,False
Merge,base,reverse,1024,137,5120,10240,1.3128,True,False
Merge,base,reverse,1024,1618,5120,10240,1.2734,True,False
Merge,base,reverse,1024,2718,5120,10240,1.3162,True,False
Merge,base,reverse,1024,3141,5120,10240,1.3243,True,False
Merge,base,reverse,1024,9973,5120,10240,1.4291,True,False
Merge,base,reverse,1024,31337,5120,10240,1.4944,True,False
Merge,base,reverse,1024,65537,5120,10240,1.4417,True,False
Quick,base,reverse,1024,42,12903,2070,1.0752,True,False
Quick,base,reverse,1024,137,12903,2070,1.1111,True,False
Quick,base,reverse,1024,1618,12903,2070,1.0735,True,False
Quick,base,reverse,1024,2718,12903,2070,1.0864,True,False
Quick,base,reverse,1024,3141,12903,2070,1.0813,True,False
Quick,base,reverse,1024,9973,12903,2070,0.9802,True,False
Quick,base,reverse,1024,31337,12903,2070,0.9675,True,False
Quick,base,reverse,1024,65537,12903,2070,1.0779,True,False
Radix,base,reverse,1024,42,0,4096,0.5977,True,False
Radix,base,reverse,1024,137,0,4096,0.6034,True,False
Radix,base,reverse,1024,1618,0,4096,0.5913,True,False
Radix,base,reverse,1024,2718,0,4096,0.592,True,False
Radix,base,reverse,1024,3141,0,4096,0.5961,True,False
Radix,base,reverse,1024,9973,0,4096,0.5987,True,False
Radix,base,reverse,1024,31337,0,4096,0.6045,True,False
Radix,base,reverse,1024,65537,0,4096,0.6158,True,False
Selection,base,reverse,1024,42,,,,,True
Selection,base,reverse,1024,137,,,,,True
Selection,base,reverse,1024,1618,,,,,True
Selection,base,reverse,1024,2718,,,,,True
Selection,base,reverse,1024,3141,,,,,True
Selection,base,reverse,1024,9973,,,,,True
Selection,base,reverse,1024,31337,,,,,True
Selection,base,reverse,1024,65537,,,,,True
T_MHB,triplet,reverse,1024,42,11888,8688,1.4457,True,False
T_MHB,triplet,reverse,1024,137,11888,8688,1.4473,True,False
T_MHB,triplet,reverse,1024,1618,11888,8688,1.4487,True,False
T_MHB,triplet,reverse,1024,2718,11888,8688,1.3261,True,False
T_MHB,triplet,reverse,1024,3141,11888,8688,1.3002,True,False
T_MHB,triplet,reverse,1024,9973,11888,8688,1.3227,True,False
T_MHB,triplet,reverse,1024,31337,11888,8688,1.3149,True,False
T_MHB,triplet,reverse,1024,65537,11888,8688,1.3634,True,False
T_MHI,triplet,reverse,1024,42,11888,8688,1.4695,True,False
T_MHI,triplet,reverse,1024,137,11888,8688,1.4689,True,False
T_MHI,triplet,reverse,1024,1618,11888,8688,1.4612,True,False
T_MHI,triplet,reverse,1024,2718,11888,8688,1.465,True,False
T_MHI,triplet,reverse,1024,3141,11888,8688,1.4554,True,False
T_MHI,triplet,reverse,1024,9973,11888,8688,1.4647,True,False
T_MHI,triplet,reverse,1024,31337,11888,8688,1.4409,True,False
T_MHI,triplet,reverse,1024,65537,11888,8688,1.4396,True,False
T_MHS,triplet,reverse,1024,42,11888,8688,1.472,True,False
T_MHS,triplet,reverse,1024,137,11888,8688,1.4501,True,False
T_MHS,triplet,reverse,1024,1618,11888,8688,1.4519,True,False
T_MHS,triplet,reverse,1024,2718,11888,8688,1.3364,True,False
T_MHS,triplet,reverse,1024,3141,11888,8688,1.3159,True,False
T_MHS,triplet,reverse,1024,9973,11888,8688,1.2894,True,False
T_MHS,triplet,reverse,1024,31337,11888,8688,1.4411,True,False
T_MHS,triplet,reverse,1024,65537,11888,8688,1.3091,True,False
T_MIB,triplet,reverse,1024,42,66560,68096,6.9782,True,False
T_MIB,triplet,reverse,1024,137,66560,68096,7.6943,True,False
T_MIB,triplet,reverse,1024,1618,66560,68096,7.8431,True,False
T_MIB,triplet,reverse,1024,2718,66560,68096,7.2667,True,False
T_MIB,triplet,reverse,1024,3141,66560,68096,7.6022,True,False
T_MIB,triplet,reverse,1024,9973,66560,68096,7.6359,True,False
T_MIB,triplet,reverse,1024,31337,66560,68096,6.8981,True,False
T_MIB,triplet,reverse,1024,65537,66560,68096,6.7812,True,False
T_MII,triplet,reverse,1024,42,66560,68096,7.5955,True,False
T_MII,triplet,reverse,1024,137,66560,68096,7.7821,True,False
T_MII,triplet,reverse,1024,1618,66560,68096,7.7346,True,False
T_MII,triplet,reverse,1024,2718,66560,68096,7.6209,True,False
T_MII,triplet,reverse,1024,3141,66560,68096,7.6978,True,False
T_MII,triplet,reverse,1024,9973,66560,68096,7.6552,True,False
T_MII,triplet,reverse,1024,31337,66560,68096,7.6368,True,False
T_MII,triplet,reverse,1024,65537,66560,68096,7.624,True,False
T_MIS,triplet,reverse,1024,42,66560,68096,7.7038,True,False
T_MIS,triplet,reverse,1024,137,66560,68096,7.1311,True,False
T_MIS,triplet,reverse,1024,1618,66560,68096,7.6462,True,False
T_MIS,triplet,reverse,1024,2718,66560,68096,7.6442,True,False
T_MIS,triplet,reverse,1024,3141,66560,68096,7.7259,True,False
T_MIS,triplet,reverse,1024,9973,66560,68096,7.6921,True,False
T_MIS,triplet,reverse,1024,31337,66560,68096,7.6624,True,False
T_MIS,triplet,reverse,1024,65537,66560,68096,7.6087,True,False
T_MMB,triplet,reverse,1024,42,10752,13824,1.8527,True,False
T_MMB,triplet,reverse,1024,137,10752,13824,1.8801,True,False
T_MMB,triplet,reverse,1024,1618,10752,13824,1.869,True,False
T_MMB,triplet,reverse,1024,2718,10752,13824,1.8412,True,False
T_MMB,triplet,reverse,1024,3141,10752,13824,1.8971,True,False
T_MMB,triplet,reverse,1024,9973,10752,13824,1.8551,True,False
T_MMB,triplet,reverse,1024,31337,10752,13824,1.8625,True,False
T_MMB,triplet,reverse,1024,65537,10752,13824,1.8536,True,False
T_MMI,triplet,reverse,1024,42,10752,13824,1.6263,True,False
T_MMI,triplet,reverse,1024,137,10752,13824,1.6463,True,False
T_MMI,triplet,reverse,1024,1618,10752,13824,1.6707,True,False
T_MMI,triplet,reverse,1024,2718,10752,13824,1.6779,True,False
T_MMI,triplet,reverse,1024,3141,10752,13824,1.6202,True,False
T_MMI,triplet,reverse,1024,9973,10752,13824,1.5869,True,False
T_MMI,triplet,reverse,1024,31337,10752,13824,1.722,True,False
T_MMI,triplet,reverse,1024,65537,10752,13824,1.7105,True,False
T_MMS,triplet,reverse,1024,42,10752,6656,1.3392,True,False
T_MMS,triplet,reverse,1024,137,10752,6656,1.3536,True,False
T_MMS,triplet,reverse,1024,1618,10752,6656,1.3099,True,False
T_MMS,triplet,reverse,1024,2718,10752,6656,1.3325,True,False
T_MMS,triplet,reverse,1024,3141,10752,6656,1.3669,True,False
T_MMS,triplet,reverse,1024,9973,10752,6656,1.3672,True,False
T_MMS,triplet,reverse,1024,31337,10752,6656,1.3709,True,False
T_MMS,triplet,reverse,1024,65537,10752,6656,1.3842,True,False
T_MQB,triplet,reverse,1024,42,11784,4720,1.2814,True,False
T_MQB,triplet,reverse,1024,137,11784,4720,1.3031,True,False
T_MQB,triplet,reverse,1024,1618,11784,4720,1.2996,True,False
T_MQB,triplet,reverse,1024,2718,11784,4720,1.3236,True,False
T_MQB,triplet,reverse,1024,3141,11784,4720,1.3474,True,False
T_MQB,triplet,reverse,1024,9973,11784,4720,1.2733,True,False
T_MQB,triplet,reverse,1024,31337,11784,4720,1.2928,True,False
T_MQB,triplet,reverse,1024,65537,11784,4720,1.3007,True,False
T_MQI,triplet,reverse,1024,42,7448,4720,0.9828,True,False
T_MQI,triplet,reverse,1024,137,7448,4720,0.9304,True,False
T_MQI,triplet,reverse,1024,1618,7448,4720,0.9342,True,False
T_MQI,triplet,reverse,1024,2718,7448,4720,0.9743,True,False
T_MQI,triplet,reverse,1024,3141,7448,4720,0.9522,True,False
T_MQI,triplet,reverse,1024,9973,7448,4720,0.9263,True,False
T_MQI,triplet,reverse,1024,31337,7448,4720,0.9151,True,False
T_MQI,triplet,reverse,1024,65537,7448,4720,1.0267,True,False
T_MQS,triplet,reverse,1024,42,11784,4720,1.2536,True,False
T_MQS,triplet,reverse,1024,137,11784,4720,1.2524,True,False
T_MQS,triplet,reverse,1024,1618,11784,4720,1.2557,True,False
T_MQS,triplet,reverse,1024,2718,11784,4720,1.2821,True,False
T_MQS,triplet,reverse,1024,3141,11784,4720,1.241,True,False
T_MQS,triplet,reverse,1024,9973,11784,4720,1.2164,True,False
T_MQS,triplet,reverse,1024,31337,11784,4720,1.2808,True,False
T_MQS,triplet,reverse,1024,65537,11784,4720,1.2754,True,False
T_MRB,triplet,reverse,1024,42,1536,6272,0.8587,True,False
T_MRB,triplet,reverse,1024,137,1536,6272,0.8706,True,False
T_MRB,triplet,reverse,1024,1618,1536,6272,0.8304,True,False
T_MRB,triplet,reverse,1024,2718,1536,6272,0.8476,True,False
T_MRB,triplet,reverse,1024,3141,1536,6272,0.8277,True,False
T_MRB,triplet,reverse,1024,9973,1536,6272,0.8585,True,False
T_MRB,triplet,reverse,1024,31337,1536,6272,0.8697,True,False
T_MRB,triplet,reverse,1024,65537,1536,6272,0.8555,True,False
T_MRI,triplet,reverse,1024,42,1536,6272,0.8297,True,False
T_MRI,triplet,reverse,1024,137,1536,6272,0.826,True,False
T_MRI,triplet,reverse,1024,1618,1536,6272,0.8379,True,False
T_MRI,triplet,reverse,1024,2718,1536,6272,0.8292,True,False
T_MRI,triplet,reverse,1024,3141,1536,6272,0.8361,True,False
T_MRI,triplet,reverse,1024,9973,1536,6272,0.8451,True,False
T_MRI,triplet,reverse,1024,31337,1536,6272,0.8246,True,False
T_MRI,triplet,reverse,1024,65537,1536,6272,0.8437,True,False
T_MRS,triplet,reverse,1024,42,1536,6272,0.8244,True,False
T_MRS,triplet,reverse,1024,137,1536,6272,0.845,True,False
T_MRS,triplet,reverse,1024,1618,1536,6272,0.8387,True,False
T_MRS,triplet,reverse,1024,2718,1536,6272,0.8419,True,False
T_MRS,triplet,reverse,1024,3141,1536,6272,0.8501,True,False
T_MRS,triplet,reverse,1024,9973,1536,6272,0.8246,True,False
T_MRS,triplet,reverse,1024,31337,1536,6272,0.8286,True,False
T_MRS,triplet,reverse,1024,65537,1536,6272,0.8476,True,False
T_MSB,triplet,reverse,1024,42,66560,3584,4.3852,True,False
T_MSB,triplet,reverse,1024,137,66560,3584,4.3711,True,False
T_MSB,triplet,reverse,1024,1618,66560,3584,4.0699,True,False
T_MSB,triplet,reverse,1024,2718,66560,3584,4.4987,True,False
T_MSB,triplet,reverse,1024,3141,66560,3584,4.3748,True,False
T_MSB,triplet,reverse,1024,9973,66560,3584,4.4015,True,False
T_MSB,triplet,reverse,1024,31337,66560,3584,4.3877,True,False
T_MSB,triplet,reverse,1024,65537,66560,3584,4.3151,True,False
T_MSI,triplet,reverse,1024,42,66560,3584,4.3024,True,False
T_MSI,triplet,reverse,1024,137,66560,3584,4.3846,True,False
T_MSI,triplet,reverse,1024,1618,66560,3584,4.4155,True,False
T_MSI,triplet,reverse,1024,2718,66560,3584,4.3498,True,False
T_MSI,triplet,reverse,1024,3141,66560,3584,4.2921,True,False
T_MSI,triplet,reverse,1024,9973,66560,3584,4.354,True,False
T_MSI,triplet,reverse,1024,31337,66560,3584,4.3366,True,False
T_MSI,triplet,reverse,1024,65537,66560,3584,4.2754,True,False
T_MSS,triplet,reverse,1024,42,66560,3584,4.3386,True,False
T_MSS,triplet,reverse,1024,137,66560,3584,4.336,True,False
T_MSS,triplet,reverse,1024,1618,66560,3584,4.3184,True,False
T_MSS,triplet,reverse,1024,2718,66560,3584,4.3742,True,False
T_MSS,triplet,reverse,1024,3141,66560,3584,4.3545,True,False
T_MSS,triplet,reverse,1024,9973,66560,3584,4.355,True,False
T_MSS,triplet,reverse,1024,31337,66560,3584,4.3579,True,False
T_MSS,triplet,reverse,1024,65537,66560,3584,4.3695,True,False
T_QHB,triplet,reverse,1024,42,15863,7278,1.6219,True,False
T_QHB,triplet,reverse,1024,137,15863,7278,1.6619,True,False
T_QHB,triplet,reverse,1024,1618,15863,7278,1.4492,True,False
T_QHB,triplet,reverse,1024,2718,15863,7278,1.6048,True,False
T_QHB,triplet,reverse,1024,3141,15863,7278,1.6016,True,False
T_QHB,triplet,reverse,1024,9973,15863,7278,1.6035,True,False
T_QHB,triplet,reverse,1024,31337,15863,7278,1.6321,True,False
T_QHB,triplet,reverse,1024,65537,15863,7278,1.6042,True,False
T_QHI,triplet,reverse,1024,42,15863,7278,1.6358,True,False
T_QHI,triplet,reverse,1024,137,15863,7278,1.6047,True,False
T_QHI,triplet,reverse,1024,1618,15863,7278,1.6058,True,False
T_QHI,triplet,reverse,1024,2718,15863,7278,1.619,True,False
T_QHI,triplet,reverse,1024,3141,15863,7278,1.5951,True,False
T_QHI,triplet,reverse,1024,9973,15863,7278,1.445,True,False
T_QHI,triplet,reverse,1024,31337,15863,7278,1.5871,True,False
T_QHI,triplet,reverse,1024,65537,15863,7278,1.6828,True,False
T_QHS,triplet,reverse,1024,42,15863,7278,1.6287,True,False
T_QHS,triplet,reverse,1024,137,15863,7278,1.6012,True,False
T_QHS,triplet,reverse,1024,1618,15863,7278,1.6029,True,False
T_QHS,triplet,reverse,1024,2718,15863,7278,1.6199,True,False
T_QHS,triplet,reverse,1024,3141,15863,7278,1.6257,True,False
T_QHS,triplet,reverse,1024,9973,15863,7278,1.6085,True,False
T_QHS,triplet,reverse,1024,31337,15863,7278,1.6017,True,False
T_QHS,triplet,reverse,1024,65537,15863,7278,1.6218,True,False
T_QIB,triplet,reverse,1024,42,6339,1550,0.5395,True,False
T_QIB,triplet,reverse,1024,137,6339,1550,0.5476,True,False
T_QIB,triplet,reverse,1024,1618,6339,1550,0.5425,True,False
T_QIB,triplet,reverse,1024,2718,6339,1550,0.5416,True,False
T_QIB,triplet,reverse,1024,3141,6339,1550,0.5433,True,False
T_QIB,triplet,reverse,1024,9973,6339,1550,0.5384,True,False
T_QIB,triplet,reverse,1024,31337,6339,1550,0.5552,True,False
T_QIB,triplet,reverse,1024,65537,6339,1550,0.5541,True,False
T_QII,triplet,reverse,1024,42,6339,1550,0.5501,True,False
T_QII,triplet,reverse,1024,137,6339,1550,0.5926,True,False
T_QII,triplet,reverse,1024,1618,6339,1550,0.5465,True,False
T_QII,triplet,reverse,1024,2718,6339,1550,0.5479,True,False
T_QII,triplet,reverse,1024,3141,6339,1550,0.5468,True,False
T_QII,triplet,reverse,1024,9973,6339,1550,0.544,True,False
T_QII,triplet,reverse,1024,31337,6339,1550,0.5373,True,False
T_QII,triplet,reverse,1024,65537,6339,1550,0.5381,True,False
T_QIS,triplet,reverse,1024,42,6339,1550,0.5469,True,False
T_QIS,triplet,reverse,1024,137,6339,1550,0.5429,True,False
T_QIS,triplet,reverse,1024,1618,6339,1550,0.5411,True,False
T_QIS,triplet,reverse,1024,2718,6339,1550,0.5407,True,False
T_QIS,triplet,reverse,1024,3141,6339,1550,0.5395,True,False
T_QIS,triplet,reverse,1024,9973,6339,1550,0.5395,True,False
T_QIS,triplet,reverse,1024,31337,6339,1550,0.5351,True,False
T_QIS,triplet,reverse,1024,65537,6339,1550,0.51,True,False
T_QMB,triplet,reverse,1024,42,7572,3688,0.7539,True,False
T_QMB,triplet,reverse,1024,137,7572,3688,0.7435,True,False
T_QMB,triplet,reverse,1024,1618,7572,3688,0.7412,True,False
T_QMB,triplet,reverse,1024,2718,7572,3688,0.7378,True,False
T_QMB,triplet,reverse,1024,3141,7572,3688,0.8516,True,False
T_QMB,triplet,reverse,1024,9973,7572,3688,0.8451,True,False
T_QMB,triplet,reverse,1024,31337,7572,3688,0.8359,True,False
T_QMB,triplet,reverse,1024,65537,7572,3688,0.8296,True,False
T_QMI,triplet,reverse,1024,42,6947,3688,0.7969,True,False
T_QMI,triplet,reverse,1024,137,6947,3688,0.7934,True,False
T_QMI,triplet,reverse,1024,1618,6947,3688,0.7977,True,False
T_QMI,triplet,reverse,1024,2718,6947,3688,0.7981,True,False
T_QMI,triplet,reverse,1024,3141,6947,3688,0.7958,True,False
T_QMI,triplet,reverse,1024,9973,6947,3688,0.8426,True,False
T_QMI,triplet,reverse,1024,31337,6947,3688,0.7937,True,False
T_QMI,triplet,reverse,1024,65537,6947,3688,0.959,True,False
T_QMS,triplet,reverse,1024,42,13354,3688,1.2363,True,False
T_QMS,triplet,reverse,1024,137,13354,3688,1.2353,True,False
T_QMS,triplet,reverse,1024,1618,13354,3688,1.2464,True,False
T_QMS,triplet,reverse,1024,2718,13354,3688,1.2348,True,False
T_QMS,triplet,reverse,1024,3141,13354,3688,1.2659,True,False
T_QMS,triplet,reverse,1024,9973,13354,3688,1.2403,True,False
T_QMS,triplet,reverse,1024,31337,13354,3688,1.2531,True,False
T_QMS,triplet,reverse,1024,65537,13354,3688,1.26,True,False
T_QQB,triplet,reverse,1024,42,15193,1762,1.2616,True,False
T_QQB,triplet,reverse,1024,137,15193,1762,1.3,True,False
T_QQB,triplet,reverse,1024,1618,15193,1762,1.2803,True,False
T_QQB,triplet,reverse,1024,2718,15193,1762,1.2727,True,False
T_QQB,triplet,reverse,1024,3141,15193,1762,1.2834,True,False
T_QQB,triplet,reverse,1024,9973,15193,1762,1.311,True,False
T_QQB,triplet,reverse,1024,31337,15193,1762,1.2674,True,False
T_QQB,triplet,reverse,1024,65537,15193,1762,1.2911,True,False
T_QQI,triplet,reverse,1024,42,11506,1762,0.957,True,False
T_QQI,triplet,reverse,1024,137,11506,1762,0.9524,True,False
T_QQI,triplet,reverse,1024,1618,11506,1762,0.9477,True,False
T_QQI,triplet,reverse,1024,2718,11506,1762,0.9474,True,False
T_QQI,triplet,reverse,1024,3141,11506,1762,0.9662,True,False
T_QQI,triplet,reverse,1024,9973,11506,1762,0.9506,True,False
T_QQI,triplet,reverse,1024,31337,11506,1762,0.957,True,False
T_QQI,triplet,reverse,1024,65537,11506,1762,0.9718,True,False
T_QQS,triplet,reverse,1024,42,15193,1762,1.2726,True,False
T_QQS,triplet,reverse,1024,137,15193,1762,1.2349,True,False
T_QQS,triplet,reverse,1024,1618,15193,1762,1.215,True,False
T_QQS,triplet,reverse,1024,2718,15193,1762,1.2762,True,False
T_QQS,triplet,reverse,1024,3141,15193,1762,1.2399,True,False
T_QQS,triplet,reverse,1024,9973,15193,1762,1.2403,True,False
T_QQS,triplet,reverse,1024,31337,15193,1762,1.2631,True,False
T_QQS,triplet,reverse,1024,65537,15193,1762,1.286,True,False
T_QRB,triplet,reverse,1024,42,4346,3703,0.8346,True,False
T_QRB,triplet,reverse,1024,137,4346,3703,0.8273,True,False
T_QRB,triplet,reverse,1024,1618,4346,3703,0.8839,True,False
T_QRB,triplet,reverse,1024,2718,4346,3703,0.8272,True,False
T_QRB,triplet,reverse,1024,3141,4346,3703,0.8462,True,False
T_QRB,triplet,reverse,1024,9973,4346,3703,0.8391,True,False
T_QRB,triplet,reverse,1024,31337,4346,3703,0.8367,True,False
T_QRB,triplet,reverse,1024,65537,4346,3703,0.8353,True,False
T_QRI,triplet,reverse,1024,42,4346,3703,0.8403,True,False
T_QRI,triplet,reverse,1024,137,4346,3703,0.9127,True,False
T_QRI,triplet,reverse,1024,1618,4346,3703,0.806,True,False
T_QRI,triplet,reverse,1024,2718,4346,3703,0.9358,True,False
T_QRI,triplet,reverse,1024,3141,4346,3703,0.873,True,False
T_QRI,triplet,reverse,1024,9973,4346,3703,0.8213,True,False
T_QRI,triplet,reverse,1024,31337,4346,3703,0.8938,True,False
T_QRI,triplet,reverse,1024,65537,4346,3703,0.8828,True,False
T_QRS,triplet,reverse,1024,42,4346,3703,0.8409,True,False
T_QRS,triplet,reverse,1024,137,4346,3703,0.8679,True,False
T_QRS,triplet,reverse,1024,1618,4346,3703,0.8517,True,False
T_QRS,triplet,reverse,1024,2718,4346,3703,0.8713,True,False
T_QRS,triplet,reverse,1024,3141,4346,3703,0.8643,True,False
T_QRS,triplet,reverse,1024,9973,4346,3703,0.8841,True,False
T_QRS,triplet,reverse,1024,31337,4346,3703,0.8681,True,False
T_QRS,triplet,reverse,1024,65537,4346,3703,0.8444,True,False
T_QSB,triplet,reverse,1024,42,67473,1550,4.1028,True,False
T_QSB,triplet,reverse,1024,137,67473,1550,4.1385,True,False
T_QSB,triplet,reverse,1024,1618,67473,1550,3.7668,True,False
T_QSB,triplet,reverse,1024,2718,67473,1550,3.7534,True,False
T_QSB,triplet,reverse,1024,3141,67473,1550,4.127,True,False
T_QSB,triplet,reverse,1024,9973,67473,1550,3.8502,True,False
T_QSB,triplet,reverse,1024,31337,67473,1550,3.7387,True,False
T_QSB,triplet,reverse,1024,65537,67473,1550,3.6814,True,False
T_QSI,triplet,reverse,1024,42,67473,1550,4.0566,True,False
T_QSI,triplet,reverse,1024,137,67473,1550,3.6456,True,False
T_QSI,triplet,reverse,1024,1618,67473,1550,3.6756,True,False
T_QSI,triplet,reverse,1024,2718,67473,1550,3.6363,True,False
T_QSI,triplet,reverse,1024,3141,67473,1550,3.6605,True,False
T_QSI,triplet,reverse,1024,9973,67473,1550,3.6911,True,False
T_QSI,triplet,reverse,1024,31337,67473,1550,4.1652,True,False
T_QSI,triplet,reverse,1024,65537,67473,1550,4.1063,True,False
T_QSS,triplet,reverse,1024,42,67473,1550,4.172,True,False
T_QSS,triplet,reverse,1024,137,67473,1550,4.1322,True,False
T_QSS,triplet,reverse,1024,1618,67473,1550,4.1064,True,False
T_QSS,triplet,reverse,1024,2718,67473,1550,4.1477,True,False
T_QSS,triplet,reverse,1024,3141,67473,1550,4.0835,True,False
T_QSS,triplet,reverse,1024,9973,67473,1550,4.2888,True,False
T_QSS,triplet,reverse,1024,31337,67473,1550,4.1524,True,False
T_QSS,triplet,reverse,1024,65537,67473,1550,4.1078,True,False
TimCustom,base,reverse,1024,42,18432,21984,2.4461,True,False
TimCustom,base,reverse,1024,137,18432,21984,2.2225,True,False
TimCustom,base,reverse,1024,1618,18432,21984,2.21,True,False
TimCustom,base,reverse,1024,2718,18432,21984,2.0578,True,False
TimCustom,base,reverse,1024,3141,18432,21984,2.3062,True,False
TimCustom,base,reverse,1024,9973,18432,21984,2.0675,True,False
TimCustom,base,reverse,1024,31337,18432,21984,2.0553,True,False
TimCustom,base,reverse,1024,65537,18432,21984,2.0817,True,False
Bubble,base,rotated,1024,42,,,,,True
Bubble,base,rotated,1024,137,,,,,True
Bubble,base,rotated,1024,1618,,,,,True
Bubble,base,rotated,1024,2718,,,,,True
Bubble,base,rotated,1024,3141,,,,,True
Bubble,base,rotated,1024,9973,,,,,True
Bubble,base,rotated,1024,31337,,,,,True
Bubble,base,rotated,1024,65537,,,,,True
Heap,base,rotated,1024,42,17480,9400,1.6598,True,False
Heap,base,rotated,1024,137,17480,9400,1.5439,True,False
Heap,base,rotated,1024,1618,17480,9400,1.5441,True,False
Heap,base,rotated,1024,2718,17480,9400,1.552,True,False
Heap,base,rotated,1024,3141,17480,9400,1.5706,True,False
Heap,base,rotated,1024,9973,17480,9400,1.5373,True,False
Heap,base,rotated,1024,31337,17480,9400,1.5528,True,False
Heap,base,rotated,1024,65537,17480,9400,1.3781,True,False
Hybrid_Intro,hybrid,rotated,1024,42,10681,1676,0.9098,True,False
Hybrid_Intro,hybrid,rotated,1024,137,10681,1676,0.8854,True,False
Hybrid_Intro,hybrid,rotated,1024,1618,10681,1676,0.8853,True,False
Hybrid_Intro,hybrid,rotated,1024,2718,10681,1676,0.902,True,False
Hybrid_Intro,hybrid,rotated,1024,3141,10681,1676,0.9178,True,False
Hybrid_Intro,hybrid,rotated,1024,9973,10681,1676,0.9276,True,False
Hybrid_Intro,hybrid,rotated,1024,31337,10681,1676,0.9025,True,False
Hybrid_Intro,hybrid,rotated,1024,65537,10681,1676,0.9042,True,False
Hybrid_MI,hybrid,rotated,1024,42,4288,6144,0.8213,True,False
Hybrid_MI,hybrid,rotated,1024,137,4288,6144,0.8271,True,False
Hybrid_MI,hybrid,rotated,1024,1618,4288,6144,0.8154,True,False
Hybrid_MI,hybrid,rotated,1024,2718,4288,6144,0.8234,True,False
Hybrid_MI,hybrid,rotated,1024,3141,4288,6144,0.8043,True,False
Hybrid_MI,hybrid,rotated,1024,9973,4288,6144,0.8009,True,False
Hybrid_MI,hybrid,rotated,1024,31337,4288,6144,0.889,True,False
Hybrid_MI,hybrid,rotated,1024,65537,4288,6144,0.8205,True,False
Hybrid_QI,hybrid,rotated,1024,42,10681,1676,0.8826,True,False
Hybrid_QI,hybrid,rotated,1024,137,10681,1676,0.8938,True,False
Hybrid_QI,hybrid,rotated,1024,1618,10681,1676,0.8905,True,False
Hybrid_QI,hybrid,rotated,1024,2718,10681,1676,0.8366,True,False
Hybrid_QI,hybrid,rotated,1024,3141,10681,1676,0.8863,True,False
Hybrid_QI,hybrid,rotated,1024,9973,10681,1676,0.9004,True,False
Hybrid_QI,hybrid,rotated,1024,31337,10681,1676,0.8794,True,False
Hybrid_QI,hybrid,rotated,1024,65537,10681,1676,0.8127,True,False
Hybrid_RI,hybrid,rotated,1024,42,0,4096,0.6879,True,False
Hybrid_RI,hybrid,rotated,1024,137,0,4096,0.604,True,False
Hybrid_RI,hybrid,rotated,1024,1618,0,4096,0.605,True,False
Hybrid_RI,hybrid,rotated,1024,2718,0,4096,0.6027,True,False
Hybrid_RI,hybrid,rotated,1024,3141,0,4096,0.6011,True,False
Hybrid_RI,hybrid,rotated,1024,9973,0,4096,0.6039,True,False
Hybrid_RI,hybrid,rotated,1024,31337,0,4096,0.626,True,False
Hybrid_RI,hybrid,rotated,1024,65537,0,4096,0.6171,True,False
Insertion,base,rotated,1024,42,197630,196864,14.8783,True,False
Insertion,base,rotated,1024,137,197630,196864,14.1316,True,False
Insertion,base,rotated,1024,1618,197630,196864,15.0063,True,False
Insertion,base,rotated,1024,2718,197630,196864,15.0551,True,False
Insertion,base,rotated,1024,3141,197630,196864,15.0371,True,False
Insertion,base,rotated,1024,9973,197630,196864,14.9033,True,False
Insertion,base,rotated,1024,31337,197630,196864,14.9627,True,False
Insertion,base,rotated,1024,65537,197630,196864,13.9115,True,False
Merge,base,rotated,1024,42,5376,10240,1.4695,True,False
Merge,base,rotated,1024,137,5376,10240,1.4388,True,False
Merge,base,rotated,1024,1618,5376,10240,1.4314,True,False
Merge,base,rotated,1024,2718,5376,10240,1.5153,True,False
Merge,base,rotated,1024,3141,5376,10240,1.4356,True,False
Merge,base,rotated,1024,9973,5376,10240,1.5113,True,False
Merge,base,rotated,1024,31337,5376,10240,1.4332,True,False
Merge,base,rotated,1024,65537,5376,10240,1.4331,True,False
Quick,base,rotated,1024,42,11629,2575,0.988,True,False
Quick,base,rotated,1024,137,11629,2575,1.0388,True,False
Quick,base,rotated,1024,1618,11629,2575,1.0647,True,False
Quick,base,rotated,1024,2718,11629,2575,1.0489,True,False
Quick,base,rotated,1024,3141,11629,2575,1.0508,True,False
Quick,base,rotated,1024,9973,11629,2575,1.0531,True,False
Quick,base,rotated,1024,31337,11629,2575,1.0547,True,False
Quick,base,rotated,1024,65537,11629,2575,1.0889,True,False
Radix,base,rotated,1024,42,0,4096,0.5982,True,False
Radix,base,rotated,1024,137,0,4096,0.5929,True,False
Radix,base,rotated,1024,1618,0,4096,0.5972,True,False
Radix,base,rotated,1024,2718,0,4096,0.5965,True,False
Radix,base,rotated,1024,3141,0,4096,0.5975,True,False
Radix,base,rotated,1024,9973,0,4096,0.5922,True,False
Radix,base,rotated,1024,31337,0,4096,0.6063,True,False
Radix,base,rotated,1024,65537,0,4096,0.598,True,False
Selection,base,rotated,1024,42,,,,,True
Selection,base,rotated,1024,137,,,,,True
Selection,base,rotated,1024,1618,,,,,True
Selection,base,rotated,1024,2718,,,,,True
Selection,base,rotated,1024,3141,,,,,True
Selection,base,rotated,1024,9973,,,,,True
Selection,base,rotated,1024,31337,,,,,True
Selection,base,rotated,1024,65537,,,,,True
T_MHB,triplet,rotated,1024,42,13464,9872,1.696,True,False
T_MHB,triplet,rotated,1024,137,13464,9872,1.6361,True,False
T_MHB,triplet,rotated,1024,1618,13464,9872,1.6578,True,False
T_MHB,triplet,rotated,1024,2718,13464,9872,1.643,True,False
T_MHB,triplet,rotated,1024,3141,13464,9872,1.6383,True,False
T_MHB,triplet,rotated,1024,9973,13464,9872,1.6835,True,False
T_MHB,triplet,rotated,1024,31337,13464,9872,1.6542,True,False
T_MHB,triplet,rotated,1024,65537,13464,9872,1.6399,True,False
T_MHI,triplet,rotated,1024,42,13464,9872,1.6581,True,False
T_MHI,triplet,rotated,1024,137,13464,9872,1.6497,True,False
T_MHI,triplet,rotated,1024,1618,13464,9872,1.7648,True,False
T_MHI,triplet,rotated,1024,2718,13464,9872,1.5171,True,False
T_MHI,triplet,rotated,1024,3141,13464,9872,1.4933,True,False
T_MHI,triplet,rotated,1024,9973,13464,9872,1.6498,True,False
T_MHI,triplet,rotated,1024,31337,13464,9872,1.6466,True,False
T_MHI,triplet,rotated,1024,65537,13464,9872,1.6546,True,False
T_MHS,triplet,rotated,1024,42,13464,9872,1.6513,True,False
T_MHS,triplet,rotated,1024,137,13464,9872,1.6515,True,False
T_MHS,triplet,rotated,1024,1618,13464,9872,1.6608,True,False
T_MHS,triplet,rotated,1024,2718,13464,9872,1.6296,True,False
T_MHS,triplet,rotated,1024,3141,13464,9872,1.6768,True,False
T_MHS,triplet,rotated,1024,9973,13464,9872,1.6433,True,False
T_MHS,triplet,rotated,1024,31337,13464,9872,1.6402,True,False
T_MHS,triplet,rotated,1024,65537,13464,9872,1.6524,True,False
T_MIB,triplet,rotated,1024,42,2808,3072,0.4559,True,False
T_MIB,triplet,rotated,1024,137,2808,3072,0.4602,True,False
T_MIB,triplet,rotated,1024,1618,2808,3072,0.4572,True,False
T_MIB,triplet,rotated,1024,2718,2808,3072,0.4564,True,False
T_MIB,triplet,rotated,1024,3141,2808,3072,0.4627,True,False
T_MIB,triplet,rotated,1024,9973,2808,3072,0.4612,True,False
T_MIB,triplet,rotated,1024,31337,2808,3072,0.5176,True,False
T_MIB,triplet,rotated,1024,65537,2808,3072,0.4851,True,False
T_MII,triplet,rotated,1024,42,2808,3072,0.4228,True,False
T_MII,triplet,rotated,1024,137,2808,3072,0.4179,True,False
T_MII,triplet,rotated,1024,1618,2808,3072,0.4111,True,False
T_MII,triplet,rotated,1024,2718,2808,3072,0.4113,True,False
T_MII,triplet,rotated,1024,3141,2808,3072,0.4069,True,False
T_MII,triplet,rotated,1024,9973,2808,3072,0.4592,True,False
T_MII,triplet,rotated,1024,31337,2808,3072,0.4533,True,False
T_MII,triplet,rotated,1024,65537,2808,3072,0.5049,True,False
T_MIS,triplet,rotated,1024,42,2808,3072,0.4583,True,False
T_MIS,triplet,rotated,1024,137,2808,3072,0.4563,True,False
T_MIS,triplet,rotated,1024,1618,2808,3072,0.4555,True,False
T_MIS,triplet,rotated,1024,2718,2808,3072,0.4677,True,False
T_MIS,triplet,rotated,1024,3141,2808,3072,0.4731,True,False
T_MIS,triplet,rotated,1024,9973,2808,3072,0.4214,True,False
T_MIS,triplet,rotated,1024,31337,2808,3072,0.4714,True,False
T_MIS,triplet,rotated,1024,65537,2808,3072,0.4571,True,False
T_MMB,triplet,rotated,1024,42,4288,6144,0.6985,True,False
T_MMB,triplet,rotated,1024,137,4288,6144,0.6963,True,False
T_MMB,triplet,rotated,1024,1618,4288,6144,0.7399,True,False
T_MMB,triplet,rotated,1024,2718,4288,6144,0.7209,True,False
T_MMB,triplet,rotated,1024,3141,4288,6144,0.7176,True,False
T_MMB,triplet,rotated,1024,9973,4288,6144,0.7864,True,False
T_MMB,triplet,rotated,1024,31337,4288,6144,0.7815,True,False
T_MMB,triplet,rotated,1024,65537,4288,6144,0.7834,True,False
T_MMI,triplet,rotated,1024,42,4288,6144,0.8498,True,False
T_MMI,triplet,rotated,1024,137,4288,6144,0.8154,True,False
T_MMI,triplet,rotated,1024,1618,4288,6144,0.8209,True,False
T_MMI,triplet,rotated,1024,2718,4288,6144,0.8162,True,False
T_MMI,triplet,rotated,1024,3141,4288,6144,0.8176,True,False
T_MMI,triplet,rotated,1024,9973,4288,6144,0.7302,True,False
T_MMI,triplet,rotated,1024,31337,4288,6144,0.7255,True,False
T_MMI,triplet,rotated,1024,65537,4288,6144,0.8035,True,False
T_MMS,triplet,rotated,1024,42,11008,6144,1.2059,True,False
T_MMS,triplet,rotated,1024,137,11008,6144,1.2961,True,False
T_MMS,triplet,rotated,1024,1618,11008,6144,1.3417,True,False
T_MMS,triplet,rotated,1024,2718,11008,6144,1.2741,True,False
T_MMS,triplet,rotated,1024,3141,11008,6144,1.2749,True,False
T_MMS,triplet,rotated,1024,9973,11008,6144,1.3806,True,False
T_MMS,triplet,rotated,1024,31337,11008,6144,1.2797,True,False
T_MMS,triplet,rotated,1024,65537,11008,6144,1.3025,True,False
T_MQB,triplet,rotated,1024,42,5792,3184,0.6781,True,False
T_MQB,triplet,rotated,1024,137,5792,3184,0.8398,True,False
T_MQB,triplet,rotated,1024,1618,5792,3184,0.6787,True,False
T_MQB,triplet,rotated,1024,2718,5792,3184,0.6776,True,False
T_MQB,triplet,rotated,1024,3141,5792,3184,0.7239,True,False
T_MQB,triplet,rotated,1024,9973,5792,3184,0.6764,True,False
T_MQB,triplet,rotated,1024,31337,5792,3184,0.6733,True,False
T_MQB,triplet,rotated,1024,65537,5792,3184,0.9253,True,False
T_MQI,triplet,rotated,1024,42,5792,3184,0.6978,True,False
T_MQI,triplet,rotated,1024,137,5792,3184,0.7085,True,False
T_MQI,triplet,rotated,1024,1618,5792,3184,0.6972,True,False
T_MQI,triplet,rotated,1024,2718,5792,3184,0.697,True,False
T_MQI,triplet,rotated,1024,3141,5792,3184,0.7001,True,False
T_MQI,triplet,rotated,1024,9973,5792,3184,0.7034,True,False
T_MQI,triplet,rotated,1024,31337,5792,3184,0.7405,True,False
T_MQI,triplet,rotated,1024,65537,5792,3184,0.7071,True,False
T_MQS,triplet,rotated,1024,42,11728,3184,1.1072,True,False
T_MQS,triplet,rotated,1024,137,11728,3184,1.1129,True,False
T_MQS,triplet,rotated,1024,1618,11728,3184,1.1227,True,False
T_MQS,triplet,rotated,1024,2718,11728,3184,1.1152,True,False
T_MQS,triplet,rotated,1024,3141,11728,3184,1.1135,True,False
T_MQS,triplet,rotated,1024,9973,11728,3184,1.1174,True,False
T_MQS,triplet,rotated,1024,31337,11728,3184,1.1027,True,False
T_MQS,triplet,rotated,1024,65537,11728,3184,1.1097,True,False
T_MRB,triplet,rotated,1024,42,1792,6272,0.8453,True,False
T_MRB,triplet,rotated,1024,137,1792,6272,0.861,True,False
T_MRB,triplet,rotated,1024,1618,1792,6272,0.8492,True,False
T_MRB,triplet,rotated,1024,2718,1792,6272,0.8589,True,False
T_MRB,triplet,rotated,1024,3141,1792,6272,0.843,True,False
T_MRB,triplet,rotated,1024,9973,1792,6272,0.8428,True,False
T_MRB,triplet,rotated,1024,31337,1792,6272,0.8439,True,False
T_MRB,triplet,rotated,1024,65537,1792,6272,0.855,True,False
T_MRI,triplet,rotated,1024,42,1792,6272,0.8427,True,False
T_MRI,triplet,rotated,1024,137,1792,6272,0.8504,True,False
T_MRI,triplet,rotated,1024,1618,1792,6272,0.8439,True,False
T_MRI,triplet,rotated,1024,2718,1792,6272,0.865,True,False
T_MRI,triplet,rotated,1024,3141,1792,6272,0.8662,True,False
T_MRI,triplet,rotated,1024,9973,1792,6272,0.8461,True,False
T_MRI,triplet,rotated,1024,31337,1792,6272,0.856,True,False
T_MRI,triplet,rotated,1024,65537,1792,6272,0.8496,True,False
T_MRS,triplet,rotated,1024,42,1792,6272,0.8649,True,False
T_MRS,triplet,rotated,1024,137,1792,6272,0.8536,True,False
T_MRS,triplet,rotated,1024,1618,1792,6272,0.8434,True,False
T_MRS,triplet,rotated,1024,2718,1792,6272,0.926,True,False
T_MRS,triplet,rotated,1024,3141,1792,6272,0.8406,True,False
T_MRS,triplet,rotated,1024,9973,1792,6272,0.8414,True,False
T_MRS,triplet,rotated,1024,31337,1792,6272,0.8409,True,False
T_MRS,triplet,rotated,1024,65537,1792,6272,0.846,True,False
T_MSB,triplet,rotated,1024,42,66816,3072,4.1103,True,False
T_MSB,triplet,rotated,1024,137,66816,3072,4.1838,True,False
T_MSB,triplet,rotated,1024,1618,66816,3072,3.9372,True,False
T_MSB,triplet,rotated,1024,2718,66816,3072,4.1001,True,False
T_MSB,triplet,rotated,1024,3141,66816,3072,4.1682,True,False
T_MSB,triplet,rotated,1024,9973,66816,3072,4.1191,True,False
T_MSB,triplet,rotated,1024,31337,66816,3072,4.1725,True,False
T_MSB,triplet,rotated,1024,65537,66816,3072,4.1872,True,False
T_MSI,triplet,rotated,1024,42,66816,3072,3.896,True,False
T_MSI,triplet,rotated,1024,137,66816,3072,4.0011,True,False
T_MSI,triplet,rotated,1024,1618,66816,3072,4.3199,True,False
T_MSI,triplet,rotated,1024,2718,66816,3072,4.1357,True,False
T_MSI,triplet,rotated,1024,3141,66816,3072,4.1559,True,False
T_MSI,triplet,rotated,1024,9973,66816,3072,4.1703,True,False
T_MSI,triplet,rotated,1024,31337,66816,3072,4.1753,True,False
T_MSI,triplet,rotated,1024,65537,66816,3072,4.1726,True,False
T_MSS,triplet,rotated,1024,42,66816,3072,4.2062,True,False
T_MSS,triplet,rotated,1024,137,66816,3072,4.1964,True,False
T_MSS,triplet,rotated,1024,1618,66816,3072,4.1807,True,False
T_MSS,triplet,rotated,1024,2718,66816,3072,4.1545,True,False
T_MSS,triplet,rotated,1024,3141,66816,3072,4.2029,True,False
T_MSS,triplet,rotated,1024,9973,66816,3072,4.1775,True,False
T_MSS,triplet,rotated,1024,31337,66816,3072,4.2311,True,False
T_MSS,triplet,rotated,1024,65537,66816,3072,4.1625,True,False
T_QHB,triplet,rotated,1024,42,15367,8052,1.6459,True,False
T_QHB,triplet,rotated,1024,137,15367,8052,1.6619,True,False
T_QHB,triplet,rotated,1024,1618,15367,8052,1.633,True,False
T_QHB,triplet,rotated,1024,2718,15367,8052,1.6735,True,False
T_QHB,triplet,rotated,1024,3141,15367,8052,1.632,True,False
T_QHB,triplet,rotated,1024,9973,15367,8052,1.6376,True,False
T_QHB,triplet,rotated,1024,31337,15367,8052,1.4715,True,False
T_QHB,triplet,rotated,1024,65537,15367,8052,1.4694,True,False
T_QHI,triplet,rotated,1024,42,15367,8052,1.5278,True,False
T_QHI,triplet,rotated,1024,137,15367,8052,1.6327,True,False
T_QHI,triplet,rotated,1024,1618,15367,8052,1.6224,True,False
T_QHI,triplet,rotated,1024,2718,15367,8052,1.6449,True,False
T_QHI,triplet,rotated,1024,3141,15367,8052,1.6421,True,False
T_QHI,triplet,rotated,1024,9973,15367,8052,1.6457,True,False
T_QHI,triplet,rotated,1024,31337,15367,8052,1.6387,True,False
T_QHI,triplet,rotated,1024,65537,15367,8052,1.6306,True,False
T_QHS,triplet,rotated,1024,42,15367,8052,1.6356,True,False
T_QHS,triplet,rotated,1024,137,15367,8052,1.6532,True,False
T_QHS,triplet,rotated,1024,1618,15367,8052,1.6371,True,False
T_QHS,triplet,rotated,1024,2718,15367,8052,1.6395,True,False
T_QHS,triplet,rotated,1024,3141,15367,8052,1.4908,True,False
T_QHS,triplet,rotated,1024,9973,15367,8052,1.5078,True,False
T_QHS,triplet,rotated,1024,31337,15367,8052,1.6307,True,False
T_QHS,triplet,rotated,1024,65537,15367,8052,1.6359,True,False
T_QIB,triplet,rotated,1024,42,6329,2796,0.6193,True,False
T_QIB,triplet,rotated,1024,137,6329,2796,0.6206,True,False
T_QIB,triplet,rotated,1024,1618,6329,2796,0.6167,True,False
T_QIB,triplet,rotated,1024,2718,6329,2796,0.6154,True,False
T_QIB,triplet,rotated,1024,3141,6329,2796,0.6183,True,False
T_QIB,triplet,rotated,1024,9973,6329,2796,0.6173,True,False
T_QIB,triplet,rotated,1024,31337,6329,2796,0.6125,True,False
T_QIB,triplet,rotated,1024,65537,6329,2796,0.6172,True,False
T_QII,triplet,rotated,1024,42,6329,2796,0.5552,True,False
T_QII,triplet,rotated,1024,137,6329,2796,0.5474,True,False
T_QII,triplet,rotated,1024,1618,6329,2796,0.5503,True,False
T_QII,triplet,rotated,1024,2718,6329,2796,0.5586,True,False
T_QII,triplet,rotated,1024,3141,6329,2796,0.5659,True,False
T_QII,triplet,rotated,1024,9973,6329,2796,0.5878,True,False
T_QII,triplet,rotated,1024,31337,6329,2796,0.5649,True,False
T_QII,triplet,rotated,1024,65537,6329,2796,0.554,True,False
T_QIS,triplet,rotated,1024,42,6329,2796,0.5624,True,False
T_QIS,triplet,rotated,1024,137,6329,2796,0.5623,True,False
T_QIS,triplet,rotated,1024,1618,6329,2796,0.5509,True,False
T_QIS,triplet,rotated,1024,2718,6329,2796,0.5469,True,False
T_QIS,triplet,rotated,1024,3141,6329,2796,0.5565,True,False
T_QIS,triplet,rotated,1024,9973,6329,2796,0.6335,True,False
T_QIS,triplet,rotated,1024,31337,6329,2796,0.5639,True,False
T_QIS,triplet,rotated,1024,65537,6329,2796,0.5602,True,False
T_QMB,triplet,rotated,1024,42,7179,4504,0.7728,True,False
T_QMB,triplet,rotated,1024,137,7179,4504,0.7667,True,False
T_QMB,triplet,rotated,1024,1618,7179,4504,0.8328,True,False
T_QMB,triplet,rotated,1024,2718,7179,4504,0.7858,True,False
T_QMB,triplet,rotated,1024,3141,7179,4504,0.807,True,False
T_QMB,triplet,rotated,1024,9973,7179,4504,0.8826,True,False
T_QMB,triplet,rotated,1024,31337,7179,4504,0.8766,True,False
T_QMB,triplet,rotated,1024,65537,7179,4504,0.8989,True,False
T_QMI,triplet,rotated,1024,42,6720,4504,0.8545,True,False
T_QMI,triplet,rotated,1024,137,6720,4504,0.8465,True,False
T_QMI,triplet,rotated,1024,1618,6720,4504,0.8398,True,False
T_QMI,triplet,rotated,1024,2718,6720,4504,0.7446,True,False
T_QMI,triplet,rotated,1024,3141,6720,4504,0.8045,True,False
T_QMI,triplet,rotated,1024,9973,6720,4504,0.7498,True,False
T_QMI,triplet,rotated,1024,31337,6720,4504,0.7468,True,False
T_QMI,triplet,rotated,1024,65537,6720,4504,0.7488,True,False
T_QMS,triplet,rotated,1024,42,13130,4452,1.1989,True,False
T_QMS,triplet,rotated,1024,137,13130,4452,1.2715,True,False
T_QMS,triplet,rotated,1024,1618,13130,4452,1.2713,True,False
T_QMS,triplet,rotated,1024,2718,13130,4452,1.2727,True,False
T_QMS,triplet,rotated,1024,3141,13130,4452,1.2648,True,False
T_QMS,triplet,rotated,1024,9973,13130,4452,1.2724,True,False
T_QMS,triplet,rotated,1024,31337,13130,4452,1.2639,True,False
T_QMS,triplet,rotated,1024,65537,13130,4452,1.2681,True,False
T_QQB,triplet,rotated,1024,42,12368,2555,1.1193,True,False
T_QQB,triplet,rotated,1024,137,12368,2555,1.1171,True,False
T_QQB,triplet,rotated,1024,1618,12368,2555,1.0324,True,False
T_QQB,triplet,rotated,1024,2718,12368,2555,1.0449,True,False
T_QQB,triplet,rotated,1024,3141,12368,2555,1.0068,True,False
T_QQB,triplet,rotated,1024,9973,12368,2555,0.9946,True,False
T_QQB,triplet,rotated,1024,31337,12368,2555,0.9894,True,False
T_QQB,triplet,rotated,1024,65537,12368,2555,0.9836,True,False
T_QQI,triplet,rotated,1024,42,10681,2555,0.8468,True,False
T_QQI,triplet,rotated,1024,137,10681,2555,0.8551,True,False
T_QQI,triplet,rotated,1024,1618,10681,2555,0.8587,True,False
T_QQI,triplet,rotated,1024,2718,10681,2555,0.8447,True,False
T_QQI,triplet,rotated,1024,3141,10681,2555,0.9165,True,False
T_QQI,triplet,rotated,1024,9973,10681,2555,0.8544,True,False
T_QQI,triplet,rotated,1024,31337,10681,2555,0.8625,True,False
T_QQI,triplet,rotated,1024,65537,10681,2555,0.8545,True,False
T_QQS,triplet,rotated,1024,42,14260,2235,1.113,True,False
T_QQS,triplet,rotated,1024,137,14260,2235,1.081,True,False
T_QQS,triplet,rotated,1024,1618,14260,2235,1.1479,True,False
T_QQS,triplet,rotated,1024,2718,14260,2235,1.0942,True,False
T_QQS,triplet,rotated,1024,3141,14260,2235,1.0825,True,False
T_QQS,triplet,rotated,1024,9973,14260,2235,1.0904,True,False
T_QQS,triplet,rotated,1024,31337,14260,2235,1.129,True,False
T_QQS,triplet,rotated,1024,65537,14260,2235,1.132,True,False
T_QRB,triplet,rotated,1024,42,3837,4465,0.7873,True,False
T_QRB,triplet,rotated,1024,137,3837,4465,0.7539,True,False
T_QRB,triplet,rotated,1024,1618,3837,4465,0.7459,True,False
T_QRB,triplet,rotated,1024,2718,3837,4465,0.748,True,False
T_QRB,triplet,rotated,1024,3141,3837,4465,0.7579,True,False
T_QRB,triplet,rotated,1024,9973,3837,4465,0.761,True,False
T_QRB,triplet,rotated,1024,31337,3837,4465,0.7521,True,False
T_QRB,triplet,rotated,1024,65537,3837,4465,0.732,True,False
T_QRI,triplet,rotated,1024,42,3837,4465,0.7347,True,False
T_QRI,triplet,rotated,1024,137,3837,4465,0.7439,True,False
T_QRI,triplet,rotated,1024,1618,3837,4465,0.7598,True,False
T_QRI,triplet,rotated,1024,2718,3837,4465,0.7519,True,False
T_QRI,triplet,rotated,1024,3141,3837,4465,0.7405,True,False
T_QRI,triplet,rotated,1024,9973,3837,4465,0.7649,True,False
T_QRI,triplet,rotated,1024,31337,3837,4465,0.7391,True,False
T_QRI,triplet,rotated,1024,65537,3837,4465,0.7555,True,False
T_QRS,triplet,rotated,1024,42,3837,4465,0.8743,True,False
T_QRS,triplet,rotated,1024,137,3837,4465,0.7621,True,False
T_QRS,triplet,rotated,1024,1618,3837,4465,0.7567,True,False
T_QRS,triplet,rotated,1024,2718,3837,4465,0.8334,True,False
T_QRS,triplet,rotated,1024,3141,3837,4465,0.862,True,False
T_QRS,triplet,rotated,1024,9973,3837,4465,0.8828,True,False
T_QRS,triplet,rotated,1024,31337,3837,4465,0.8601,True,False
T_QRS,triplet,rotated,1024,65537,3837,4465,0.8504,True,False
T_QSB,triplet,rotated,1024,42,67470,2052,4.178,True,False
T_QSB,triplet,rotated,1024,137,67470,2052,4.1675,True,False
T_QSB,triplet,rotated,1024,1618,67470,2052,3.6776,True,False
T_QSB,triplet,rotated,1024,2718,67470,2052,4.0774,True,False
T_QSB,triplet,rotated,1024,3141,67470,2052,4.283,True,False
T_QSB,triplet,rotated,1024,9973,67470,2052,4.1331,True,False
T_QSB,triplet,rotated,1024,31337,67470,2052,4.0637,True,False
T_QSB,triplet,rotated,1024,65537,67470,2052,4.0592,True,False
T_QSI,triplet,rotated,1024,42,67470,2052,3.6569,True,False
T_QSI,triplet,rotated,1024,137,67470,2052,3.6998,True,False
T_QSI,triplet,rotated,1024,1618,67470,2052,3.8262,True,False
T_QSI,triplet,rotated,1024,2718,67470,2052,4.1564,True,False
T_QSI,triplet,rotated,1024,3141,67470,2052,3.7248,True,False
T_QSI,triplet,rotated,1024,9973,67470,2052,3.6788,True,False
T_QSI,triplet,rotated,1024,31337,67470,2052,4.2859,True,False
T_QSI,triplet,rotated,1024,65537,67470,2052,3.9144,True,False
T_QSS,triplet,rotated,1024,42,67470,2052,4.0605,True,False
T_QSS,triplet,rotated,1024,137,67470,2052,4.0752,True,False
T_QSS,triplet,rotated,1024,1618,67470,2052,3.9247,True,False
T_QSS,triplet,rotated,1024,2718,67470,2052,3.6443,True,False
T_QSS,triplet,rotated,1024,3141,67470,2052,3.6871,True,False
T_QSS,triplet,rotated,1024,9973,67470,2052,3.6532,True,False
T_QSS,triplet,rotated,1024,31337,67470,2052,3.6379,True,False
T_QSS,triplet,rotated,1024,65537,67470,2052,3.6109,True,False
TimCustom,base,rotated,1024,42,3808,5120,0.5858,True,False
TimCustom,base,rotated,1024,137,3808,5120,0.6088,True,False
TimCustom,base,rotated,1024,1618,3808,5120,0.5853,True,False
TimCustom,base,rotated,1024,2718,3808,5120,0.572,True,False
TimCustom,base,rotated,1024,3141,3808,5120,0.635,True,False
TimCustom,base,rotated,1024,9973,3808,5120,0.6008,True,False
TimCustom,base,rotated,1024,31337,3808,5120,0.5929,True,False
TimCustom,base,rotated,1024,65537,3808,5120,0.6279,True,False
Bubble,base,sawtooth,1024,42,,,,,True
Bubble,base,sawtooth,1024,137,,,,,True
Bubble,base,sawtooth,1024,1618,,,,,True
Bubble,base,sawtooth,1024,2718,,,,,True
Bubble,base,sawtooth,1024,3141,,,,,True
Bubble,base,sawtooth,1024,9973,,,,,True
Bubble,base,sawtooth,1024,31337,,,,,True
Bubble,base,sawtooth,1024,65537,,,,,True
Heap,base,sawtooth,1024,42,17207,9204,1.3336,True,False
Heap,base,sawtooth,1024,137,17207,9204,1.3386,True,False
Heap,base,sawtooth,1024,1618,17207,9204,1.4372,True,False
Heap,base,sawtooth,1024,2718,17207,9204,1.3632,True,False
Heap,base,sawtooth,1024,3141,17207,9204,1.5101,True,False
Heap,base,sawtooth,1024,9973,17207,9204,1.5024,True,False
Heap,base,sawtooth,1024,31337,17207,9204,1.4909,True,False
Heap,base,sawtooth,1024,65537,17207,9204,1.3555,True,False
Hybrid_Intro,hybrid,sawtooth,1024,42,11027,1881,0.8674,True,False
Hybrid_Intro,hybrid,sawtooth,1024,137,11027,1881,0.8741,True,False
Hybrid_Intro,hybrid,sawtooth,1024,1618,11027,1881,0.8519,True,False
Hybrid_Intro,hybrid,sawtooth,1024,2718,11027,1881,1.109,True,False
Hybrid_Intro,hybrid,sawtooth,1024,3141,11027,1881,0.9546,True,False
Hybrid_Intro,hybrid,sawtooth,1024,9973,11027,1881,0.8744,True,False
Hybrid_Intro,hybrid,sawtooth,1024,31337,11027,1881,0.8494,True,False
Hybrid_Intro,hybrid,sawtooth,1024,65537,11027,1881,0.9713,True,False
Hybrid_MI,hybrid,sawtooth,1024,42,6574,6214,0.8704,True,False
Hybrid_MI,hybrid,sawtooth,1024,137,6574,6214,0.87,True,False
Hybrid_MI,hybrid,sawtooth,1024,1618,6574,6214,0.8817,True,False
Hybrid_MI,hybrid,sawtooth,1024,2718,6574,6214,0.9865,True,False
Hybrid_MI,hybrid,sawtooth,1024,3141,6574,6214,1.0805,True,False
Hybrid_MI,hybrid,sawtooth,1024,9973,6574,6214,0.9582,True,False
Hybrid_MI,hybrid,sawtooth,1024,31337,6574,6214,1.0152,True,False
Hybrid_MI,hybrid,sawtooth,1024,65537,6574,6214,0.9807,True,False
Hybrid_QI,hybrid,sawtooth,1024,42,11027,1881,0.9546,True,False
Hybrid_QI,hybrid,sawtooth,1024,137,11027,1881,0.9613,True,False
Hybrid_QI,hybrid,sawtooth,1024,1618,11027,1881,0.9732,True,False
Hybrid_QI,hybrid,sawtooth,1024,2718,11027,1881,0.9632,True,False
Hybrid_QI,hybrid,sawtooth,1024,3141,11027,1881,0.9572,True,False
Hybrid_QI,hybrid,sawtooth,1024,9973,11027,1881,0.9511,True,False
Hybrid_QI,hybrid,sawtooth,1024,31337,11027,1881,0.9678,True,False
Hybrid_QI,hybrid,sawtooth,1024,65537,11027,1881,0.9627,True,False
Hybrid_RI,hybrid,sawtooth,1024,42,0,3072,0.4535,True,False
Hybrid_RI,hybrid,sawtooth,1024,137,0,3072,0.4533,True,False
Hybrid_RI,hybrid,sawtooth,1024,1618,0,3072,0.4517,True,False
Hybrid_RI,hybrid,sawtooth,1024,2718,0,3072,0.4555,True,False
Hybrid_RI,hybrid,sawtooth,1024,3141,0,3072,0.4493,True,False
Hybrid_RI,hybrid,sawtooth,1024,9973,0,3072,0.4454,True,False
Hybrid_RI,hybrid,sawtooth,1024,31337,0,3072,0.4695,True,False
Hybrid_RI,hybrid,sawtooth,1024,65537,0,3072,0.4012,True,False
Insertion,base,sawtooth,1024,42,236798,236688,16.0525,True,False
Insertion,base,sawtooth,1024,137,236798,236688,16.1856,True,False
Insertion,base,sawtooth,1024,1618,236798,236688,17.652,True,False
Insertion,base,sawtooth,1024,2718,236798,236688,16.4958,True,False
Insertion,base,sawtooth,1024,3141,236798,236688,16.014,True,False
Insertion,base,sawtooth,1024,9973,236798,236688,17.7235,True,False
Insertion,base,sawtooth,1024,31337,236798,236688,16.0754,True,False
Insertion,base,sawtooth,1024,65537,236798,236688,15.9645,True,False
Merge,base,sawtooth,1024,42,7267,10240,1.3743,True,False
Merge,base,sawtooth,1024,137,7267,10240,1.4119,True,False
Merge,base,sawtooth,1024,1618,7267,10240,1.5467,True,False
Merge,base,sawtooth,1024,2718,7267,10240,1.5494,True,False
Merge,base,sawtooth,1024,3141,7267,10240,1.3919,True,False
Merge,base,sawtooth,1024,9973,7267,10240,1.4839,True,False
Merge,base,sawtooth,1024,31337,7267,10240,1.4105,True,False
Merge,base,sawtooth,1024,65537,7267,10240,1.3733,True,False
Quick,base,sawtooth,1024,42,11240,2778,0.9807,True,False
Quick,base,sawtooth,1024,137,11240,2778,1.0787,True,False
Quick,base,sawtooth,1024,1618,11240,2778,1.0766,True,False
Quick,base,sawtooth,1024,2718,11240,2778,1.0695,True,False
Quick,base,sawtooth,1024,3141,11240,2778,1.1297,True,False
Quick,base,sawtooth,1024,9973,11240,2778,1.0951,True,False
Quick,base,sawtooth,1024,31337,11240,2778,0.9671,True,False
Quick,base,sawtooth,1024,65537,11240,2778,1.067,True,False
Radix,base,sawtooth,1024,42,0,3072,0.4433,True,False
Radix,base,sawtooth,1024,137,0,3072,0.4111,True,False
Radix,base,sawtooth,1024,1618,0,3072,0.4217,True,False
Radix,base,sawtooth,1024,2718,0,3072,0.4136,True,False
Radix,base,sawtooth,1024,3141,0,3072,0.3934,True,False
Radix,base,sawtooth,1024,9973,0,3072,0.3918,True,False
Radix,base,sawtooth,1024,31337,0,3072,0.4035,True,False
Radix,base,sawtooth,1024,65537,0,3072,0.3986,True,False
Selection,base,sawtooth,1024,42,,,,,True
Selection,base,sawtooth,1024,137,,,,,True
Selection,base,sawtooth,1024,1618,,,,,True
Selection,base,sawtooth,1024,2718,,,,,True
Selection,base,sawtooth,1024,3141,,,,,True
Selection,base,sawtooth,1024,9973,,,,,True
Selection,base,sawtooth,1024,31337,,,,,True
Selection,base,sawtooth,1024,65537,,,,,True
T_MHB,triplet,sawtooth,1024,42,14147,9193,1.4734,True,False
T_MHB,triplet,sawtooth,1024,137,14147,9193,1.452,True,False
T_MHB,triplet,sawtooth,1024,1618,14147,9193,1.4449,True,False
T_MHB,triplet,sawtooth,1024,2718,14147,9193,1.5137,True,False
T_MHB,triplet,sawtooth,1024,3141,14147,9193,1.4538,True,False
T_MHB,triplet,sawtooth,1024,9973,14147,9193,1.4337,True,False
T_MHB,triplet,sawtooth,1024,31337,14147,9193,1.6178,True,False
T_MHB,triplet,sawtooth,1024,65537,14147,9193,1.4938,True,False
T_MHI,triplet,sawtooth,1024,42,14147,9193,1.5243,True,False
T_MHI,triplet,sawtooth,1024,137,14147,9193,1.4723,True,False
T_MHI,triplet,sawtooth,1024,1618,14147,9193,1.4566,True,False
T_MHI,triplet,sawtooth,1024,2718,14147,9193,1.6194,True,False
T_MHI,triplet,sawtooth,1024,3141,14147,9193,1.463,True,False
T_MHI,triplet,sawtooth,1024,9973,14147,9193,1.5968,True,False
T_MHI,triplet,sawtooth,1024,31337,14147,9193,1.6171,True,False
T_MHI,triplet,sawtooth,1024,65537,14147,9193,1.6377,True,False
T_MHS,triplet,sawtooth,1024,42,14147,9193,1.6513,True,False
T_MHS,triplet,sawtooth,1024,137,14147,9193,1.6324,True,False
T_MHS,triplet,sawtooth,1024,1618,14147,9193,1.6361,True,False
T_MHS,triplet,sawtooth,1024,2718,14147,9193,1.4592,True,False
T_MHS,triplet,sawtooth,1024,3141,14147,9193,1.4988,True,False
T_MHS,triplet,sawtooth,1024,9973,14147,9193,1.4675,True,False
T_MHS,triplet,sawtooth,1024,31337,14147,9193,1.4667,True,False
T_MHS,triplet,sawtooth,1024,65537,14147,9193,1.5369,True,False
T_MIB,triplet,sawtooth,1024,42,27972,26980,2.8494,True,False
T_MIB,triplet,sawtooth,1024,137,27972,26980,2.855,True,False
T_MIB,triplet,sawtooth,1024,1618,27972,26980,2.8552,True,False
T_MIB,triplet,sawtooth,1024,2718,27972,26980,2.9287,True,False
T_MIB,triplet,sawtooth,1024,3141,27972,26980,2.8303,True,False
T_MIB,triplet,sawtooth,1024,9973,27972,26980,3.1674,True,False
T_MIB,triplet,sawtooth,1024,31337,27972,26980,3.1694,True,False
T_MIB,triplet,sawtooth,1024,65537,27972,26980,3.2336,True,False
T_MII,triplet,sawtooth,1024,42,27972,26980,3.1919,True,False
T_MII,triplet,sawtooth,1024,137,27972,26980,3.1973,True,False
T_MII,triplet,sawtooth,1024,1618,27972,26980,3.222,True,False
T_MII,triplet,sawtooth,1024,2718,27972,26980,3.2047,True,False
T_MII,triplet,sawtooth,1024,3141,27972,26980,2.9198,True,False
T_MII,triplet,sawtooth,1024,9973,27972,26980,2.8574,True,False
T_MII,triplet,sawtooth,1024,31337,27972,26980,2.8395,True,False
T_MII,triplet,sawtooth,1024,65537,27972,26980,2.8835,True,False
T_MIS,triplet,sawtooth,1024,42,27972,26980,2.8978,True,False
T_MIS,triplet,sawtooth,1024,137,27972,26980,2.8874,True,False
T_MIS,triplet,sawtooth,1024,1618,27972,26980,2.99,True,False
T_MIS,triplet,sawtooth,1024,2718,27972,26980,2.9136,True,False
T_MIS,triplet,sawtooth,1024,3141,27972,26980,3.1757,True,False
T_MIS,triplet,sawtooth,1024,9973,27972,26980,3.2058,True,False
T_MIS,triplet,sawtooth,1024,31337,27972,26980,3.2169,True,False
T_MIS,triplet,sawtooth,1024,65537,27972,26980,3.2553,True,False
T_MMB,triplet,sawtooth,1024,42,6842,6588,0.9991,True,False
T_MMB,triplet,sawtooth,1024,137,6842,6588,0.9762,True,False
T_MMB,triplet,sawtooth,1024,1618,6842,6588,0.9779,True,False
T_MMB,triplet,sawtooth,1024,2718,6842,6588,0.9536,True,False
T_MMB,triplet,sawtooth,1024,3141,6842,6588,0.891,True,False
T_MMB,triplet,sawtooth,1024,9973,6842,6588,0.906,True,False
T_MMB,triplet,sawtooth,1024,31337,6842,6588,0.8789,True,False
T_MMB,triplet,sawtooth,1024,65537,6842,6588,1.0075,True,False
T_MMI,triplet,sawtooth,1024,42,6574,6588,1.0017,True,False
T_MMI,triplet,sawtooth,1024,137,6574,6588,0.9912,True,False
T_MMI,triplet,sawtooth,1024,1618,6574,6588,0.9724,True,False
T_MMI,triplet,sawtooth,1024,2718,6574,6588,0.9927,True,False
T_MMI,triplet,sawtooth,1024,3141,6574,6588,0.9766,True,False
T_MMI,triplet,sawtooth,1024,9973,6574,6588,0.9801,True,False
T_MMI,triplet,sawtooth,1024,31337,6574,6588,0.9788,True,False
T_MMI,triplet,sawtooth,1024,65537,6574,6588,0.9853,True,False
T_MMS,triplet,sawtooth,1024,42,12859,6258,1.2488,True,False
T_MMS,triplet,sawtooth,1024,137,12859,6258,1.2447,True,False
T_MMS,triplet,sawtooth,1024,1618,12859,6258,1.4258,True,False
T_MMS,triplet,sawtooth,1024,2718,12859,6258,1.2533,True,False
T_MMS,triplet,sawtooth,1024,3141,12859,6258,1.2574,True,False
T_MMS,triplet,sawtooth,1024,9973,12859,6258,1.4134,True,False
T_MMS,triplet,sawtooth,1024,31337,12859,6258,1.2494,True,False
T_MMS,triplet,sawtooth,1024,65537,12859,6258,1.2649,True,False
T_MQB,triplet,sawtooth,1024,42,11394,6003,1.2032,True,False
T_MQB,triplet,sawtooth,1024,137,11394,6003,1.2016,True,False
T_MQB,triplet,sawtooth,1024,1618,11394,6003,1.1828,True,False
T_MQB,triplet,sawtooth,1024,2718,11394,6003,1.1989,True,False
T_MQB,triplet,sawtooth,1024,3141,11394,6003,1.208,True,False
T_MQB,triplet,sawtooth,1024,9973,11394,6003,1.197,True,False
T_MQB,triplet,sawtooth,1024,31337,11394,6003,1.2075,True,False
T_MQB,triplet,sawtooth,1024,65537,11394,6003,1.1886,True,False
T_MQI,triplet,sawtooth,1024,42,9763,6003,1.1295,True,False
T_MQI,triplet,sawtooth,1024,137,9763,6003,1.0187,True,False
T_MQI,triplet,sawtooth,1024,1618,9763,6003,1.0175,True,False
T_MQI,triplet,sawtooth,1024,2718,9763,6003,1.0326,True,False
T_MQI,triplet,sawtooth,1024,3141,9763,6003,1.0529,True,False
T_MQI,triplet,sawtooth,1024,9973,9763,6003,1.1737,True,False
T_MQI,triplet,sawtooth,1024,31337,9763,6003,1.022,True,False
T_MQI,triplet,sawtooth,1024,65537,9763,6003,1.0269,True,False
T_MQS,triplet,sawtooth,1024,42,12149,4889,1.1758,True,False
T_MQS,triplet,sawtooth,1024,137,12149,4889,1.1796,True,False
T_MQS,triplet,sawtooth,1024,1618,12149,4889,1.1706,True,False
T_MQS,triplet,sawtooth,1024,2718,12149,4889,1.3071,True,False
T_MQS,triplet,sawtooth,1024,3141,12149,4889,1.3125,True,False
T_MQS,triplet,sawtooth,1024,9973,12149,4889,1.3002,True,False
T_MQS,triplet,sawtooth,1024,31337,12149,4889,1.3457,True,False
T_MQS,triplet,sawtooth,1024,65537,12149,4889,1.2983,True,False
T_MRB,triplet,sawtooth,1024,42,3055,6144,0.9056,True,False
T_MRB,triplet,sawtooth,1024,137,3055,6144,0.9016,True,False
T_MRB,triplet,sawtooth,1024,1618,3055,6144,0.9132,True,False
T_MRB,triplet,sawtooth,1024,2718,3055,6144,0.903,True,False
T_MRB,triplet,sawtooth,1024,3141,3055,6144,0.9025,True,False
T_MRB,triplet,sawtooth,1024,9973,3055,6144,0.8982,True,False
T_MRB,triplet,sawtooth,1024,31337,3055,6144,0.9123,True,False
T_MRB,triplet,sawtooth,1024,65537,3055,6144,0.9236,True,False
T_MRI,triplet,sawtooth,1024,42,3055,6144,0.9025,True,False
T_MRI,triplet,sawtooth,1024,137,3055,6144,0.8975,True,False
T_MRI,triplet,sawtooth,1024,1618,3055,6144,0.905,True,False
T_MRI,triplet,sawtooth,1024,2718,3055,6144,0.8555,True,False
T_MRI,triplet,sawtooth,1024,3141,3055,6144,0.8043,True,False
T_MRI,triplet,sawtooth,1024,9973,3055,6144,0.8004,True,False
T_MRI,triplet,sawtooth,1024,31337,3055,6144,0.8108,True,False
T_MRI,triplet,sawtooth,1024,65537,3055,6144,0.8897,True,False
T_MRS,triplet,sawtooth,1024,42,3055,6144,0.8049,True,False
T_MRS,triplet,sawtooth,1024,137,3055,6144,0.8153,True,False
T_MRS,triplet,sawtooth,1024,1618,3055,6144,0.807,True,False
T_MRS,triplet,sawtooth,1024,2718,3055,6144,0.8101,True,False
T_MRS,triplet,sawtooth,1024,3141,3055,6144,0.8679,True,False
T_MRS,triplet,sawtooth,1024,9973,3055,6144,0.8047,True,False
T_MRS,triplet,sawtooth,1024,31337,3055,6144,0.7982,True,False
T_MRS,triplet,sawtooth,1024,65537,3055,6144,0.8032,True,False
T_MSB,triplet,sawtooth,1024,42,68079,4058,3.9597,True,False
T_MSB,triplet,sawtooth,1024,137,68079,4058,3.8811,True,False
T_MSB,triplet,sawtooth,1024,1618,68079,4058,3.8498,True,False
T_MSB,triplet,sawtooth,1024,2718,68079,4058,3.9235,True,False
T_MSB,triplet,sawtooth,1024,3141,68079,4058,3.8609,True,False
T_MSB,triplet,sawtooth,1024,9973,68079,4058,3.8652,True,False
T_MSB,triplet,sawtooth,1024,31337,68079,4058,4.0783,True,False
T_MSB,triplet,sawtooth,1024,65537,68079,4058,4.3581,True,False
T_MSI,triplet,sawtooth,1024,42,68079,4058,4.4463,True,False
T_MSI,triplet,sawtooth,1024,137,68079,4058,4.3584,True,False
T_MSI,triplet,sawtooth,1024,1618,68079,4058,3.8856,True,False
T_MSI,triplet,sawtooth,1024,2718,68079,4058,3.9126,True,False
T_MSI,triplet,sawtooth,1024,3141,68079,4058,4.0328,True,False
T_MSI,triplet,sawtooth,1024,9973,68079,4058,4.4666,True,False
T_MSI,triplet,sawtooth,1024,31337,68079,4058,4.539,True,False
T_MSI,triplet,sawtooth,1024,65537,68079,4058,4.1556,True,False
T_MSS,triplet,sawtooth,1024,42,68079,4058,3.9668,True,False
T_MSS,triplet,sawtooth,1024,137,68079,4058,3.9131,True,False
T_MSS,triplet,sawtooth,1024,1618,68079,4058,3.8493,True,False
T_MSS,triplet,sawtooth,1024,2718,68079,4058,3.8911,True,False
T_MSS,triplet,sawtooth,1024,3141,68079,4058,3.9333,True,False
T_MSS,triplet,sawtooth,1024,9973,68079,4058,4.1596,True,False
T_MSS,triplet,sawtooth,1024,31337,68079,4058,4.2588,True,False
T_MSS,triplet,sawtooth,1024,65537,68079,4058,4.394,True,False
T_QHB,triplet,sawtooth,1024,42,15134,6007,1.371,True,False
T_QHB,triplet,sawtooth,1024,137,15134,6007,1.3843,True,False
T_QHB,triplet,sawtooth,1024,1618,15134,6007,1.3705,True,False
T_QHB,triplet,sawtooth,1024,2718,15134,6007,1.3406,True,False
T_QHB,triplet,sawtooth,1024,3141,15134,6007,1.4926,True,False
T_QHB,triplet,sawtooth,1024,9973,15134,6007,1.3517,True,False
T_QHB,triplet,sawtooth,1024,31337,15134,6007,1.3498,True,False
T_QHB,triplet,sawtooth,1024,65537,15134,6007,1.3572,True,False
T_QHI,triplet,sawtooth,1024,42,15071,6007,1.3594,True,False
T_QHI,triplet,sawtooth,1024,137,15071,6007,1.3306,True,False
T_QHI,triplet,sawtooth,1024,1618,15071,6007,1.3911,True,False
T_QHI,triplet,sawtooth,1024,2718,15071,6007,1.3631,True,False
T_QHI,triplet,sawtooth,1024,3141,15071,6007,1.3738,True,False
T_QHI,triplet,sawtooth,1024,9973,15071,6007,1.6497,True,False
T_QHI,triplet,sawtooth,1024,31337,15071,6007,1.5314,True,False
T_QHI,triplet,sawtooth,1024,65537,15071,6007,1.5131,True,False
T_QHS,triplet,sawtooth,1024,42,15172,5975,1.5247,True,False
T_QHS,triplet,sawtooth,1024,137,15172,5975,1.3668,True,False
T_QHS,triplet,sawtooth,1024,1618,15172,5975,1.3589,True,False
T_QHS,triplet,sawtooth,1024,2718,15172,5975,1.3522,True,False
T_QHS,triplet,sawtooth,1024,3141,15172,5975,1.4123,True,False
T_QHS,triplet,sawtooth,1024,9973,15172,5975,1.5185,True,False
T_QHS,triplet,sawtooth,1024,31337,15172,5975,1.5114,True,False
T_QHS,triplet,sawtooth,1024,65537,15172,5975,1.5216,True,False
T_QIB,triplet,sawtooth,1024,42,24522,18663,2.3453,True,False
T_QIB,triplet,sawtooth,1024,137,24522,18663,2.3522,True,False
T_QIB,triplet,sawtooth,1024,1618,24522,18663,2.3302,True,False
T_QIB,triplet,sawtooth,1024,2718,24522,18663,2.5847,True,False
T_QIB,triplet,sawtooth,1024,3141,24522,18663,2.5734,True,False
T_QIB,triplet,sawtooth,1024,9973,24522,18663,2.4043,True,False
T_QIB,triplet,sawtooth,1024,31337,24522,18663,2.3607,True,False
T_QIB,triplet,sawtooth,1024,65537,24522,18663,2.7534,True,False
T_QII,triplet,sawtooth,1024,42,24459,18663,2.6423,True,False
T_QII,triplet,sawtooth,1024,137,24459,18663,2.6125,True,False
T_QII,triplet,sawtooth,1024,1618,24459,18663,2.5889,True,False
T_QII,triplet,sawtooth,1024,2718,24459,18663,2.6296,True,False
T_QII,triplet,sawtooth,1024,3141,24459,18663,2.5752,True,False
T_QII,triplet,sawtooth,1024,9973,24459,18663,2.5953,True,False
T_QII,triplet,sawtooth,1024,31337,24459,18663,2.5632,True,False
T_QII,triplet,sawtooth,1024,65537,24459,18663,2.5672,True,False
T_QIS,triplet,sawtooth,1024,42,24560,18631,2.302,True,False
T_QIS,triplet,sawtooth,1024,137,24560,18631,2.3849,True,False
T_QIS,triplet,sawtooth,1024,1618,24560,18631,2.329,True,False
T_QIS,triplet,sawtooth,1024,2718,24560,18631,2.5813,True,False
T_QIS,triplet,sawtooth,1024,3141,24560,18631,2.36,True,False
T_QIS,triplet,sawtooth,1024,9973,24560,18631,2.3103,True,False
T_QIS,triplet,sawtooth,1024,31337,24560,18631,2.4076,True,False
T_QIS,triplet,sawtooth,1024,65537,24560,18631,2.3409,True,False
T_QMB,triplet,sawtooth,1024,42,13446,6317,1.3925,True,False
T_QMB,triplet,sawtooth,1024,137,13446,6317,1.3659,True,False
T_QMB,triplet,sawtooth,1024,1618,13446,6317,1.6292,True,False
T_QMB,triplet,sawtooth,1024,2718,13446,6317,1.3921,True,False
T_QMB,triplet,sawtooth,1024,3141,13446,6317,1.3565,True,False
T_QMB,triplet,sawtooth,1024,9973,13446,6317,1.5121,True,False
T_QMB,triplet,sawtooth,1024,31337,13446,6317,1.5239,True,False
T_QMB,triplet,sawtooth,1024,65537,13446,6317,1.5636,True,False
T_QMI,triplet,sawtooth,1024,42,11698,6317,1.2128,True,False
T_QMI,triplet,sawtooth,1024,137,11698,6317,1.1651,True,False
T_QMI,triplet,sawtooth,1024,1618,11698,6317,1.1676,True,False
T_QMI,triplet,sawtooth,1024,2718,11698,6317,1.2859,True,False
T_QMI,triplet,sawtooth,1024,3141,11698,6317,1.2998,True,False
T_QMI,triplet,sawtooth,1024,9973,11698,6317,1.3017,True,False
T_QMI,triplet,sawtooth,1024,31337,11698,6317,1.3091,True,False
T_QMI,triplet,sawtooth,1024,65537,11698,6317,1.3066,True,False
T_QMS,triplet,sawtooth,1024,42,13964,4296,1.4195,True,False
T_QMS,triplet,sawtooth,1024,137,13964,4296,1.3636,True,False
T_QMS,triplet,sawtooth,1024,1618,13964,4296,1.2547,True,False
T_QMS,triplet,sawtooth,1024,2718,13964,4296,1.2448,True,False
T_QMS,triplet,sawtooth,1024,3141,13964,4296,1.3368,True,False
T_QMS,triplet,sawtooth,1024,9973,13964,4296,1.3575,True,False
T_QMS,triplet,sawtooth,1024,31337,13964,4296,1.4021,True,False
T_QMS,triplet,sawtooth,1024,65537,13964,4296,1.398,True,False
T_QQB,triplet,sawtooth,1024,42,12600,3080,1.2166,True,False
T_QQB,triplet,sawtooth,1024,137,12600,3080,1.2148,True,False
T_QQB,triplet,sawtooth,1024,1618,12600,3080,1.1144,True,False
T_QQB,triplet,sawtooth,1024,2718,12600,3080,1.1328,True,False
T_QQB,triplet,sawtooth,1024,3141,12600,3080,1.0788,True,False
T_QQB,triplet,sawtooth,1024,9973,12600,3080,1.09,True,False
T_QQB,triplet,sawtooth,1024,31337,12600,3080,1.1062,True,False
T_QQB,triplet,sawtooth,1024,65537,12600,3080,1.1152,True,False
T_QQI,triplet,sawtooth,1024,42,11027,3080,0.9414,True,False
T_QQI,triplet,sawtooth,1024,137,11027,3080,0.987,True,False
T_QQI,triplet,sawtooth,1024,1618,11027,3080,0.941,True,False
T_QQI,triplet,sawtooth,1024,2718,11027,3080,0.9456,True,False
T_QQI,triplet,sawtooth,1024,3141,11027,3080,0.9372,True,False
T_QQI,triplet,sawtooth,1024,9973,11027,3080,1.0256,True,False
T_QQI,triplet,sawtooth,1024,31337,11027,3080,1.0834,True,False
T_QQI,triplet,sawtooth,1024,65537,11027,3080,0.9441,True,False
T_QQS,triplet,sawtooth,1024,42,13568,2280,1.1037,True,False
T_QQS,triplet,sawtooth,1024,137,13568,2280,1.1535,True,False
T_QQS,triplet,sawtooth,1024,1618,13568,2280,1.1007,True,False
T_QQS,triplet,sawtooth,1024,2718,13568,2280,1.2231,True,False
T_QQS,triplet,sawtooth,1024,3141,13568,2280,1.2001,True,False
T_QQS,triplet,sawtooth,1024,9973,13568,2280,1.1111,True,False
T_QQS,triplet,sawtooth,1024,31337,13568,2280,1.1645,True,False
T_QQS,triplet,sawtooth,1024,65537,13568,2280,1.1498,True,False
T_QRB,triplet,sawtooth,1024,42,5896,3021,0.744,True,False
T_QRB,triplet,sawtooth,1024,137,5896,3021,0.7537,True,False
T_QRB,triplet,sawtooth,1024,1618,5896,3021,0.7439,True,False
T_QRB,triplet,sawtooth,1024,2718,5896,3021,0.7594,True,False
T_QRB,triplet,sawtooth,1024,3141,5896,3021,0.7862,True,False
T_QRB,triplet,sawtooth,1024,9973,5896,3021,0.7769,True,False
T_QRB,triplet,sawtooth,1024,31337,5896,3021,0.7322,True,False
T_QRB,triplet,sawtooth,1024,65537,5896,3021,0.7307,True,False
T_QRI,triplet,sawtooth,1024,42,5833,3021,0.8256,True,False
T_QRI,triplet,sawtooth,1024,137,5833,3021,0.857,True,False
T_QRI,triplet,sawtooth,1024,1618,5833,3021,0.8114,True,False
T_QRI,triplet,sawtooth,1024,2718,5833,3021,0.8029,True,False
T_QRI,triplet,sawtooth,1024,3141,5833,3021,0.8092,True,False
T_QRI,triplet,sawtooth,1024,9973,5833,3021,0.8127,True,False
T_QRI,triplet,sawtooth,1024,31337,5833,3021,0.8195,True,False
T_QRI,triplet,sawtooth,1024,65537,5833,3021,0.808,True,False
T_QRS,triplet,sawtooth,1024,42,5934,2989,0.8116,True,False
T_QRS,triplet,sawtooth,1024,137,5934,2989,0.8122,True,False
T_QRS,triplet,sawtooth,1024,1618,5934,2989,0.8452,True,False
T_QRS,triplet,sawtooth,1024,2718,5934,2989,0.7575,True,False
T_QRS,triplet,sawtooth,1024,3141,5934,2989,0.7444,True,False
T_QRS,triplet,sawtooth,1024,9973,5934,2989,0.7095,True,False
T_QRS,triplet,sawtooth,1024,31337,5934,2989,0.7101,True,False
T_QRS,triplet,sawtooth,1024,65537,5934,2989,0.8184,True,False
T_QSB,triplet,sawtooth,1024,42,47210,1839,3.1203,True,False
T_QSB,triplet,sawtooth,1024,137,47210,1839,3.1212,True,False
T_QSB,triplet,sawtooth,1024,1618,47210,1839,3.2055,True,False
T_QSB,triplet,sawtooth,1024,2718,47210,1839,3.21,True,False
T_QSB,triplet,sawtooth,1024,3141,47210,1839,3.1795,True,False
T_QSB,triplet,sawtooth,1024,9973,47210,1839,3.1061,True,False
T_QSB,triplet,sawtooth,1024,31337,47210,1839,2.7796,True,False
T_QSB,triplet,sawtooth,1024,65537,47210,1839,2.9241,True,False
T_QSI,triplet,sawtooth,1024,42,47147,1839,2.7904,True,False
T_QSI,triplet,sawtooth,1024,137,47147,1839,2.7994,True,False
T_QSI,triplet,sawtooth,1024,1618,47147,1839,2.9154,True,False
T_QSI,triplet,sawtooth,1024,2718,47147,1839,2.7835,True,False
T_QSI,triplet,sawtooth,1024,3141,47147,1839,2.7786,True,False
T_QSI,triplet,sawtooth,1024,9973,47147,1839,2.8089,True,False
T_QSI,triplet,sawtooth,1024,31337,47147,1839,2.8042,True,False
T_QSI,triplet,sawtooth,1024,65537,47147,1839,2.8254,True,False
T_QSS,triplet,sawtooth,1024,42,47248,1807,3.0467,True,False
T_QSS,triplet,sawtooth,1024,137,47248,1807,2.8054,True,False
T_QSS,triplet,sawtooth,1024,1618,47248,1807,2.7881,True,False
T_QSS,triplet,sawtooth,1024,2718,47248,1807,3.0956,True,False
T_QSS,triplet,sawtooth,1024,3141,47248,1807,3.2384,True,False
T_QSS,triplet,sawtooth,1024,9973,47248,1807,2.8668,True,False
T_QSS,triplet,sawtooth,1024,31337,47248,1807,3.1264,True,False
T_QSS,triplet,sawtooth,1024,65537,47248,1807,2.945,True,False
TimCustom,base,sawtooth,1024,42,7399,7090,0.9056,True,False
TimCustom,base,sawtooth,1024,137,7399,7090,0.8951,True,False
TimCustom,base,sawtooth,1024,1618,7399,7090,0.9316,True,False
TimCustom,base,sawtooth,1024,2718,7399,7090,1.1024,True,False
TimCustom,base,sawtooth,1024,3141,7399,7090,0.9914,True,False
TimCustom,base,sawtooth,1024,9973,7399,7090,0.969,True,False
TimCustom,base,sawtooth,1024,31337,7399,7090,0.9761,True,False
TimCustom,base,sawtooth,1024,65537,7399,7090,0.9383,True,False
Bubble,base,sorted,1024,42,,,,,True
Bubble,base,sorted,1024,137,,,,,True
Bubble,base,sorted,1024,1618,,,,,True
Bubble,base,sorted,1024,2718,,,,,True
Bubble,base,sorted,1024,3141,,,,,True
Bubble,base,sorted,1024,9973,,,,,True
Bubble,base,sorted,1024,31337,,,,,True
Bubble,base,sorted,1024,65537,,,,,True
Heap,base,sorted,1024,42,18060,9968,1.398,True,False
Heap,base,sorted,1024,137,18060,9968,1.4017,True,False
Heap,base,sorted,1024,1618,18060,9968,1.3966,True,False
Heap,base,sorted,1024,2718,18060,9968,1.4602,True,False
Heap,base,sorted,1024,3141,18060,9968,1.5716,True,False
Heap,base,sorted,1024,9973,18060,9968,1.4927,True,False
Heap,base,sorted,1024,31337,18060,9968,1.5823,True,False
Heap,base,sorted,1024,65537,18060,9968,1.564,True,False
Hybrid_Intro,hybrid,sorted,1024,42,7047,126,0.5434,True,False
Hybrid_Intro,hybrid,sorted,1024,137,7047,126,0.5382,True,False
Hybrid_Intro,hybrid,sorted,1024,1618,7047,126,0.4842,True,False
Hybrid_Intro,hybrid,sorted,1024,2718,7047,126,0.4846,True,False
Hybrid_Intro,hybrid,sorted,1024,3141,7047,126,0.4807,True,False
Hybrid_Intro,hybrid,sorted,1024,9973,7047,126,0.4869,True,False
Hybrid_Intro,hybrid,sorted,1024,31337,7047,126,0.4811,True,False
Hybrid_Intro,hybrid,sorted,1024,65537,7047,126,0.5244,True,False
Hybrid_MI,hybrid,sorted,1024,42,4032,6144,0.7352,True,False
Hybrid_MI,hybrid,sorted,1024,137,4032,6144,0.7351,True,False
Hybrid_MI,hybrid,sorted,1024,1618,4032,6144,0.7278,True,False
Hybrid_MI,hybrid,sorted,1024,2718,4032,6144,0.6935,True,False
Hybrid_MI,hybrid,sorted,1024,3141,4032,6144,0.6915,True,False
Hybrid_MI,hybrid,sorted,1024,9973,4032,6144,0.76,True,False
Hybrid_MI,hybrid,sorted,1024,31337,4032,6144,0.7876,True,False
Hybrid_MI,hybrid,sorted,1024,65537,4032,6144,0.7988,True,False
Hybrid_QI,hybrid,sorted,1024,42,7047,126,0.5412,True,False
Hybrid_QI,hybrid,sorted,1024,137,7047,126,0.5293,True,False
Hybrid_QI,hybrid,sorted,1024,1618,7047,126,0.5403,True,False
Hybrid_QI,hybrid,sorted,1024,2718,7047,126,0.5384,True,False
Hybrid_QI,hybrid,sorted,1024,3141,7047,126,0.5341,True,False
Hybrid_QI,hybrid,sorted,1024,9973,7047,126,0.527,True,False
Hybrid_QI,hybrid,sorted,1024,31337,7047,126,0.5243,True,False
Hybrid_QI,hybrid,sorted,1024,65537,7047,126,0.5242,True,False
Hybrid_RI,hybrid,sorted,1024,42,0,4096,0.6014,True,False
Hybrid_RI,hybrid,sorted,1024,137,0,4096,0.61,True,False
Hybrid_RI,hybrid,sorted,1024,1618,0,4096,0.6151,True,False
Hybrid_RI,hybrid,sorted,1024,2718,0,4096,0.6305,True,False
Hybrid_RI,hybrid,sorted,1024,3141,0,4096,0.6177,True,False
Hybrid_RI,hybrid,sorted,1024,9973,0,4096,0.5573,True,False
Hybrid_RI,hybrid,sorted,1024,31337,0,4096,0.5331,True,False
Hybrid_RI,hybrid,sorted,1024,65537,0,4096,0.5279,True,False
Insertion,base,sorted,1024,42,1023,0,0.082,True,False
Insertion,base,sorted,1024,137,1023,0,0.0824,True,False
Insertion,base,sorted,1024,1618,1023,0,0.0816,True,False
Insertion,base,sorted,1024,2718,1023,0,0.0825,True,False
Insertion,base,sorted,1024,3141,1023,0,0.0818,True,False
Insertion,base,sorted,1024,9973,1023,0,0.0852,True,False
Insertion,base,sorted,1024,31337,1023,0,0.0853,True,False
Insertion,base,sorted,1024,65537,1023,0,0.0846,True,False
Merge,base,sorted,1024,42,5120,10240,1.3974,True,False
Merge,base,sorted,1024,137,5120,10240,1.2475,True,False
Merge,base,sorted,1024,1618,5120,10240,1.2424,True,False
Merge,base,sorted,1024,2718,5120,10240,1.445,True,False
Merge,base,sorted,1024,3141,5120,10240,1.4007,True,False
Merge,base,sorted,1024,9973,5120,10240,1.3961,True,False
Merge,base,sorted,1024,31337,5120,10240,1.3992,True,False
Merge,base,sorted,1024,65537,5120,10240,1.3994,True,False
Quick,base,sorted,1024,42,8716,512,0.7223,True,False
Quick,base,sorted,1024,137,8716,512,0.7162,True,False
Quick,base,sorted,1024,1618,8716,512,0.715,True,False
Quick,base,sorted,1024,2718,8716,512,0.7265,True,False
Quick,base,sorted,1024,3141,8716,512,0.7235,True,False
Quick,base,sorted,1024,9973,8716,512,0.7377,True,False
Quick,base,sorted,1024,31337,8716,512,0.7404,True,False
Quick,base,sorted,1024,65537,8716,512,0.7234,True,False
Radix,base,sorted,1024,42,0,4096,0.6149,True,False
Radix,base,sorted,1024,137,0,4096,0.5312,True,False
Radix,base,sorted,1024,1618,0,4096,0.5258,True,False
Radix,base,sorted,1024,2718,0,4096,0.5216,True,False
Radix,base,sorted,1024,3141,0,4096,0.5244,True,False
Radix,base,sorted,1024,9973,0,4096,0.5257,True,False
Radix,base,sorted,1024,31337,0,4096,0.5229,True,False
Radix,base,sorted,1024,65537,0,4096,0.5434,True,False
Selection,base,sorted,1024,42,,,,,True
Selection,base,sorted,1024,137,,,,,True
Selection,base,sorted,1024,1618,,,,,True
Selection,base,sorted,1024,2718,,,,,True
Selection,base,sorted,1024,3141,,,,,True
Selection,base,sorted,1024,9973,,,,,True
Selection,base,sorted,1024,31337,,,,,True
Selection,base,sorted,1024,65537,,,,,True
T_MHB,triplet,sorted,1024,42,13208,9872,1.4516,True,False
T_MHB,triplet,sorted,1024,137,13208,9872,1.5855,True,False
T_MHB,triplet,sorted,1024,1618,13208,9872,1.4501,True,False
T_MHB,triplet,sorted,1024,2718,13208,9872,1.4785,True,False
T_MHB,triplet,sorted,1024,3141,13208,9872,1.6288,True,False
T_MHB,triplet,sorted,1024,9973,13208,9872,1.6377,True,False
T_MHB,triplet,sorted,1024,31337,13208,9872,1.8056,True,False
T_MHB,triplet,sorted,1024,65537,13208,9872,1.6513,True,False
T_MHI,triplet,sorted,1024,42,13208,9872,1.6546,True,False
T_MHI,triplet,sorted,1024,137,13208,9872,1.6151,True,False
T_MHI,triplet,sorted,1024,1618,13208,9872,1.6183,True,False
T_MHI,triplet,sorted,1024,2718,13208,9872,1.6229,True,False
T_MHI,triplet,sorted,1024,3141,13208,9872,1.6334,True,False
T_MHI,triplet,sorted,1024,9973,13208,9872,1.6294,True,False
T_MHI,triplet,sorted,1024,31337,13208,9872,1.6179,True,False
T_MHI,triplet,sorted,1024,65537,13208,9872,1.648,True,False
T_MHS,triplet,sorted,1024,42,13208,9872,1.4867,True,False
T_MHS,triplet,sorted,1024,137,13208,9872,1.437,True,False
T_MHS,triplet,sorted,1024,1618,13208,9872,1.5553,True,False
T_MHS,triplet,sorted,1024,2718,13208,9872,1.5303,True,False
T_MHS,triplet,sorted,1024,3141,13208,9872,1.6258,True,False
T_MHS,triplet,sorted,1024,9973,13208,9872,1.6538,True,False
T_MHS,triplet,sorted,1024,31337,13208,9872,1.6198,True,False
T_MHS,triplet,sorted,1024,65537,13208,9872,1.6146,True,False
T_MIB,triplet,sorted,1024,42,2552,3072,0.4306,True,False
T_MIB,triplet,sorted,1024,137,2552,3072,0.4293,True,False
T_MIB,triplet,sorted,1024,1618,2552,3072,0.4315,True,False
T_MIB,triplet,sorted,1024,2718,2552,3072,0.4298,True,False
T_MIB,triplet,sorted,1024,3141,2552,3072,0.4284,True,False
T_MIB,triplet,sorted,1024,9973,2552,3072,0.4415,True,False
T_MIB,triplet,sorted,1024,31337,2552,3072,0.4398,True,False
T_MIB,triplet,sorted,1024,65537,2552,3072,0.4417,True,False
T_MII,triplet,sorted,1024,42,2552,3072,0.4354,True,False
T_MII,triplet,sorted,1024,137,2552,3072,0.4335,True,False
T_MII,triplet,sorted,1024,1618,2552,3072,0.4374,True,False
T_MII,triplet,sorted,1024,2718,2552,3072,0.4336,True,False
T_MII,triplet,sorted,1024,3141,2552,3072,0.4404,True,False
T_MII,triplet,sorted,1024,9973,2552,3072,0.4396,True,False
T_MII,triplet,sorted,1024,31337,2552,3072,0.4466,True,False
T_MII,triplet,sorted,1024,65537,2552,3072,0.4327,True,False
T_MIS,triplet,sorted,1024,42,2552,3072,0.4304,True,False
T_MIS,triplet,sorted,1024,137,2552,3072,0.4536,True,False
T_MIS,triplet,sorted,1024,1618,2552,3072,0.433,True,False
T_MIS,triplet,sorted,1024,2718,2552,3072,0.4317,True,False
T_MIS,triplet,sorted,1024,3141,2552,3072,0.3852,True,False
T_MIS,triplet,sorted,1024,9973,2552,3072,0.386,True,False
T_MIS,triplet,sorted,1024,31337,2552,3072,0.3884,True,False
T_MIS,triplet,sorted,1024,65537,2552,3072,0.3866,True,False
T_MMB,triplet,sorted,1024,42,4032,6144,0.7348,True,False
T_MMB,triplet,sorted,1024,137,4032,6144,0.7483,True,False
T_MMB,triplet,sorted,1024,1618,4032,6144,0.751,True,False
T_MMB,triplet,sorted,1024,2718,4032,6144,0.7518,True,False
T_MMB,triplet,sorted,1024,3141,4032,6144,0.716,True,False
T_MMB,triplet,sorted,1024,9973,4032,6144,0.6765,True,False
T_MMB,triplet,sorted,1024,31337,4032,6144,0.7785,True,False
T_MMB,triplet,sorted,1024,65537,4032,6144,0.7357,True,False
T_MMI,triplet,sorted,1024,42,4032,6144,0.7816,True,False
T_MMI,triplet,sorted,1024,137,4032,6144,0.82,True,False
T_MMI,triplet,sorted,1024,1618,4032,6144,0.7618,True,False
T_MMI,triplet,sorted,1024,2718,4032,6144,0.6999,True,False
T_MMI,triplet,sorted,1024,3141,4032,6144,0.709,True,False
T_MMI,triplet,sorted,1024,9973,4032,6144,0.6995,True,False
T_MMI,triplet,sorted,1024,31337,4032,6144,0.8133,True,False
T_MMI,triplet,sorted,1024,65537,4032,6144,0.704,True,False
T_MMS,triplet,sorted,1024,42,10752,6144,1.1314,True,False
T_MMS,triplet,sorted,1024,137,10752,6144,1.1057,True,False
T_MMS,triplet,sorted,1024,1618,10752,6144,1.1191,True,False
T_MMS,triplet,sorted,1024,2718,10752,6144,1.0961,True,False
T_MMS,triplet,sorted,1024,3141,10752,6144,1.1031,True,False
T_MMS,triplet,sorted,1024,9973,10752,6144,1.265,True,False
T_MMS,triplet,sorted,1024,31337,10752,6144,1.1564,True,False
T_MMS,triplet,sorted,1024,65537,10752,6144,1.1034,True,False
T_MQB,triplet,sorted,1024,42,5536,3184,0.5903,True,False
T_MQB,triplet,sorted,1024,137,5536,3184,0.6043,True,False
T_MQB,triplet,sorted,1024,1618,5536,3184,0.6024,True,False
T_MQB,triplet,sorted,1024,2718,5536,3184,0.5771,True,False
T_MQB,triplet,sorted,1024,3141,5536,3184,0.5705,True,False
T_MQB,triplet,sorted,1024,9973,5536,3184,0.576,True,False
T_MQB,triplet,sorted,1024,31337,5536,3184,0.5734,True,False
T_MQB,triplet,sorted,1024,65537,5536,3184,0.5751,True,False
T_MQI,triplet,sorted,1024,42,5536,3184,0.9457,True,False
T_MQI,triplet,sorted,1024,137,5536,3184,0.6007,True,False
T_MQI,triplet,sorted,1024,1618,5536,3184,0.6039,True,False
T_MQI,triplet,sorted,1024,2718,5536,3184,0.6008,True,False
T_MQI,triplet,sorted,1024,3141,5536,3184,0.6,True,False
T_MQI,triplet,sorted,1024,9973,5536,3184,0.6086,True,False
T_MQI,triplet,sorted,1024,31337,5536,3184,0.6709,True,False
T_MQI,triplet,sorted,1024,65537,5536,3184,0.5984,True,False
T_MQS,triplet,sorted,1024,42,11472,3184,0.9641,True,False
T_MQS,triplet,sorted,1024,137,11472,3184,0.9797,True,False
T_MQS,triplet,sorted,1024,1618,11472,3184,1.1002,True,False
T_MQS,triplet,sorted,1024,2718,11472,3184,1.1176,True,False
T_MQS,triplet,sorted,1024,3141,11472,3184,1.08,True,False
T_MQS,triplet,sorted,1024,9973,11472,3184,1.0665,True,False
T_MQS,triplet,sorted,1024,31337,11472,3184,1.1026,True,False
T_MQS,triplet,sorted,1024,65537,11472,3184,1.0862,True,False
T_MRB,triplet,sorted,1024,42,1536,6272,0.825,True,False
T_MRB,triplet,sorted,1024,137,1536,6272,0.8221,True,False
T_MRB,triplet,sorted,1024,1618,1536,6272,0.8748,True,False
T_MRB,triplet,sorted,1024,2718,1536,6272,0.9513,True,False
T_MRB,triplet,sorted,1024,3141,1536,6272,0.8267,True,False
T_MRB,triplet,sorted,1024,9973,1536,6272,0.8359,True,False
T_MRB,triplet,sorted,1024,31337,1536,6272,0.8222,True,False
T_MRB,triplet,sorted,1024,65537,1536,6272,0.8099,True,False
T_MRI,triplet,sorted,1024,42,1536,6272,0.9365,True,False
T_MRI,triplet,sorted,1024,137,1536,6272,0.8295,True,False
T_MRI,triplet,sorted,1024,1618,1536,6272,0.8287,True,False
T_MRI,triplet,sorted,1024,2718,1536,6272,0.8278,True,False
T_MRI,triplet,sorted,1024,3141,1536,6272,0.8275,True,False
T_MRI,triplet,sorted,1024,9973,1536,6272,0.8234,True,False
T_MRI,triplet,sorted,1024,31337,1536,6272,0.8224,True,False
T_MRI,triplet,sorted,1024,65537,1536,6272,0.8216,True,False
T_MRS,triplet,sorted,1024,42,1536,6272,0.7526,True,False
T_MRS,triplet,sorted,1024,137,1536,6272,0.8242,True,False
T_MRS,triplet,sorted,1024,1618,1536,6272,0.8539,True,False
T_MRS,triplet,sorted,1024,2718,1536,6272,0.7382,True,False
T_MRS,triplet,sorted,1024,3141,1536,6272,0.7434,True,False
T_MRS,triplet,sorted,1024,9973,1536,6272,0.8248,True,False
T_MRS,triplet,sorted,1024,31337,1536,6272,0.7605,True,False
T_MRS,triplet,sorted,1024,65537,1536,6272,0.7393,True,False
T_MSB,triplet,sorted,1024,42,66560,3072,3.7673,True,False
T_MSB,triplet,sorted,1024,137,66560,3072,3.6524,True,False
T_MSB,triplet,sorted,1024,1618,66560,3072,3.6188,True,False
T_MSB,triplet,sorted,1024,2718,66560,3072,3.6311,True,False
T_MSB,triplet,sorted,1024,3141,66560,3072,3.7294,True,False
T_MSB,triplet,sorted,1024,9973,66560,3072,4.3619,True,False
T_MSB,triplet,sorted,1024,31337,66560,3072,4.1618,True,False
T_MSB,triplet,sorted,1024,65537,66560,3072,4.1547,True,False
T_MSI,triplet,sorted,1024,42,66560,3072,4.0913,True,False
T_MSI,triplet,sorted,1024,137,66560,3072,4.0652,True,False
T_MSI,triplet,sorted,1024,1618,66560,3072,4.0843,True,False
T_MSI,triplet,sorted,1024,2718,66560,3072,4.0969,True,False
T_MSI,triplet,sorted,1024,3141,66560,3072,4.0283,True,False
T_MSI,triplet,sorted,1024,9973,66560,3072,3.821,True,False
T_MSI,triplet,sorted,1024,31337,66560,3072,3.9334,True,False
T_MSI,triplet,sorted,1024,65537,66560,3072,3.7444,True,False
T_MSS,triplet,sorted,1024,42,66560,3072,3.6628,True,False
T_MSS,triplet,sorted,1024,137,66560,3072,3.7628,True,False
T_MSS,triplet,sorted,1024,1618,66560,3072,3.7533,True,False
T_MSS,triplet,sorted,1024,2718,66560,3072,3.7922,True,False
T_MSS,triplet,sorted,1024,3141,66560,3072,3.7323,True,False
T_MSS,triplet,sorted,1024,9973,66560,3072,4.0929,True,False
T_MSS,triplet,sorted,1024,31337,66560,3072,3.6647,True,False
T_MSS,triplet,sorted,1024,65537,66560,3072,3.7342,True,False
T_QHB,triplet,sorted,1024,42,14649,6828,1.4309,True,False
T_QHB,triplet,sorted,1024,137,14649,6828,1.4907,True,False
T_QHB,triplet,sorted,1024,1618,14649,6828,1.486,True,False
T_QHB,triplet,sorted,1024,2718,14649,6828,1.3759,True,False
T_QHB,triplet,sorted,1024,3141,14649,6828,1.3623,True,False
T_QHB,triplet,sorted,1024,9973,14649,6828,1.4831,True,False
T_QHB,triplet,sorted,1024,31337,14649,6828,1.5449,True,False
T_QHB,triplet,sorted,1024,65537,14649,6828,1.3773,True,False
T_QHI,triplet,sorted,1024,42,14649,6828,1.527,True,False
T_QHI,triplet,sorted,1024,137,14649,6828,1.4986,True,False
T_QHI,triplet,sorted,1024,1618,14649,6828,1.4997,True,False
T_QHI,triplet,sorted,1024,2718,14649,6828,1.3686,True,False
T_QHI,triplet,sorted,1024,3141,14649,6828,1.3456,True,False
T_QHI,triplet,sorted,1024,9973,14649,6828,1.3385,True,False
T_QHI,triplet,sorted,1024,31337,14649,6828,1.3417,True,False
T_QHI,triplet,sorted,1024,65537,14649,6828,1.3483,True,False
T_QHS,triplet,sorted,1024,42,14649,6828,1.3456,True,False
T_QHS,triplet,sorted,1024,137,14649,6828,1.3376,True,False
T_QHS,triplet,sorted,1024,1618,14649,6828,1.3252,True,False
T_QHS,triplet,sorted,1024,2718,14649,6828,1.3403,True,False
T_QHS,triplet,sorted,1024,3141,14649,6828,1.3364,True,False
T_QHS,triplet,sorted,1024,9973,14649,6828,1.3395,True,False
T_QHS,triplet,sorted,1024,31337,14649,6828,1.3368,True,False
T_QHS,triplet,sorted,1024,65537,14649,6828,1.3339,True,False
T_QIB,triplet,sorted,1024,42,4084,14,0.2863,True,False
T_QIB,triplet,sorted,1024,137,4084,14,0.2858,True,False
T_QIB,triplet,sorted,1024,1618,4084,14,0.2842,True,False
T_QIB,triplet,sorted,1024,2718,4084,14,0.2887,True,False
T_QIB,triplet,sorted,1024,3141,4084,14,0.2769,True,False
T_QIB,triplet,sorted,1024,9973,4084,14,0.2915,True,False
T_QIB,triplet,sorted,1024,31337,4084,14,0.2834,True,False
T_QIB,triplet,sorted,1024,65537,4084,14,0.2818,True,False
T_QII,triplet,sorted,1024,42,4084,14,0.2845,True,False
T_QII,triplet,sorted,1024,137,4084,14,0.2826,True,False
T_QII,triplet,sorted,1024,1618,4084,14,0.282,True,False
T_QII,triplet,sorted,1024,2718,4084,14,0.2846,True,False
T_QII,triplet,sorted,1024,3141,4084,14,0.2814,True,False
T_QII,triplet,sorted,1024,9973,4084,14,0.2871,True,False
T_QII,triplet,sorted,1024,31337,4084,14,0.2817,True,False
T_QII,triplet,sorted,1024,65537,4084,14,0.2881,True,False
T_QIS,triplet,sorted,1024,42,4084,14,0.2869,True,False
T_QIS,triplet,sorted,1024,137,4084,14,0.2766,True,False
T_QIS,triplet,sorted,1024,1618,4084,14,0.276,True,False
T_QIS,triplet,sorted,1024,2718,4084,14,0.2809,True,False
T_QIS,triplet,sorted,1024,3141,4084,14,0.277,True,False
T_QIS,triplet,sorted,1024,9973,4084,14,0.2747,True,False
T_QIS,triplet,sorted,1024,31337,4084,14,0.2776,True,False
T_QIS,triplet,sorted,1024,65537,4084,14,0.2766,True,False
T_QMB,triplet,sorted,1024,42,5564,3065,0.5593,True,False
T_QMB,triplet,sorted,1024,137,5564,3065,0.5909,True,False
T_QMB,triplet,sorted,1024,1618,5564,3065,0.6182,True,False
T_QMB,triplet,sorted,1024,2718,5564,3065,0.5746,True,False
T_QMB,triplet,sorted,1024,3141,5564,3065,0.5619,True,False
T_QMB,triplet,sorted,1024,9973,5564,3065,0.5647,True,False
T_QMB,triplet,sorted,1024,31337,5564,3065,0.5696,True,False
T_QMB,triplet,sorted,1024,65537,5564,3065,0.5681,True,False
T_QMI,triplet,sorted,1024,42,5564,3065,0.7325,True,False
T_QMI,triplet,sorted,1024,137,5564,3065,0.5873,True,False
T_QMI,triplet,sorted,1024,1618,5564,3065,0.587,True,False
T_QMI,triplet,sorted,1024,2718,5564,3065,0.6058,True,False
T_QMI,triplet,sorted,1024,3141,5564,3065,0.5908,True,False
T_QMI,triplet,sorted,1024,9973,5564,3065,0.5896,True,False
T_QMI,triplet,sorted,1024,31337,5564,3065,0.642,True,False
T_QMI,triplet,sorted,1024,65537,5564,3065,0.5969,True,False
T_QMS,triplet,sorted,1024,42,12186,3065,0.9819,True,False
T_QMS,triplet,sorted,1024,137,12186,3065,0.9757,True,False
T_QMS,triplet,sorted,1024,1618,12186,3065,0.9741,True,False
T_QMS,triplet,sorted,1024,2718,12186,3065,1.1978,True,False
T_QMS,triplet,sorted,1024,3141,12186,3065,1.0124,True,False
T_QMS,triplet,sorted,1024,9973,12186,3065,1.0345,True,False
T_QMS,triplet,sorted,1024,31337,12186,3065,1.0118,True,False
T_QMS,triplet,sorted,1024,65537,12186,3065,1.0589,True,False
T_QQB,triplet,sorted,1024,42,7047,126,0.5359,True,False
T_QQB,triplet,sorted,1024,137,7047,126,0.5384,True,False
T_QQB,triplet,sorted,1024,1618,7047,126,0.5319,True,False
T_QQB,triplet,sorted,1024,2718,7047,126,0.5286,True,False
T_QQB,triplet,sorted,1024,3141,7047,126,0.5411,True,False
T_QQB,triplet,sorted,1024,9973,7047,126,0.5345,True,False
T_QQB,triplet,sorted,1024,31337,7047,126,0.537,True,False
T_QQB,triplet,sorted,1024,65537,7047,126,0.538,True,False
T_QQI,triplet,sorted,1024,42,7047,126,0.5596,True,False
T_QQI,triplet,sorted,1024,137,7047,126,0.5548,True,False
T_QQI,triplet,sorted,1024,1618,7047,126,0.5613,True,False
T_QQI,triplet,sorted,1024,2718,7047,126,0.56,True,False
T_QQI,triplet,sorted,1024,3141,7047,126,0.5571,True,False
T_QQI,triplet,sorted,1024,9973,7047,126,0.5572,True,False
T_QQI,triplet,sorted,1024,31337,7047,126,0.5641,True,False
T_QQI,triplet,sorted,1024,65537,7047,126,0.5605,True,False
T_QQS,triplet,sorted,1024,42,12885,126,0.9534,True,False
T_QQS,triplet,sorted,1024,137,12885,126,0.9482,True,False
T_QQS,triplet,sorted,1024,1618,12885,126,0.9469,True,False
T_QQS,triplet,sorted,1024,2718,12885,126,0.9518,True,False
T_QQS,triplet,sorted,1024,3141,12885,126,0.9446,True,False
T_QQS,triplet,sorted,1024,9973,12885,126,0.9548,True,False
T_QQS,triplet,sorted,1024,31337,12885,126,0.9552,True,False
T_QQS,triplet,sorted,1024,65537,12885,126,0.9525,True,False
T_QRB,triplet,sorted,1024,42,3075,3193,0.7066,True,False
T_QRB,triplet,sorted,1024,137,3075,3193,0.7115,True,False
T_QRB,triplet,sorted,1024,1618,3075,3193,0.7053,True,False
T_QRB,triplet,sorted,1024,2718,3075,3193,0.7113,True,False
T_QRB,triplet,sorted,1024,3141,3075,3193,0.8142,True,False
T_QRB,triplet,sorted,1024,9973,3075,3193,0.7093,True,False
T_QRB,triplet,sorted,1024,31337,3075,3193,0.7069,True,False
T_QRB,triplet,sorted,1024,65537,3075,3193,0.7105,True,False
T_QRI,triplet,sorted,1024,42,3075,3193,0.7048,True,False
T_QRI,triplet,sorted,1024,137,3075,3193,0.7045,True,False
T_QRI,triplet,sorted,1024,1618,3075,3193,0.7055,True,False
T_QRI,triplet,sorted,1024,2718,3075,3193,0.7066,True,False
T_QRI,triplet,sorted,1024,3141,3075,3193,0.6975,True,False
T_QRI,triplet,sorted,1024,9973,3075,3193,0.6242,True,False
T_QRI,triplet,sorted,1024,31337,3075,3193,0.6259,True,False
T_QRI,triplet,sorted,1024,65537,3075,3193,0.6279,True,False
T_QRS,triplet,sorted,1024,42,3075,3193,0.6308,True,False
T_QRS,triplet,sorted,1024,137,3075,3193,0.6278,True,False
T_QRS,triplet,sorted,1024,1618,3075,3193,0.6298,True,False
T_QRS,triplet,sorted,1024,2718,3075,3193,0.631,True,False
T_QRS,triplet,sorted,1024,3141,3075,3193,0.6288,True,False
T_QRS,triplet,sorted,1024,9973,3075,3193,0.629,True,False
T_QRS,triplet,sorted,1024,31337,3075,3193,0.6436,True,False
T_QRS,triplet,sorted,1024,65537,3075,3193,0.6286,True,False
T_QSB,triplet,sorted,1024,42,67210,14,3.5967,True,False
T_QSB,triplet,sorted,1024,137,67210,14,3.5667,True,False
T_QSB,triplet,sorted,1024,1618,67210,14,3.5333,True,False
T_QSB,triplet,sorted,1024,2718,67210,14,3.89,True,False
T_QSB,triplet,sorted,1024,3141,67210,14,3.9297,True,False
T_QSB,triplet,sorted,1024,9973,67210,14,3.5422,True,False
T_QSB,triplet,sorted,1024,31337,67210,14,3.5111,True,False
T_QSB,triplet,sorted,1024,65537,67210,14,3.526,True,False
T_QSI,triplet,sorted,1024,42,67210,14,3.6542,True,False
T_QSI,triplet,sorted,1024,137,67210,14,3.5999,True,False
T_QSI,triplet,sorted,1024,1618,67210,14,3.5878,True,False
T_QSI,triplet,sorted,1024,2718,67210,14,3.6725,True,False
T_QSI,triplet,sorted,1024,3141,67210,14,3.5274,True,False
T_QSI,triplet,sorted,1024,9973,67210,14,3.6495,True,False
T_QSI,triplet,sorted,1024,31337,67210,14,3.4932,True,False
T_QSI,triplet,sorted,1024,65537,67210,14,3.5987,True,False
T_QSS,triplet,sorted,1024,42,67210,14,3.797,True,False
T_QSS,triplet,sorted,1024,137,67210,14,3.5163,True,False
T_QSS,triplet,sorted,1024,1618,67210,14,3.5331,True,False
T_QSS,triplet,sorted,1024,2718,67210,14,3.6517,True,False
T_QSS,triplet,sorted,1024,3141,67210,14,3.5098,True,False
T_QSS,triplet,sorted,1024,9973,67210,14,3.5615,True,False
T_QSS,triplet,sorted,1024,31337,67210,14,3.5556,True,False
T_QSS,triplet,sorted,1024,65537,67210,14,3.4904,True,False
TimCustom,base,sorted,1024,42,3552,5120,0.6006,True,False
TimCustom,base,sorted,1024,137,3552,5120,0.6015,True,False
TimCustom,base,sorted,1024,1618,3552,5120,0.5829,True,False
TimCustom,base,sorted,1024,2718,3552,5120,0.5845,True,False
TimCustom,base,sorted,1024,3141,3552,5120,0.5834,True,False
TimCustom,base,sorted,1024,9973,3552,5120,0.7727,True,False
TimCustom,base,sorted,1024,31337,3552,5120,0.5824,True,False
TimCustom,base,sorted,1024,65537,3552,5120,0.5951,True,False
Bubble,base,two_values,1024,42,,,,,True
Bubble,base,two_values,1024,137,,,,,True
Bubble,base,two_values,1024,1618,,,,,True
Bubble,base,two_values,1024,2718,,,,,True
Bubble,base,two_values,1024,3141,,,,,True
Bubble,base,two_values,1024,9973,,,,,True
Bubble,base,two_values,1024,31337,,,,,True
Bubble,base,two_values,1024,65537,,,,,True
Heap,base,two_values,1024,42,9829,4716,0.8569,True,False
Heap,base,two_values,1024,137,9825,4712,0.8457,True,False
Heap,base,two_values,1024,1618,9733,4655,0.8449,True,False
Heap,base,two_values,1024,2718,9656,4604,0.8313,True,False
Heap,base,two_values,1024,3141,9435,4473,0.8091,True,False
Heap,base,two_values,1024,9973,9820,4692,0.8583,True,False
Heap,base,two_values,1024,31337,9816,4693,0.8911,True,False
Heap,base,two_values,1024,65537,9560,4556,0.8212,True,False
Hybrid_Intro,hybrid,two_values,1024,42,7665,3026,0.7628,True,False
Hybrid_Intro,hybrid,two_values,1024,137,7730,3088,0.7735,True,False
Hybrid_Intro,hybrid,two_values,1024,1618,7605,3027,0.7807,True,False
Hybrid_Intro,hybrid,two_values,1024,2718,7732,3119,0.7702,True,False
Hybrid_Intro,hybrid,two_values,1024,3141,7722,3129,0.783,True,False
Hybrid_Intro,hybrid,two_values,1024,9973,7701,3114,0.7737,True,False
Hybrid_Intro,hybrid,two_values,1024,31337,7742,3101,0.7931,True,False
Hybrid_Intro,hybrid,two_values,1024,65537,7738,3120,0.7953,True,False
Hybrid_MI,hybrid,two_values,1024,42,7445,6599,1.0725,True,False
Hybrid_MI,hybrid,two_values,1024,137,7339,6577,1.1199,True,False
Hybrid_MI,hybrid,two_values,1024,1618,7312,6555,1.0851,True,False
Hybrid_MI,hybrid,two_values,1024,2718,7510,6593,1.0694,True,False
Hybrid_MI,hybrid,two_values,1024,3141,7530,6600,1.0607,True,False
Hybrid_MI,hybrid,two_values,1024,9973,7430,6563,1.0526,True,False
Hybrid_MI,hybrid,two_values,1024,31337,7321,6565,1.0452,True,False
Hybrid_MI,hybrid,two_values,1024,65537,7457,6607,1.0571,True,False
Hybrid_QI,hybrid,two_values,1024,42,7665,3026,0.7666,True,False
Hybrid_QI,hybrid,two_values,1024,137,7730,3088,0.7385,True,False
Hybrid_QI,hybrid,two_values,1024,1618,7605,3027,0.6816,True,False
Hybrid_QI,hybrid,two_values,1024,2718,7732,3119,0.7108,True,False
Hybrid_QI,hybrid,two_values,1024,3141,7722,3129,0.7024,True,False
Hybrid_QI,hybrid,two_values,1024,9973,7701,3114,0.7061,True,False
Hybrid_QI,hybrid,two_values,1024,31337,7742,3101,0.8065,True,False
Hybrid_QI,hybrid,two_values,1024,65537,7738,3120,0.7261,True,False
Hybrid_RI,hybrid,two_values,1024,42,0,1024,0.1622,True,False
Hybrid_RI,hybrid,two_values,1024,137,0,1024,0.164,True,False
Hybrid_RI,hybrid,two_values,1024,1618,0,1024,0.1644,True,False
Hybrid_RI,hybrid,two_values,1024,2718,0,1024,0.1624,True,False
Hybrid_RI,hybrid,two_values,1024,3141,0,1024,0.1653,True,False
Hybrid_RI,hybrid,two_values,1024,9973,0,1024,0.1623,True,False
Hybrid_RI,hybrid,two_values,1024,31337,0,1024,0.1644,True,False
Hybrid_RI,hybrid,two_values,1024,65537,0,1024,0.1624,True,False
Insertion,base,two_values,1024,42,122868,122349,8.9896,True,False
Insertion,base,two_values,1024,137,133127,132589,9.5394,True,False
Insertion,base,two_values,1024,1618,130997,130456,9.2948,True,False
Insertion,base,two_values,1024,2718,132840,132335,9.4618,True,False
Insertion,base,two_values,1024,3141,141031,140535,10.0738,True,False
Insertion,base,two_values,1024,9973,139869,139326,10.5169,True,False
Insertion,base,two_values,1024,31337,131629,131095,11.5371,True,False
Insertion,base,two_values,1024,65537,133047,132541,10.7555,True,False
Merge,base,two_values,1024,42,7197,10240,1.4243,True,False
Merge,base,two_values,1024,137,7180,10240,1.4245,True,False
Merge,base,two_values,1024,1618,7154,10240,1.4487,True,False
Merge,base,two_values,1024,2718,7315,10240,1.4393,True,False
Merge,base,two_values,1024,3141,7327,10240,1.4143,True,False
Merge,base,two_values,1024,9973,7164,10240,1.3952,True,False
Merge,base,two_values,1024,31337,7161,10240,1.38,True,False
Merge,base,two_values,1024,65537,7264,10240,1.3988,True,False
Quick,base,two_values,1024,42,8930,3922,0.8482,True,False
Quick,base,two_values,1024,137,8928,3947,1.0014,True,False
Quick,base,two_values,1024,1618,8915,3940,0.9444,True,False
Quick,base,two_values,1024,2718,8893,3965,0.9499,True,False
Quick,base,two_values,1024,3141,8885,3977,0.8933,True,False
Quick,base,two_values,1024,9973,8908,3990,0.9126,True,False
Quick,base,two_values,1024,31337,8935,3970,0.881,True,False
Quick,base,two_values,1024,65537,8892,3963,0.8811,True,False
Radix,base,two_values,1024,42,0,1024,0.1474,True,False
Radix,base,two_values,1024,137,0,1024,0.1666,True,False
Radix,base,two_values,1024,1618,0,1024,0.1489,True,False
Radix,base,two_values,1024,2718,0,1024,0.1745,True,False
Radix,base,two_values,1024,3141,0,1024,0.1779,True,False
Radix,base,two_values,1024,9973,0,1024,0.17,True,False
Radix,base,two_values,1024,31337,0,1024,0.1733,True,False
Radix,base,two_values,1024,65537,0,1024,0.1709,True,False
Selection,base,two_values,1024,42,,,,,True
Selection,base,two_values,1024,137,,,,,True
Selection,base,two_values,1024,1618,,,,,True
Selection,base,two_values,1024,2718,,,,,True
Selection,base,two_values,1024,3141,,,,,True
Selection,base,two_values,1024,9973,,,,,True
Selection,base,two_values,1024,31337,,,,,True
Selection,base,two_values,1024,65537,,,,,True
T_MHB,triplet,two_values,1024,42,9283,6390,1.1484,True,False
T_MHB,triplet,two_values,1024,137,9361,6444,1.0243,True,False
T_MHB,triplet,two_values,1024,1618,9290,6391,1.0113,True,False
T_MHB,triplet,two_values,1024,2718,9321,6373,1.1288,True,False
T_MHB,triplet,two_values,1024,3141,9224,6292,1.1213,True,False
T_MHB,triplet,two_values,1024,9973,9378,6457,1.1557,True,False
T_MHB,triplet,two_values,1024,31337,9310,6416,1.1378,True,False
T_MHB,triplet,two_values,1024,65537,9261,6350,1.1236,True,False
T_MHI,triplet,two_values,1024,42,9283,6390,1.1275,True,False
T_MHI,triplet,two_values,1024,137,9361,6444,1.0128,True,False
T_MHI,triplet,two_values,1024,1618,9290,6391,1.1093,True,False
T_MHI,triplet,two_values,1024,2718,9321,6373,1.111,True,False
T_MHI,triplet,two_values,1024,3141,9224,6292,1.1359,True,False
T_MHI,triplet,two_values,1024,9973,9378,6457,1.164,True,False
T_MHI,triplet,two_values,1024,31337,9310,6416,1.1149,True,False
T_MHI,triplet,two_values,1024,65537,9261,6350,1.1054,True,False
T_MHS,triplet,two_values,1024,42,9283,6390,1.1102,True,False
T_MHS,triplet,two_values,1024,137,9361,6444,1.1312,True,False
T_MHS,triplet,two_values,1024,1618,9290,6391,1.106,True,False
T_MHS,triplet,two_values,1024,2718,9321,6373,1.1567,True,False
T_MHS,triplet,two_values,1024,3141,9224,6292,1.1607,True,False
T_MHS,triplet,two_values,1024,9973,9378,6457,1.1466,True,False
T_MHS,triplet,two_values,1024,31337,9310,6416,1.1184,True,False
T_MHS,triplet,two_values,1024,65537,9261,6350,1.1138,True,False
T_MIB,triplet,two_values,1024,42,18207,17991,1.9635,True,False
T_MIB,triplet,two_values,1024,137,19213,19000,2.0523,True,False
T_MIB,triplet,two_values,1024,1618,19813,19614,2.3145,True,False
T_MIB,triplet,two_values,1024,2718,19767,19505,2.3317,True,False
T_MIB,triplet,two_values,1024,3141,19952,19658,2.3664,True,False
T_MIB,triplet,two_values,1024,9973,20131,19929,2.2326,True,False
T_MIB,triplet,two_values,1024,31337,18538,18330,1.9402,True,False
T_MIB,triplet,two_values,1024,65537,19199,18951,2.0022,True,False
T_MII,triplet,two_values,1024,42,18207,17991,2.0536,True,False
T_MII,triplet,two_values,1024,137,19213,19000,2.1796,True,False
T_MII,triplet,two_values,1024,1618,19813,19614,2.0737,True,False
T_MII,triplet,two_values,1024,2718,19767,19505,2.059,True,False
T_MII,triplet,two_values,1024,3141,19952,19658,2.0678,True,False
T_MII,triplet,two_values,1024,9973,20131,19929,2.1005,True,False
T_MII,triplet,two_values,1024,31337,18538,18330,1.937,True,False
T_MII,triplet,two_values,1024,65537,19199,18951,2.0641,True,False
T_MIS,triplet,two_values,1024,42,18207,17991,2.0213,True,False
T_MIS,triplet,two_values,1024,137,19213,19000,2.0169,True,False
T_MIS,triplet,two_values,1024,1618,19813,19614,2.34,True,False
T_MIS,triplet,two_values,1024,2718,19767,19505,2.3209,True,False
T_MIS,triplet,two_values,1024,3141,19952,19658,2.1267,True,False
T_MIS,triplet,two_values,1024,9973,20131,19929,2.1836,True,False
T_MIS,triplet,two_values,1024,31337,18538,18330,1.96,True,False
T_MIS,triplet,two_values,1024,65537,19199,18951,2.144,True,False
T_MMB,triplet,two_values,1024,42,10300,8126,1.2264,True,False
T_MMB,triplet,two_values,1024,137,10362,8014,1.2096,True,False
T_MMB,triplet,two_values,1024,1618,10552,7999,1.3338,True,False
T_MMB,triplet,two_values,1024,2718,10377,8074,1.2226,True,False
T_MMB,triplet,two_values,1024,3141,10364,8071,1.2197,True,False
T_MMB,triplet,two_values,1024,9973,10472,8107,1.2819,True,False
T_MMB,triplet,two_values,1024,31337,10461,8005,1.2247,True,False
T_MMB,triplet,two_values,1024,65537,10293,8072,1.2147,True,False
T_MMI,triplet,two_values,1024,42,7445,8126,0.988,True,False
T_MMI,triplet,two_values,1024,137,7339,8014,0.994,True,False
T_MMI,triplet,two_values,1024,1618,7312,7999,0.9661,True,False
T_MMI,triplet,two_values,1024,2718,7510,8074,0.9855,True,False
T_MMI,triplet,two_values,1024,3141,7530,8071,1.0169,True,False
T_MMI,triplet,two_values,1024,9973,7430,8107,1.0315,True,False
T_MMI,triplet,two_values,1024,31337,7321,8005,0.9712,True,False
T_MMI,triplet,two_values,1024,65537,7457,8072,0.9753,True,False
T_MMS,triplet,two_values,1024,42,12216,6599,1.2495,True,False
T_MMS,triplet,two_values,1024,137,12222,6577,1.2347,True,False
T_MMS,triplet,two_values,1024,1618,12206,6555,1.2902,True,False
T_MMS,triplet,two_values,1024,2718,12330,6593,1.3449,True,False
T_MMS,triplet,two_values,1024,3141,12359,6600,1.2802,True,False
T_MMS,triplet,two_values,1024,9973,12220,6563,1.2671,True,False
T_MMS,triplet,two_values,1024,31337,12208,6565,1.2561,True,False
T_MMS,triplet,two_values,1024,65537,12282,6607,1.307,True,False
T_MQB,triplet,two_values,1024,42,7181,4777,0.8452,True,False
T_MQB,triplet,two_values,1024,137,7135,4732,0.818,True,False
T_MQB,triplet,two_values,1024,1618,7152,4742,0.8126,True,False
T_MQB,triplet,two_values,1024,2718,7190,4731,0.8062,True,False
T_MQB,triplet,two_values,1024,3141,7267,4795,0.8104,True,False
T_MQB,triplet,two_values,1024,9973,7028,4706,0.8148,True,False
T_MQB,triplet,two_values,1024,31337,7237,4793,0.9325,True,False
T_MQB,triplet,two_values,1024,65537,7150,4755,0.8008,True,False
T_MQI,triplet,two_values,1024,42,6983,4777,0.8022,True,False
T_MQI,triplet,two_values,1024,137,6980,4732,0.8181,True,False
T_MQI,triplet,two_values,1024,1618,6935,4742,0.8187,True,False
T_MQI,triplet,two_values,1024,2718,7002,4731,0.806,True,False
T_MQI,triplet,two_values,1024,3141,7066,4795,0.8409,True,False
T_MQI,triplet,two_values,1024,9973,6928,4706,0.8462,True,False
T_MQI,triplet,two_values,1024,31337,7066,4793,0.8681,True,False
T_MQI,triplet,two_values,1024,65537,7028,4755,1.0022,True,False
T_MQS,triplet,two_values,1024,42,10811,4645,1.0696,True,False
T_MQS,triplet,two_values,1024,137,10421,4678,1.0477,True,False
T_MQS,triplet,two_values,1024,1618,10552,4673,1.0797,True,False
T_MQS,triplet,two_values,1024,2718,10758,4648,1.1874,True,False
T_MQS,triplet,two_values,1024,3141,10626,4689,1.0958,True,False
T_MQS,triplet,two_values,1024,9973,10705,4645,1.0838,True,False
T_MQS,triplet,two_values,1024,31337,10162,4721,1.0529,True,False
T_MQS,triplet,two_values,1024,65537,10575,4680,1.0636,True,False
T_MRB,triplet,two_values,1024,42,2276,4096,0.5021,True,False
T_MRB,triplet,two_values,1024,137,2274,4096,0.5364,True,False
T_MRB,triplet,two_values,1024,1618,2256,4096,0.5801,True,False
T_MRB,triplet,two_values,1024,2718,2321,4096,0.5768,True,False
T_MRB,triplet,two_values,1024,3141,2355,4096,0.5694,True,False
T_MRB,triplet,two_values,1024,9973,2261,4096,0.5584,True,False
T_MRB,triplet,two_values,1024,31337,2268,4096,0.5596,True,False
T_MRB,triplet,two_values,1024,65537,2311,4096,0.5623,True,False
T_MRI,triplet,two_values,1024,42,2276,4096,0.5642,True,False
T_MRI,triplet,two_values,1024,137,2274,4096,0.5605,True,False
T_MRI,triplet,two_values,1024,1618,2256,4096,0.5627,True,False
T_MRI,triplet,two_values,1024,2718,2321,4096,0.5619,True,False
T_MRI,triplet,two_values,1024,3141,2355,4096,0.5621,True,False
T_MRI,triplet,two_values,1024,9973,2261,4096,0.5585,True,False
T_MRI,triplet,two_values,1024,31337,2268,4096,0.5572,True,False
T_MRI,triplet,two_values,1024,65537,2311,4096,0.5652,True,False
T_MRS,triplet,two_values,1024,42,2276,4096,0.5912,True,False
T_MRS,triplet,two_values,1024,137,2274,4096,0.5558,True,False
T_MRS,triplet,two_values,1024,1618,2256,4096,0.5539,True,False
T_MRS,triplet,two_values,1024,2718,2321,4096,0.562,True,False
T_MRS,triplet,two_values,1024,3141,2355,4096,0.5657,True,False
T_MRS,triplet,two_values,1024,9973,2261,4096,0.5565,True,False
T_MRS,triplet,two_values,1024,31337,2268,4096,0.5572,True,False
T_MRS,triplet,two_values,1024,65537,2311,4096,0.5728,True,False
T_MSB,triplet,two_values,1024,42,67300,3569,4.513,True,False
T_MSB,triplet,two_values,1024,137,67298,3555,4.1674,True,False
T_MSB,triplet,two_values,1024,1618,67280,3541,4.1107,True,False
T_MSB,triplet,two_values,1024,2718,67345,3581,4.0163,True,False
T_MSB,triplet,two_values,1024,3141,67379,3593,4.0978,True,False
T_MSB,triplet,two_values,1024,9973,67285,3542,3.9561,True,False
T_MSB,triplet,two_values,1024,31337,67292,3556,4.0169,True,False
T_MSB,triplet,two_values,1024,65537,67335,3587,3.9885,True,False
T_MSI,triplet,two_values,1024,42,67300,3569,4.079,True,False
T_MSI,triplet,two_values,1024,137,67298,3555,3.9331,True,False
T_MSI,triplet,two_values,1024,1618,67280,3541,4.3739,True,False
T_MSI,triplet,two_values,1024,2718,67345,3581,4.4689,True,False
T_MSI,triplet,two_values,1024,3141,67379,3593,4.0086,True,False
T_MSI,triplet,two_values,1024,9973,67285,3542,3.9279,True,False
T_MSI,triplet,two_values,1024,31337,67292,3556,3.9134,True,False
T_MSI,triplet,two_values,1024,65537,67335,3587,3.9696,True,False
T_MSS,triplet,two_values,1024,42,67300,3569,3.9879,True,False
T_MSS,triplet,two_values,1024,137,67298,3555,3.9853,True,False
T_MSS,triplet,two_values,1024,1618,67280,3541,3.8996,True,False
T_MSS,triplet,two_values,1024,2718,67345,3581,3.9718,True,False
T_MSS,triplet,two_values,1024,3141,67379,3593,3.9714,True,False
T_MSS,triplet,two_values,1024,9973,67285,3542,3.962,True,False
T_MSS,triplet,two_values,1024,31337,67292,3556,3.9697,True,False
T_MSS,triplet,two_values,1024,65537,67335,3587,4.0024,True,False
T_QHB,triplet,two_values,1024,42,7083,2725,0.6477,True,False
T_QHB,triplet,two_values,1024,137,7131,2782,0.6704,True,False
T_QHB,triplet,two_values,1024,1618,7162,2806,0.6614,True,False
T_QHB,triplet,two_values,1024,2718,7263,2878,0.6774,True,False
T_QHB,triplet,two_values,1024,3141,7182,2839,0.6592,True,False
T_QHB,triplet,two_values,1024,9973,7103,2788,0.6597,True,False
T_QHB,triplet,two_values,1024,31337,7112,2771,0.6466,True,False
T_QHB,triplet,two_values,1024,65537,7043,2735,0.6463,True,False
T_QHI,triplet,two_values,1024,42,7083,2725,0.6645,True,False
T_QHI,triplet,two_values,1024,137,7131,2782,0.6558,True,False
T_QHI,triplet,two_values,1024,1618,7162,2806,0.6524,True,False
T_QHI,triplet,two_values,1024,2718,7263,2878,0.6644,True,False
T_QHI,triplet,two_values,1024,3141,7182,2839,0.6723,True,False
T_QHI,triplet,two_values,1024,9973,7103,2788,0.7936,True,False
T_QHI,triplet,two_values,1024,31337,7112,2771,0.7541,True,False
T_QHI,triplet,two_values,1024,65537,7043,2735,0.7366,True,False
T_QHS,triplet,two_values,1024,42,7083,2725,0.7309,True,False
T_QHS,triplet,two_values,1024,137,7131,2782,0.7373,True,False
T_QHS,triplet,two_values,1024,1618,7162,2806,0.7798,True,False
T_QHS,triplet,two_values,1024,2718,7263,2878,0.7621,True,False
T_QHS,triplet,two_values,1024,3141,7182,2839,0.7369,True,False
T_QHS,triplet,two_values,1024,9973,7103,2788,0.7335,True,False
T_QHS,triplet,two_values,1024,31337,7112,2771,0.727,True,False
T_QHS,triplet,two_values,1024,65537,7043,2735,0.7246,True,False
T_QIB,triplet,two_values,1024,42,5967,2708,0.6212,True,False
T_QIB,triplet,two_values,1024,137,5808,2534,0.5983,True,False
T_QIB,triplet,two_values,1024,1618,5707,2423,0.5798,True,False
T_QIB,triplet,two_values,1024,2718,5826,2564,0.6166,True,False
T_QIB,triplet,two_values,1024,3141,6061,2813,0.6315,True,False
T_QIB,triplet,two_values,1024,9973,5848,2598,0.6093,True,False
T_QIB,triplet,two_values,1024,31337,5662,2380,0.5862,True,False
T_QIB,triplet,two_values,1024,65537,5753,2489,0.5956,True,False
T_QII,triplet,two_values,1024,42,5967,2708,0.6162,True,False
T_QII,triplet,two_values,1024,137,5808,2534,0.596,True,False
T_QII,triplet,two_values,1024,1618,5707,2423,0.5936,True,False
T_QII,triplet,two_values,1024,2718,5826,2564,0.6086,True,False
T_QII,triplet,two_values,1024,3141,6061,2813,0.639,True,False
T_QII,triplet,two_values,1024,9973,5848,2598,0.6112,True,False
T_QII,triplet,two_values,1024,31337,5662,2380,0.5813,True,False
T_QII,triplet,two_values,1024,65537,5753,2489,0.5963,True,False
T_QIS,triplet,two_values,1024,42,5967,2708,0.6179,True,False
T_QIS,triplet,two_values,1024,137,5808,2534,0.7327,True,False
T_QIS,triplet,two_values,1024,1618,5707,2423,0.5901,True,False
T_QIS,triplet,two_values,1024,2718,5826,2564,0.541,True,False
T_QIS,triplet,two_values,1024,3141,6061,2813,0.5618,True,False
T_QIS,triplet,two_values,1024,9973,5848,2598,0.5357,True,False
T_QIS,triplet,two_values,1024,31337,5662,2380,0.5241,True,False
T_QIS,triplet,two_values,1024,65537,5753,2489,0.5612,True,False
T_QMB,triplet,two_values,1024,42,6602,4664,0.8617,True,False
T_QMB,triplet,two_values,1024,137,6636,4716,0.799,True,False
T_QMB,triplet,two_values,1024,1618,6619,4569,0.763,True,False
T_QMB,triplet,two_values,1024,2718,6711,4744,0.7848,True,False
T_QMB,triplet,two_values,1024,3141,6658,4738,0.7797,True,False
T_QMB,triplet,two_values,1024,9973,6634,4738,0.7726,True,False
T_QMB,triplet,two_values,1024,31337,6659,4718,0.7823,True,False
T_QMB,triplet,two_values,1024,65537,6633,4730,0.781,True,False
T_QMI,triplet,two_values,1024,42,6447,4664,0.7754,True,False
T_QMI,triplet,two_values,1024,137,6514,4716,0.7856,True,False
T_QMI,triplet,two_values,1024,1618,6428,4569,0.777,True,False
T_QMI,triplet,two_values,1024,2718,6477,4744,0.8037,True,False
T_QMI,triplet,two_values,1024,3141,6479,4738,0.7858,True,False
T_QMI,triplet,two_values,1024,9973,6514,4738,0.7858,True,False
T_QMI,triplet,two_values,1024,31337,6533,4718,0.8405,True,False
T_QMI,triplet,two_values,1024,65537,6541,4730,0.9122,True,False
T_QMS,triplet,two_values,1024,42,10722,4581,1.2039,True,False
T_QMS,triplet,two_values,1024,137,10215,4655,1.1782,True,False
T_QMS,triplet,two_values,1024,1618,10720,4506,1.193,True,False
T_QMS,triplet,two_values,1024,2718,10145,4648,1.2046,True,False
T_QMS,triplet,two_values,1024,3141,10150,4657,1.2498,True,False
T_QMS,triplet,two_values,1024,9973,10185,4676,1.2057,True,False
T_QMS,triplet,two_values,1024,31337,10216,4660,1.1731,True,False
T_QMS,triplet,two_values,1024,65537,10223,4675,1.1694,True,False
T_QQB,triplet,two_values,1024,42,7691,3045,0.749,True,False
T_QQB,triplet,two_values,1024,137,7730,3088,0.7336,True,False
T_QQB,triplet,two_values,1024,1618,7615,3029,0.7184,True,False
T_QQB,triplet,two_values,1024,2718,7737,3129,0.751,True,False
T_QQB,triplet,two_values,1024,3141,7733,3135,0.8167,True,False
T_QQB,triplet,two_values,1024,9973,7719,3122,0.7854,True,False
T_QQB,triplet,two_values,1024,31337,7808,3111,0.7458,True,False
T_QQB,triplet,two_values,1024,65537,7757,3135,0.7601,True,False
T_QQI,triplet,two_values,1024,42,7665,3045,0.7552,True,False
T_QQI,triplet,two_values,1024,137,7730,3088,0.8314,True,False
T_QQI,triplet,two_values,1024,1618,7605,3029,0.8662,True,False
T_QQI,triplet,two_values,1024,2718,7732,3129,0.8485,True,False
T_QQI,triplet,two_values,1024,3141,7722,3135,0.8568,True,False
T_QQI,triplet,two_values,1024,9973,7701,3122,0.8571,True,False
T_QQI,triplet,two_values,1024,31337,7742,3111,0.8716,True,False
T_QQI,triplet,two_values,1024,65537,7738,3135,0.8592,True,False
T_QQS,triplet,two_values,1024,42,11271,3033,1.0671,True,False
T_QQS,triplet,two_values,1024,137,10903,3088,0.9733,True,False
T_QQS,triplet,two_values,1024,1618,11345,3029,0.9908,True,False
T_QQS,triplet,two_values,1024,2718,10762,3125,0.9761,True,False
T_QQS,triplet,two_values,1024,3141,10735,3134,0.9655,True,False
T_QQS,triplet,two_values,1024,9973,10863,3117,0.9494,True,False
T_QQS,triplet,two_values,1024,31337,10848,3102,1.0056,True,False
T_QQS,triplet,two_values,1024,65537,10750,3124,0.9777,True,False
T_QRB,triplet,two_values,1024,42,3806,2120,0.4295,True,False
T_QRB,triplet,two_values,1024,137,3913,2223,0.4415,True,False
T_QRB,triplet,two_values,1024,1618,3925,2212,0.4356,True,False
T_QRB,triplet,two_values,1024,2718,3902,2166,0.4251,True,False
T_QRB,triplet,two_values,1024,3141,3896,2170,0.4248,True,False
T_QRB,triplet,two_values,1024,9973,3905,2245,0.4432,True,False
T_QRB,triplet,two_values,1024,31337,3918,2227,0.4399,True,False
T_QRB,triplet,two_values,1024,65537,3897,2209,0.4355,True,False
T_QRI,triplet,two_values,1024,42,3806,2120,0.426,True,False
T_QRI,triplet,two_values,1024,137,3913,2223,0.4462,True,False
T_QRI,triplet,two_values,1024,1618,3925,2212,0.4382,True,False
T_QRI,triplet,two_values,1024,2718,3902,2166,0.4297,True,False
T_QRI,triplet,two_values,1024,3141,3896,2170,0.4288,True,False
T_QRI,triplet,two_values,1024,9973,3905,2245,0.5048,True,False
T_QRI,triplet,two_values,1024,31337,3918,2227,0.4419,True,False
T_QRI,triplet,two_values,1024,65537,3897,2209,0.4429,True,False
T_QRS,triplet,two_values,1024,42,3806,2120,0.4243,True,False
T_QRS,triplet,two_values,1024,137,3913,2223,0.4382,True,False
T_QRS,triplet,two_values,1024,1618,3925,2212,0.463,True,False
T_QRS,triplet,two_values,1024,2718,3902,2166,0.4556,True,False
T_QRS,triplet,two_values,1024,3141,3896,2170,0.4564,True,False
T_QRS,triplet,two_values,1024,9973,3905,2245,0.5028,True,False
T_QRS,triplet,two_values,1024,31337,3918,2227,0.4487,True,False
T_QRS,triplet,two_values,1024,65537,3897,2209,0.4517,True,False
T_QSB,triplet,two_values,1024,42,48448,1605,2.7326,True,False
T_QSB,triplet,two_values,1024,137,43349,1693,2.4302,True,False
T_QSB,triplet,two_values,1024,1618,43770,1677,2.4709,True,False
T_QSB,triplet,two_values,1024,2718,43554,1665,2.4332,True,False
T_QSB,triplet,two_values,1024,3141,43459,1676,2.4785,True,False
T_QSB,triplet,two_values,1024,9973,43230,1705,2.3712,True,False
T_QSB,triplet,two_values,1024,31337,43444,1698,2.4212,True,False
T_QSB,triplet,two_values,1024,65537,44028,1707,2.5083,True,False
T_QSI,triplet,two_values,1024,42,48448,1605,2.7662,True,False
T_QSI,triplet,two_values,1024,137,43349,1693,2.437,True,False
T_QSI,triplet,two_values,1024,1618,43770,1677,2.4576,True,False
T_QSI,triplet,two_values,1024,2718,43554,1665,2.6003,True,False
T_QSI,triplet,two_values,1024,3141,43459,1676,2.8248,True,False
T_QSI,triplet,two_values,1024,9973,43230,1705,2.5128,True,False
T_QSI,triplet,two_values,1024,31337,43444,1698,2.6493,True,False
T_QSI,triplet,two_values,1024,65537,44028,1707,2.5639,True,False
T_QSS,triplet,two_values,1024,42,48448,1605,2.8138,True,False
T_QSS,triplet,two_values,1024,137,43349,1693,2.4436,True,False
T_QSS,triplet,two_values,1024,1618,43770,1677,2.4731,True,False
T_QSS,triplet,two_values,1024,2718,43554,1665,2.558,True,False
T_QSS,triplet,two_values,1024,3141,43459,1676,2.7372,True,False
T_QSS,triplet,two_values,1024,9973,43230,1705,2.7289,True,False
T_QSS,triplet,two_values,1024,31337,43444,1698,2.7288,True,False
T_QSS,triplet,two_values,1024,65537,44028,1707,2.7846,True,False
TimCustom,base,two_values,1024,42,8586,9427,1.1412,True,False
TimCustom,base,two_values,1024,137,8847,9676,1.1645,True,False
TimCustom,base,two_values,1024,1618,8850,9675,1.1798,True,False
TimCustom,base,two_values,1024,2718,8951,9706,1.0948,True,False
TimCustom,base,two_values,1024,3141,8800,9517,1.0268,True,False
TimCustom,base,two_values,1024,9973,8916,9737,1.0399,True,False
TimCustom,base,two_values,1024,31337,8660,9499,1.0358,True,False
TimCustom,base,two_values,1024,65537,8574,9368,1.0117,True,False
